05/15/2016 00:00:00 PDT,n/a,n/a,n/a
05/15/2016 00:15:00 PDT,n/a,n/a,n/a
05/15/2016 00:30:00 PDT,n/a,n/a,n/a
05/15/2016 00:45:00 PDT,n/a,n/a,n/a
05/15/2016 01:00:00 PDT,n/a,n/a,n/a
05/15/2016 01:15:00 PDT,n/a,n/a,n/a
05/15/2016 01:30:00 PDT,n/a,n/a,n/a
05/15/2016 01:45:00 PDT,n/a,n/a,n/a
05/15/2016 02:00:00 PDT,n/a,n/a,n/a
05/15/2016 02:15:00 PDT,n/a,n/a,n/a
05/15/2016 02:30:00 PDT,n/a,n/a,n/a
05/15/2016 02:45:00 PDT,n/a,n/a,n/a
05/15/2016 03:00:00 PDT,n/a,n/a,n/a
05/15/2016 03:15:00 PDT,n/a,n/a,n/a
05/15/2016 03:30:00 PDT,n/a,n/a,n/a
05/15/2016 03:45:00 PDT,n/a,n/a,n/a
05/15/2016 04:00:00 PDT,n/a,n/a,n/a
05/15/2016 04:15:00 PDT,n/a,n/a,n/a
05/15/2016 04:30:00 PDT,n/a,n/a,n/a
05/15/2016 04:45:00 PDT,n/a,n/a,n/a
05/15/2016 05:00:00 PDT,n/a,n/a,n/a
05/15/2016 05:15:00 PDT,n/a,n/a,n/a
05/15/2016 05:30:00 PDT,n/a,n/a,n/a
05/15/2016 05:45:00 PDT,n/a,n/a,n/a
05/15/2016 06:00:00 PDT,n/a,n/a,n/a
05/15/2016 06:15:00 PDT,n/a,n/a,n/a
05/15/2016 06:30:00 PDT,n/a,n/a,n/a
05/15/2016 06:45:00 PDT,n/a,n/a,n/a
05/15/2016 07:00:00 PDT,n/a,n/a,n/a
05/15/2016 07:15:00 PDT,n/a,n/a,n/a
05/15/2016 07:30:00 PDT,n/a,n/a,n/a
05/15/2016 07:45:00 PDT,n/a,n/a,n/a
05/15/2016 08:00:00 PDT,n/a,n/a,n/a
05/15/2016 08:15:00 PDT,n/a,n/a,n/a
05/15/2016 08:30:00 PDT,n/a,n/a,n/a
05/15/2016 08:45:00 PDT,n/a,n/a,n/a
05/15/2016 09:00:00 PDT,n/a,n/a,n/a
05/15/2016 09:15:00 PDT,n/a,n/a,n/a
05/15/2016 09:30:00 PDT,n/a,n/a,n/a
05/15/2016 09:45:00 PDT,n/a,n/a,n/a
05/15/2016 10:00:00 PDT,n/a,n/a,n/a
05/15/2016 10:15:00 PDT,n/a,n/a,n/a
05/15/2016 10:30:00 PDT,n/a,n/a,n/a
05/15/2016 10:45:00 PDT,n/a,n/a,n/a
05/15/2016 11:00:00 PDT,n/a,n/a,n/a
05/15/2016 11:15:00 PDT,n/a,n/a,n/a
05/15/2016 11:30:00 PDT,n/a,n/a,n/a
05/15/2016 11:45:00 PDT,n/a,n/a,n/a
05/15/2016 12:00:00 PDT,n/a,n/a,n/a
05/15/2016 12:15:00 PDT,n/a,n/a,n/a
05/15/2016 12:30:00 PDT,n/a,n/a,n/a
05/15/2016 12:45:00 PDT,n/a,n/a,n/a
05/15/2016 13:00:00 PDT,n/a,n/a,n/a
05/15/2016 13:15:00 PDT,n/a,n/a,n/a
05/15/2016 13:30:00 PDT,n/a,n/a,n/a
05/15/2016 13:45:00 PDT,n/a,n/a,n/a
05/15/2016 14:00:00 PDT,n/a,n/a,n/a
05/15/2016 14:15:00 PDT,n/a,n/a,n/a
05/15/2016 14:30:00 PDT,n/a,n/a,n/a
05/15/2016 14:45:00 PDT,n/a,n/a,n/a
05/15/2016 15:00:00 PDT,n/a,n/a,n/a
05/15/2016 15:15:00 PDT,n/a,n/a,n/a
05/15/2016 15:30:00 PDT,n/a,n/a,n/a
05/15/2016 15:45:00 PDT,n/a,n/a,n/a
05/15/2016 16:00:00 PDT,n/a,n/a,n/a
05/15/2016 16:15:00 PDT,n/a,n/a,n/a
05/15/2016 16:30:00 PDT,n/a,n/a,n/a
05/15/2016 16:45:00 PDT,n/a,n/a,n/a
05/15/2016 17:00:00 PDT,n/a,n/a,n/a
05/15/2016 17:15:00 PDT,n/a,n/a,n/a
05/15/2016 17:30:00 PDT,n/a,n/a,n/a
05/15/2016 17:45:00 PDT,n/a,n/a,n/a
05/15/2016 18:00:00 PDT,n/a,n/a,n/a
05/15/2016 18:15:00 PDT,n/a,n/a,n/a
05/15/2016 18:30:00 PDT,n/a,n/a,n/a
05/15/2016 18:45:00 PDT,n/a,n/a,n/a
05/15/2016 19:00:00 PDT,n/a,n/a,n/a
05/15/2016 19:15:00 PDT,n/a,n/a,n/a
05/15/2016 19:30:00 PDT,n/a,n/a,n/a
05/15/2016 19:45:00 PDT,n/a,n/a,n/a
05/15/2016 20:00:00 PDT,n/a,n/a,n/a
05/15/2016 20:15:00 PDT,n/a,n/a,n/a
05/15/2016 20:30:00 PDT,n/a,n/a,n/a
05/15/2016 20:45:00 PDT,n/a,n/a,n/a
05/15/2016 21:00:00 PDT,n/a,n/a,n/a
05/15/2016 21:15:00 PDT,n/a,n/a,n/a
05/15/2016 21:30:00 PDT,n/a,n/a,n/a
05/15/2016 21:45:00 PDT,n/a,n/a,n/a
05/15/2016 22:00:00 PDT,n/a,n/a,n/a
05/15/2016 22:15:00 PDT,n/a,n/a,n/a
05/15/2016 22:30:00 PDT,n/a,n/a,n/a
05/15/2016 22:45:00 PDT,n/a,n/a,n/a
05/15/2016 23:00:00 PDT,n/a,n/a,n/a
05/15/2016 23:15:00 PDT,n/a,n/a,n/a
05/15/2016 23:30:00 PDT,n/a,n/a,n/a
05/15/2016 23:45:00 PDT,n/a,n/a,n/a
05/16/2016 00:00:00 PDT,n/a,n/a,n/a
05/16/2016 00:15:00 PDT,n/a,n/a,n/a
05/16/2016 00:30:00 PDT,n/a,n/a,n/a
05/16/2016 00:45:00 PDT,n/a,n/a,n/a
05/16/2016 01:00:00 PDT,n/a,n/a,n/a
05/16/2016 01:15:00 PDT,n/a,n/a,n/a
05/16/2016 01:30:00 PDT,n/a,n/a,n/a
05/16/2016 01:45:00 PDT,n/a,n/a,n/a
05/16/2016 02:00:00 PDT,n/a,n/a,n/a
05/16/2016 02:15:00 PDT,n/a,n/a,n/a
05/16/2016 02:30:00 PDT,n/a,n/a,n/a
05/16/2016 02:45:00 PDT,n/a,n/a,n/a
05/16/2016 03:00:00 PDT,n/a,n/a,n/a
05/16/2016 03:15:00 PDT,n/a,n/a,n/a
05/16/2016 03:30:00 PDT,n/a,n/a,n/a
05/16/2016 03:45:00 PDT,n/a,n/a,n/a
05/16/2016 04:00:00 PDT,n/a,n/a,n/a
05/16/2016 04:15:00 PDT,n/a,n/a,n/a
05/16/2016 04:30:00 PDT,n/a,n/a,n/a
05/16/2016 04:45:00 PDT,n/a,n/a,n/a
05/16/2016 05:00:00 PDT,n/a,n/a,n/a
05/16/2016 05:15:00 PDT,n/a,n/a,n/a
05/16/2016 05:30:00 PDT,n/a,n/a,n/a
05/16/2016 05:45:00 PDT,n/a,n/a,n/a
05/16/2016 06:00:00 PDT,n/a,n/a,n/a
05/16/2016 06:15:00 PDT,n/a,n/a,n/a
05/16/2016 06:30:00 PDT,n/a,n/a,n/a
05/16/2016 06:45:00 PDT,n/a,n/a,n/a
05/16/2016 07:00:00 PDT,n/a,n/a,n/a
05/16/2016 07:15:00 PDT,n/a,n/a,n/a
05/16/2016 07:30:00 PDT,n/a,n/a,n/a
05/16/2016 07:45:00 PDT,n/a,n/a,n/a
05/16/2016 08:00:00 PDT,n/a,n/a,n/a
05/16/2016 08:15:00 PDT,n/a,n/a,n/a
05/16/2016 08:30:00 PDT,n/a,n/a,n/a
05/16/2016 08:45:00 PDT,n/a,n/a,n/a
05/16/2016 09:00:00 PDT,n/a,n/a,n/a
05/16/2016 09:15:00 PDT,n/a,n/a,n/a
05/16/2016 09:30:00 PDT,n/a,n/a,n/a
05/16/2016 09:45:00 PDT,n/a,n/a,n/a
05/16/2016 10:00:00 PDT,n/a,n/a,n/a
05/16/2016 10:15:00 PDT,n/a,n/a,n/a
05/16/2016 10:30:00 PDT,n/a,n/a,n/a
05/16/2016 10:45:00 PDT,n/a,n/a,n/a
05/16/2016 11:00:00 PDT,n/a,n/a,n/a
05/16/2016 11:15:00 PDT,n/a,n/a,n/a
05/16/2016 11:30:00 PDT,n/a,n/a,n/a
05/16/2016 11:45:00 PDT,n/a,n/a,n/a
05/16/2016 12:00:00 PDT,n/a,n/a,n/a
05/16/2016 12:15:00 PDT,n/a,n/a,n/a
05/16/2016 12:30:00 PDT,n/a,n/a,n/a
05/16/2016 12:45:00 PDT,n/a,n/a,n/a
05/16/2016 13:00:00 PDT,n/a,n/a,n/a
05/16/2016 13:15:00 PDT,n/a,n/a,n/a
05/16/2016 13:30:00 PDT,n/a,n/a,n/a
05/16/2016 13:45:00 PDT,n/a,n/a,n/a
05/16/2016 14:00:00 PDT,n/a,n/a,n/a
05/16/2016 14:15:00 PDT,n/a,n/a,n/a
05/16/2016 14:30:00 PDT,n/a,n/a,n/a
05/16/2016 14:45:00 PDT,n/a,n/a,n/a
05/16/2016 15:00:00 PDT,n/a,n/a,n/a
05/16/2016 15:15:00 PDT,n/a,n/a,n/a
05/16/2016 15:30:00 PDT,n/a,n/a,n/a
05/16/2016 15:45:00 PDT,n/a,n/a,n/a
05/16/2016 16:00:00 PDT,n/a,n/a,n/a
05/16/2016 16:15:00 PDT,n/a,n/a,n/a
05/16/2016 16:30:00 PDT,n/a,n/a,n/a
05/16/2016 16:45:00 PDT,n/a,n/a,n/a
05/16/2016 17:00:00 PDT,n/a,n/a,n/a
05/16/2016 17:15:00 PDT,n/a,n/a,n/a
05/16/2016 17:30:00 PDT,n/a,n/a,n/a
05/16/2016 17:45:00 PDT,n/a,n/a,n/a
05/16/2016 18:00:00 PDT,n/a,n/a,n/a
05/16/2016 18:15:00 PDT,n/a,n/a,n/a
05/16/2016 18:30:00 PDT,n/a,n/a,n/a
05/16/2016 18:45:00 PDT,n/a,n/a,n/a
05/16/2016 19:00:00 PDT,n/a,n/a,n/a
05/16/2016 19:15:00 PDT,n/a,n/a,n/a
05/16/2016 19:30:00 PDT,n/a,n/a,n/a
05/16/2016 19:45:00 PDT,n/a,n/a,n/a
05/16/2016 20:00:00 PDT,n/a,n/a,n/a
05/16/2016 20:15:00 PDT,n/a,n/a,n/a
05/16/2016 20:30:00 PDT,n/a,n/a,n/a
05/16/2016 20:45:00 PDT,n/a,n/a,n/a
05/16/2016 21:00:00 PDT,n/a,n/a,n/a
05/16/2016 21:15:00 PDT,n/a,n/a,n/a
05/16/2016 21:30:00 PDT,n/a,n/a,n/a
05/16/2016 21:45:00 PDT,n/a,n/a,n/a
05/16/2016 22:00:00 PDT,n/a,n/a,n/a
05/16/2016 22:15:00 PDT,n/a,n/a,n/a
05/16/2016 22:30:00 PDT,n/a,n/a,n/a
05/16/2016 22:45:00 PDT,n/a,n/a,n/a
05/16/2016 23:00:00 PDT,n/a,n/a,n/a
05/16/2016 23:15:00 PDT,n/a,n/a,n/a
05/16/2016 23:30:00 PDT,n/a,n/a,n/a
05/16/2016 23:45:00 PDT,n/a,n/a,n/a
05/17/2016 00:00:00 PDT,n/a,n/a,n/a
05/17/2016 00:15:00 PDT,n/a,n/a,n/a
05/17/2016 00:30:00 PDT,n/a,n/a,n/a
05/17/2016 00:45:00 PDT,n/a,n/a,n/a
05/17/2016 01:00:00 PDT,n/a,n/a,n/a
05/17/2016 01:15:00 PDT,n/a,n/a,n/a
05/17/2016 01:30:00 PDT,n/a,n/a,n/a
05/17/2016 01:45:00 PDT,n/a,n/a,n/a
05/17/2016 02:00:00 PDT,n/a,n/a,n/a
05/17/2016 02:15:00 PDT,n/a,n/a,n/a
05/17/2016 02:30:00 PDT,n/a,n/a,n/a
05/17/2016 02:45:00 PDT,n/a,n/a,n/a
05/17/2016 03:00:00 PDT,n/a,n/a,n/a
05/17/2016 03:15:00 PDT,n/a,n/a,n/a
05/17/2016 03:30:00 PDT,n/a,n/a,n/a
05/17/2016 03:45:00 PDT,n/a,n/a,n/a
05/17/2016 04:00:00 PDT,n/a,n/a,n/a
05/17/2016 04:15:00 PDT,n/a,n/a,n/a
05/17/2016 04:30:00 PDT,n/a,n/a,n/a
05/17/2016 04:45:00 PDT,n/a,n/a,n/a
05/17/2016 05:00:00 PDT,n/a,n/a,n/a
05/17/2016 05:15:00 PDT,n/a,n/a,n/a
05/17/2016 05:30:00 PDT,n/a,n/a,n/a
05/17/2016 05:45:00 PDT,n/a,n/a,n/a
05/17/2016 06:00:00 PDT,n/a,n/a,n/a
05/17/2016 06:15:00 PDT,n/a,n/a,n/a
05/17/2016 06:30:00 PDT,n/a,n/a,n/a
05/17/2016 06:45:00 PDT,n/a,n/a,n/a
05/17/2016 07:00:00 PDT,n/a,n/a,n/a
05/17/2016 07:15:00 PDT,n/a,n/a,n/a
05/17/2016 07:30:00 PDT,n/a,n/a,n/a
05/17/2016 07:45:00 PDT,n/a,n/a,n/a
05/17/2016 08:00:00 PDT,n/a,n/a,n/a
05/17/2016 08:15:00 PDT,n/a,n/a,n/a
05/17/2016 08:30:00 PDT,n/a,n/a,n/a
05/17/2016 08:45:00 PDT,n/a,n/a,n/a
05/17/2016 09:00:00 PDT,n/a,n/a,n/a
05/17/2016 09:15:00 PDT,n/a,n/a,n/a
05/17/2016 09:30:00 PDT,n/a,n/a,n/a
05/17/2016 09:45:00 PDT,n/a,n/a,n/a
05/17/2016 10:00:00 PDT,n/a,n/a,n/a
05/17/2016 10:15:00 PDT,n/a,n/a,n/a
05/17/2016 10:30:00 PDT,n/a,n/a,n/a
05/17/2016 10:45:00 PDT,n/a,n/a,n/a
05/17/2016 11:00:00 PDT,n/a,n/a,n/a
05/17/2016 11:15:00 PDT,n/a,n/a,n/a
05/17/2016 11:30:00 PDT,n/a,n/a,n/a
05/17/2016 11:45:00 PDT,n/a,n/a,n/a
05/17/2016 12:00:00 PDT,n/a,n/a,n/a
05/17/2016 12:15:00 PDT,n/a,n/a,n/a
05/17/2016 12:30:00 PDT,n/a,n/a,n/a
05/17/2016 12:45:00 PDT,n/a,n/a,n/a
05/17/2016 13:00:00 PDT,n/a,n/a,n/a
05/17/2016 13:15:00 PDT,n/a,n/a,n/a
05/17/2016 13:30:00 PDT,n/a,n/a,n/a
05/17/2016 13:45:00 PDT,n/a,n/a,n/a
05/17/2016 14:00:00 PDT,n/a,n/a,n/a
05/17/2016 14:15:00 PDT,n/a,n/a,n/a
05/17/2016 14:30:00 PDT,n/a,n/a,n/a
05/17/2016 14:45:00 PDT,n/a,n/a,n/a
05/17/2016 15:00:00 PDT,n/a,n/a,n/a
05/17/2016 15:15:00 PDT,n/a,n/a,n/a
05/17/2016 15:30:00 PDT,n/a,n/a,n/a
05/17/2016 15:45:00 PDT,n/a,n/a,n/a
05/17/2016 16:00:00 PDT,n/a,n/a,n/a
05/17/2016 16:15:00 PDT,n/a,n/a,n/a
05/17/2016 16:30:00 PDT,n/a,n/a,n/a
05/17/2016 16:45:00 PDT,n/a,n/a,n/a
05/17/2016 17:00:00 PDT,n/a,n/a,n/a
05/17/2016 17:15:00 PDT,n/a,n/a,n/a
05/17/2016 17:30:00 PDT,n/a,n/a,n/a
05/17/2016 17:45:00 PDT,n/a,n/a,n/a
05/17/2016 18:00:00 PDT,n/a,n/a,n/a
05/17/2016 18:15:00 PDT,n/a,n/a,n/a
05/17/2016 18:30:00 PDT,n/a,n/a,n/a
05/17/2016 18:45:00 PDT,n/a,n/a,n/a
05/17/2016 19:00:00 PDT,n/a,n/a,n/a
05/17/2016 19:15:00 PDT,n/a,n/a,n/a
05/17/2016 19:30:00 PDT,n/a,n/a,n/a
05/17/2016 19:45:00 PDT,n/a,n/a,n/a
05/17/2016 20:00:00 PDT,n/a,n/a,n/a
05/17/2016 20:15:00 PDT,n/a,n/a,n/a
05/17/2016 20:30:00 PDT,n/a,n/a,n/a
05/17/2016 20:45:00 PDT,n/a,n/a,n/a
05/17/2016 21:00:00 PDT,n/a,n/a,n/a
05/17/2016 21:15:00 PDT,n/a,n/a,n/a
05/17/2016 21:30:00 PDT,n/a,n/a,n/a
05/17/2016 21:45:00 PDT,n/a,n/a,n/a
05/17/2016 22:00:00 PDT,n/a,n/a,n/a
05/17/2016 22:15:00 PDT,n/a,n/a,n/a
05/17/2016 22:30:00 PDT,n/a,n/a,n/a
05/17/2016 22:45:00 PDT,n/a,n/a,n/a
05/17/2016 23:00:00 PDT,n/a,n/a,n/a
05/17/2016 23:15:00 PDT,n/a,n/a,n/a
05/17/2016 23:30:00 PDT,n/a,n/a,n/a
05/17/2016 23:45:00 PDT,n/a,n/a,n/a
05/18/2016 00:00:00 PDT,n/a,n/a,n/a
05/18/2016 00:15:00 PDT,n/a,n/a,n/a
05/18/2016 00:30:00 PDT,n/a,n/a,n/a
05/18/2016 00:45:00 PDT,n/a,n/a,n/a
05/18/2016 01:00:00 PDT,n/a,n/a,n/a
05/18/2016 01:15:00 PDT,n/a,n/a,n/a
05/18/2016 01:30:00 PDT,n/a,n/a,n/a
05/18/2016 01:45:00 PDT,n/a,n/a,n/a
05/18/2016 02:00:00 PDT,n/a,n/a,n/a
05/18/2016 02:15:00 PDT,n/a,n/a,n/a
05/18/2016 02:30:00 PDT,n/a,n/a,n/a
05/18/2016 02:45:00 PDT,n/a,n/a,n/a
05/18/2016 03:00:00 PDT,n/a,n/a,n/a
05/18/2016 03:15:00 PDT,n/a,n/a,n/a
05/18/2016 03:30:00 PDT,n/a,n/a,n/a
05/18/2016 03:45:00 PDT,n/a,n/a,n/a
05/18/2016 04:00:00 PDT,n/a,n/a,n/a
05/18/2016 04:15:00 PDT,n/a,n/a,n/a
05/18/2016 04:30:00 PDT,n/a,n/a,n/a
05/18/2016 04:45:00 PDT,n/a,n/a,n/a
05/18/2016 05:00:00 PDT,n/a,n/a,n/a
05/18/2016 05:15:00 PDT,n/a,n/a,n/a
05/18/2016 05:30:00 PDT,n/a,n/a,n/a
05/18/2016 05:45:00 PDT,n/a,n/a,n/a
05/18/2016 06:00:00 PDT,n/a,n/a,n/a
05/18/2016 06:15:00 PDT,n/a,n/a,n/a
05/18/2016 06:30:00 PDT,n/a,n/a,n/a
05/18/2016 06:45:00 PDT,n/a,n/a,n/a
05/18/2016 07:00:00 PDT,n/a,n/a,n/a
05/18/2016 07:15:00 PDT,n/a,n/a,n/a
05/18/2016 07:30:00 PDT,n/a,n/a,n/a
05/18/2016 07:45:00 PDT,n/a,n/a,n/a
05/18/2016 08:00:00 PDT,n/a,n/a,n/a
05/18/2016 08:15:00 PDT,n/a,n/a,n/a
05/18/2016 08:30:00 PDT,n/a,n/a,n/a
05/18/2016 08:45:00 PDT,n/a,n/a,n/a
05/18/2016 09:00:00 PDT,n/a,n/a,n/a
05/18/2016 09:15:00 PDT,n/a,n/a,n/a
05/18/2016 09:30:00 PDT,n/a,n/a,n/a
05/18/2016 09:45:00 PDT,n/a,n/a,n/a
05/18/2016 10:00:00 PDT,n/a,n/a,n/a
05/18/2016 10:15:00 PDT,n/a,n/a,n/a
05/18/2016 10:30:00 PDT,n/a,n/a,n/a
05/18/2016 10:45:00 PDT,n/a,n/a,n/a
05/18/2016 11:00:00 PDT,n/a,n/a,n/a
05/18/2016 11:15:00 PDT,n/a,n/a,n/a
05/18/2016 11:30:00 PDT,n/a,n/a,n/a
05/18/2016 11:45:00 PDT,n/a,n/a,n/a
05/18/2016 12:00:00 PDT,15.05,19,0
05/18/2016 12:15:00 PDT,45.03,23,0
05/18/2016 12:30:00 PDT,36.03,25,0
05/18/2016 12:45:00 PDT,17.6,15,0
05/18/2016 13:00:00 PDT,45.59,21,0
05/18/2016 13:15:00 PDT,33.59,23,0
05/18/2016 13:30:00 PDT,33.7,22,0
05/18/2016 13:45:00 PDT,17.42,14,0
05/18/2016 14:00:00 PDT,25.11,18,0
05/18/2016 14:15:00 PDT,12.57,12,0
05/18/2016 14:30:00 PDT,43.14,23,0
05/18/2016 14:45:00 PDT,39.98,23,0
05/18/2016 15:00:00 PDT,51.02,23,0
05/18/2016 15:15:00 PDT,44.28,27,0
05/18/2016 15:30:00 PDT,60.84,31,0
05/18/2016 15:45:00 PDT,59.56,34,0
05/18/2016 16:00:00 PDT,46.73,33,0
05/18/2016 16:15:00 PDT,62.28,31,0
05/18/2016 16:30:00 PDT,72.82,31,0
05/18/2016 16:45:00 PDT,54.6,38,0
05/18/2016 17:00:00 PDT,44.41,26,0
05/18/2016 17:15:00 PDT,54.95,29,0
05/18/2016 17:30:00 PDT,59.16,36,0
05/18/2016 17:45:00 PDT,63.43,37,0
05/18/2016 18:00:00 PDT,38.49,22,0
05/18/2016 18:15:00 PDT,35.34,17,0
05/18/2016 18:30:00 PDT,20.38,20,0
05/18/2016 18:45:00 PDT,35.49,16,0
05/18/2016 19:00:00 PDT,32.28,16,0
05/18/2016 19:15:00 PDT,32.58,16,0
05/18/2016 19:30:00 PDT,41.5,22,0
05/18/2016 19:45:00 PDT,38.57,22,0
05/18/2016 20:00:00 PDT,24.65,12,0
05/18/2016 20:15:00 PDT,38.34,23,0
05/18/2016 20:30:00 PDT,24.93,17,0
05/18/2016 20:45:00 PDT,33.8,19,0
05/18/2016 21:00:00 PDT,24.72,11,0
05/18/2016 21:15:00 PDT,21.96,16,0
05/18/2016 21:30:00 PDT,33.44,18,0
05/18/2016 21:45:00 PDT,35.1,17,0
05/18/2016 22:00:00 PDT,35.82,21,0
05/18/2016 22:15:00 PDT,22.13,17,0
05/18/2016 22:30:00 PDT,23.75,21,0
05/18/2016 22:45:00 PDT,18.71,19,0
05/18/2016 23:00:00 PDT,29.09,15,0
05/18/2016 23:15:00 PDT,41.5,18,0
05/18/2016 23:30:00 PDT,43.5,17,0
05/18/2016 23:45:00 PDT,33.05,16,0
05/19/2016 00:00:00 PDT,32.53,16,0
05/19/2016 00:15:00 PDT,35.29,18,0
05/19/2016 00:30:00 PDT,29.12,16,0
05/19/2016 00:45:00 PDT,25.16,16,0
05/19/2016 01:00:00 PDT,29.59,9,0
05/19/2016 01:15:00 PDT,28.39,17,0
05/19/2016 01:30:00 PDT,11.17,7,0
05/19/2016 01:45:00 PDT,34.92,13,0
05/19/2016 02:00:00 PDT,11.85,12,0
05/19/2016 02:15:00 PDT,20.99,14,0
05/19/2016 02:30:00 PDT,13.71,6,0
05/19/2016 02:45:00 PDT,6.77,2,0
05/19/2016 03:00:00 PDT,7.49,8,0
05/19/2016 03:15:00 PDT,6.87,3,0
05/19/2016 03:30:00 PDT,0.22,3,0
05/19/2016 03:45:00 PDT,0.08,1,0
05/19/2016 04:00:00 PDT,3.4,1,0
05/19/2016 04:15:00 PDT,3.39,1,0
05/19/2016 04:30:00 PDT,7.03,3,0
05/19/2016 04:45:00 PDT,3.39,1,0
05/19/2016 05:00:00 PDT,17,6,0
05/19/2016 05:15:00 PDT,6.83,3,0
05/19/2016 05:30:00 PDT,3.57,4,0
05/19/2016 05:45:00 PDT,11.3,7,0
05/19/2016 06:00:00 PDT,13.86,10,0
05/19/2016 06:15:00 PDT,7.39,9,0
05/19/2016 06:30:00 PDT,7.08,8,0
05/19/2016 06:45:00 PDT,4.05,4,0
05/19/2016 07:00:00 PDT,17.5,10,0
05/19/2016 07:15:00 PDT,18.54,15,0
05/19/2016 07:30:00 PDT,15.53,15,0
05/19/2016 07:45:00 PDT,24.12,22,0
05/19/2016 08:00:00 PDT,40.15,25,0
05/19/2016 08:15:00 PDT,26.19,19,0
05/19/2016 08:30:00 PDT,31.8,26,0
05/19/2016 08:45:00 PDT,24.23,22,0
05/19/2016 09:00:00 PDT,13.12,16,0
05/19/2016 09:15:00 PDT,34.33,24,0
05/19/2016 09:30:00 PDT,15.16,15,0
05/19/2016 09:45:00 PDT,23.59,25,0
05/19/2016 10:00:00 PDT,32.18,25,0
05/19/2016 10:15:00 PDT,30.64,27,0
05/19/2016 10:30:00 PDT,30.09,21,0
05/19/2016 10:45:00 PDT,36.1,37,0
05/19/2016 11:00:00 PDT,40.27,26,0
05/19/2016 11:15:00 PDT,22.83,22,0
05/19/2016 11:30:00 PDT,31.93,21,0
05/19/2016 11:45:00 PDT,26.2,19,0
05/19/2016 12:00:00 PDT,27.97,28,0
05/19/2016 12:15:00 PDT,26.69,27,0
05/19/2016 12:30:00 PDT,44.25,30,0
05/19/2016 12:45:00 PDT,36,25,0
05/19/2016 13:00:00 PDT,30.17,30,0
05/19/2016 13:15:00 PDT,31.83,25,0
05/19/2016 13:30:00 PDT,27.98,16,0
05/19/2016 13:45:00 PDT,32.01,33,0
05/19/2016 14:00:00 PDT,47.8,31,0
05/19/2016 14:15:00 PDT,33.19,30,0
05/19/2016 14:30:00 PDT,30.46,29,0
05/19/2016 14:45:00 PDT,28.84,28,0
05/19/2016 15:00:00 PDT,35.22,41,0
05/19/2016 15:15:00 PDT,35.85,49,0
05/19/2016 15:30:00 PDT,33.36,41,0
05/19/2016 15:45:00 PDT,43.95,42,0
05/19/2016 16:00:00 PDT,41.21,33,0
05/19/2016 16:15:00 PDT,51.74,49,0
05/19/2016 16:30:00 PDT,31.01,26,0
05/19/2016 16:45:00 PDT,41.1,42,0
05/19/2016 17:00:00 PDT,34.13,32,0
05/19/2016 17:15:00 PDT,38.65,37,0
05/19/2016 17:30:00 PDT,34.62,29,0
05/19/2016 17:45:00 PDT,33.3,25,0
05/19/2016 18:00:00 PDT,30.85,40,0
05/19/2016 18:15:00 PDT,29.99,26,0
05/19/2016 18:30:00 PDT,19.75,23,0
05/19/2016 18:45:00 PDT,40.75,18,0
05/19/2016 19:00:00 PDT,28.36,22,0
05/19/2016 19:15:00 PDT,34.89,18,0
05/19/2016 19:30:00 PDT,22.4,18,0
05/19/2016 19:45:00 PDT,23.76,20,0
05/19/2016 20:00:00 PDT,24.22,28,0
05/19/2016 20:15:00 PDT,32.47,25,0
05/19/2016 20:30:00 PDT,22.49,24,0
05/19/2016 20:45:00 PDT,18.72,21,0
05/19/2016 21:00:00 PDT,30.62,22,0
05/19/2016 21:15:00 PDT,19.25,22,0
05/19/2016 21:30:00 PDT,29.92,24,0
05/19/2016 21:45:00 PDT,21.38,16,0
05/19/2016 22:00:00 PDT,21.13,15,0
05/19/2016 22:15:00 PDT,14.39,18,0
05/19/2016 22:30:00 PDT,21.02,21,0
05/19/2016 22:45:00 PDT,22.71,18,0
05/19/2016 23:00:00 PDT,18.91,22,0
05/19/2016 23:15:00 PDT,17.83,15,0
05/19/2016 23:30:00 PDT,20.28,18,0
05/19/2016 23:45:00 PDT,7.25,10,0
05/20/2016 00:00:00 PDT,14.05,11,0
05/20/2016 00:15:00 PDT,10.61,10,0
05/20/2016 00:30:00 PDT,7.34,8,0
05/20/2016 00:45:00 PDT,14.79,11,0
05/20/2016 01:00:00 PDT,10.52,9,0
05/20/2016 01:15:00 PDT,13.88,9,0
05/20/2016 01:30:00 PDT,21.12,17,0
05/20/2016 01:45:00 PDT,17.87,10,0
05/20/2016 02:00:00 PDT,17.17,8,0
05/20/2016 02:15:00 PDT,20.7,11,0
05/20/2016 02:30:00 PDT,11.16,9,0
05/20/2016 02:45:00 PDT,0.16,2,0
05/20/2016 03:00:00 PDT,0.09,1,0
05/20/2016 03:15:00 PDT,3.77,5,0
05/20/2016 03:30:00 PDT,0,0,0
05/20/2016 03:45:00 PDT,9.69,4,0
05/20/2016 04:00:00 PDT,4.72,3,0
05/20/2016 04:15:00 PDT,0.07,2,0
05/20/2016 04:30:00 PDT,0,0,0
05/20/2016 04:45:00 PDT,14.06,8,0
05/20/2016 05:00:00 PDT,6.87,3,0
05/20/2016 05:15:00 PDT,6.9,3,0
05/20/2016 05:30:00 PDT,7.16,8,0
05/20/2016 05:45:00 PDT,10.4,7,0
05/20/2016 06:00:00 PDT,13.55,4,0
05/20/2016 06:15:00 PDT,14.4,9,0
05/20/2016 06:30:00 PDT,21.38,15,0
05/20/2016 06:45:00 PDT,18.57,14,0
05/20/2016 07:00:00 PDT,7.57,13,0
05/20/2016 07:15:00 PDT,25.77,18,0
05/20/2016 07:30:00 PDT,13.99,13,0
05/20/2016 07:45:00 PDT,27.22,21,0
05/20/2016 08:00:00 PDT,15.95,26,0
05/20/2016 08:15:00 PDT,24.28,20,0
05/20/2016 08:30:00 PDT,35.28,22,0
05/20/2016 08:45:00 PDT,31.56,32,0
05/20/2016 09:00:00 PDT,20.31,20,0
05/20/2016 09:15:00 PDT,15.43,21,0
05/20/2016 09:30:00 PDT,11.36,14,0
05/20/2016 09:45:00 PDT,28.79,25,0
05/20/2016 10:00:00 PDT,32.35,34,0
05/20/2016 10:15:00 PDT,30.28,18,0
05/20/2016 10:30:00 PDT,38.36,32,0
05/20/2016 10:45:00 PDT,45.08,29,0
05/20/2016 11:00:00 PDT,40.36,37,0
05/20/2016 11:15:00 PDT,27.34,29,0
05/20/2016 11:30:00 PDT,34.99,37,0
05/20/2016 11:45:00 PDT,33.03,27,0
05/20/2016 12:00:00 PDT,27.75,27,0
05/20/2016 12:15:00 PDT,25.94,16,0
05/20/2016 12:30:00 PDT,28.54,38,0
05/20/2016 12:45:00 PDT,29.47,31,0
05/20/2016 13:00:00 PDT,23.55,31,0
05/20/2016 13:15:00 PDT,29.75,35,0
05/20/2016 13:30:00 PDT,26.95,26,0
05/20/2016 13:45:00 PDT,26.13,24,0
05/20/2016 14:00:00 PDT,40.01,32,0
05/20/2016 14:15:00 PDT,27.08,32,0
05/20/2016 14:30:00 PDT,24.75,30,0
05/20/2016 14:45:00 PDT,38.58,46,0
05/20/2016 15:00:00 PDT,49.68,56,0
05/20/2016 15:15:00 PDT,57.59,47,0
05/20/2016 15:30:00 PDT,38.54,53,0
05/20/2016 15:45:00 PDT,64.76,58,0
05/20/2016 16:00:00 PDT,39.04,43,0
05/20/2016 16:15:00 PDT,17.47,33,0
05/20/2016 16:30:00 PDT,49.25,30,0
05/20/2016 16:45:00 PDT,12.81,28,0
05/20/2016 17:00:00 PDT,32.5,38,0
05/20/2016 17:15:00 PDT,33.94,32,0
05/20/2016 17:30:00 PDT,28.89,34,0
05/20/2016 17:45:00 PDT,27.03,24,0
05/20/2016 18:00:00 PDT,37.45,34,0
05/20/2016 18:15:00 PDT,40.62,25,0
05/20/2016 18:30:00 PDT,37.17,27,0
05/20/2016 18:45:00 PDT,21.49,19,0
05/20/2016 19:00:00 PDT,38.91,35,0
05/20/2016 19:15:00 PDT,26.59,27,0
05/20/2016 19:30:00 PDT,33.08,29,0
05/20/2016 19:45:00 PDT,18.38,21,0
05/20/2016 20:00:00 PDT,18.66,21,0
05/20/2016 20:15:00 PDT,25.53,22,0
05/20/2016 20:30:00 PDT,20.49,27,0
05/20/2016 20:45:00 PDT,20.18,30,0
05/20/2016 21:00:00 PDT,21.38,22,0
05/20/2016 21:15:00 PDT,17.43,15,0
05/20/2016 21:30:00 PDT,9.92,21,0
05/20/2016 21:45:00 PDT,29.04,27,0
05/20/2016 22:00:00 PDT,15.02,21,0
05/20/2016 22:15:00 PDT,21.68,20,0
05/20/2016 22:30:00 PDT,37.04,27,0
05/20/2016 22:45:00 PDT,38.49,36,0
05/20/2016 23:00:00 PDT,25.7,30,0
05/20/2016 23:15:00 PDT,31.44,31,0
05/20/2016 23:30:00 PDT,36.64,26,0
05/20/2016 23:45:00 PDT,37.01,32,0
05/21/2016 00:00:00 PDT,15.89,23,0
05/21/2016 00:15:00 PDT,33.09,18,0
05/21/2016 00:30:00 PDT,40.2,37,0
05/21/2016 00:45:00 PDT,23.13,22,0
05/21/2016 01:00:00 PDT,39.11,27,0
05/21/2016 01:15:00 PDT,19.99,19,0
05/21/2016 01:30:00 PDT,26.59,30,0
05/21/2016 01:45:00 PDT,48.39,28,0
05/21/2016 02:00:00 PDT,37.74,33,0
05/21/2016 02:15:00 PDT,21.02,37,0
05/21/2016 02:30:00 PDT,31.87,20,0
05/21/2016 02:45:00 PDT,20.57,11,0
05/21/2016 03:00:00 PDT,16.87,9,0
05/21/2016 03:15:00 PDT,13.65,6,0
05/21/2016 03:30:00 PDT,7.05,7,0
05/21/2016 03:45:00 PDT,7.52,4,0
05/21/2016 04:00:00 PDT,7.48,10,0
05/21/2016 04:15:00 PDT,10.12,4,0
05/21/2016 04:30:00 PDT,0.11,1,0
05/21/2016 04:45:00 PDT,3.47,3,0
05/21/2016 05:00:00 PDT,3.49,3,0
05/21/2016 05:15:00 PDT,0.13,2,0
05/21/2016 05:30:00 PDT,0.06,1,0
05/21/2016 05:45:00 PDT,5.15,4,0
05/21/2016 06:00:00 PDT,13.75,7,0
05/21/2016 06:15:00 PDT,3.53,3,0
05/21/2016 06:30:00 PDT,10.31,5,0
05/21/2016 06:45:00 PDT,8.1,12,0
05/21/2016 07:00:00 PDT,20.35,6,0
05/21/2016 07:15:00 PDT,9.91,9,0
05/21/2016 07:30:00 PDT,0.82,7,0
05/21/2016 07:45:00 PDT,17.75,9,0
05/21/2016 08:00:00 PDT,11.28,8,0
05/21/2016 08:15:00 PDT,21.12,12,0
05/21/2016 08:30:00 PDT,36.34,20,0
05/21/2016 08:45:00 PDT,18.37,15,0
05/21/2016 09:00:00 PDT,25.68,14,0
05/21/2016 09:15:00 PDT,18.3,11,0
05/21/2016 09:30:00 PDT,22.41,19,0
05/21/2016 09:45:00 PDT,24.69,22,0
05/21/2016 10:00:00 PDT,11.52,13,0
05/21/2016 10:15:00 PDT,9.29,15,0
05/21/2016 10:30:00 PDT,31.83,27,0
05/21/2016 10:45:00 PDT,20.9,17,0
05/21/2016 11:00:00 PDT,28.12,18,0
05/21/2016 11:15:00 PDT,35.41,31,0
05/21/2016 11:30:00 PDT,15.6,24,0
05/21/2016 11:45:00 PDT,16.96,18,0
05/21/2016 12:00:00 PDT,46.32,31,0
05/21/2016 12:15:00 PDT,28.7,19,0
05/21/2016 12:30:00 PDT,18.93,26,0
05/21/2016 12:45:00 PDT,22.85,25,0
05/21/2016 13:00:00 PDT,18.54,22,0
05/21/2016 13:15:00 PDT,15.11,25,0
05/21/2016 13:30:00 PDT,15.7,22,0
05/21/2016 13:45:00 PDT,13.41,28,0
05/21/2016 14:00:00 PDT,8.81,30,0
05/21/2016 14:15:00 PDT,17.31,25,0
05/21/2016 14:30:00 PDT,25.85,26,0
05/21/2016 14:45:00 PDT,22.81,29,0
05/21/2016 15:00:00 PDT,23.05,29,0
05/21/2016 15:15:00 PDT,16.23,32,0
05/21/2016 15:30:00 PDT,1.83,22,0
05/21/2016 15:45:00 PDT,11.6,26,0
05/21/2016 16:00:00 PDT,16.05,36,0
05/21/2016 16:15:00 PDT,22.35,34,0
05/21/2016 16:30:00 PDT,18.9,20,0
05/21/2016 16:45:00 PDT,10.09,29,0
05/21/2016 17:00:00 PDT,15.91,22,0
05/21/2016 17:15:00 PDT,12.44,28,0
05/21/2016 17:30:00 PDT,8.08,22,0
05/21/2016 17:45:00 PDT,16.21,29,0
05/21/2016 18:00:00 PDT,20.21,32,0
05/21/2016 18:15:00 PDT,15.85,31,0
05/21/2016 18:30:00 PDT,16.5,35,0
05/21/2016 18:45:00 PDT,16.49,30,0
05/21/2016 19:00:00 PDT,22.01,27,0
05/21/2016 19:15:00 PDT,18.39,26,0
05/21/2016 19:30:00 PDT,18.87,27,0
05/21/2016 19:45:00 PDT,10.63,28,0
05/21/2016 20:00:00 PDT,19.75,24,0
05/21/2016 20:15:00 PDT,16.24,20,0
05/21/2016 20:30:00 PDT,6.79,32,0
05/21/2016 20:45:00 PDT,19.42,21,0
05/21/2016 21:00:00 PDT,16.88,25,0
05/21/2016 21:15:00 PDT,20.36,28,0
05/21/2016 21:30:00 PDT,10.75,28,0
05/21/2016 21:45:00 PDT,16.67,31,0
05/21/2016 22:00:00 PDT,15.08,19,0
05/21/2016 22:15:00 PDT,8.83,19,0
05/21/2016 22:30:00 PDT,22.97,27,0
05/21/2016 22:45:00 PDT,39.42,27,0
05/21/2016 23:00:00 PDT,9.46,30,0
05/21/2016 23:15:00 PDT,20.32,24,0
05/21/2016 23:30:00 PDT,6.87,26,0
05/21/2016 23:45:00 PDT,12.78,27,0
05/22/2016 00:00:00 PDT,26.3,31,0
05/22/2016 00:15:00 PDT,25.96,24,0
05/22/2016 00:30:00 PDT,13.68,35,0
05/22/2016 00:45:00 PDT,18.98,28,0
05/22/2016 01:00:00 PDT,11.53,18,0
05/22/2016 01:15:00 PDT,22.35,30,0
05/22/2016 01:30:00 PDT,16.39,24,0
05/22/2016 01:45:00 PDT,9.24,20,0
05/22/2016 02:00:00 PDT,0.45,4,0
05/22/2016 02:15:00 PDT,3.48,2,0
05/22/2016 02:30:00 PDT,7.89,17,0
05/22/2016 02:45:00 PDT,11.31,17,0
05/22/2016 03:00:00 PDT,7.72,12,0
05/22/2016 03:15:00 PDT,4.61,7,0
05/22/2016 03:30:00 PDT,0.3,5,0
05/22/2016 03:45:00 PDT,6.99,5,0
05/22/2016 04:00:00 PDT,0.4,6,0
05/22/2016 04:15:00 PDT,3.65,5,0
05/22/2016 04:30:00 PDT,7.11,4,0
05/22/2016 04:45:00 PDT,6.82,3,0
05/22/2016 05:00:00 PDT,0.27,4,0
05/22/2016 05:15:00 PDT,3.58,3,0
05/22/2016 05:30:00 PDT,13.79,7,0
05/22/2016 05:45:00 PDT,3.49,3,0
05/22/2016 06:00:00 PDT,4.2,10,0
05/22/2016 06:15:00 PDT,3.69,4,0
05/22/2016 06:30:00 PDT,3.83,8,0
05/22/2016 06:45:00 PDT,20.51,9,0
05/22/2016 07:00:00 PDT,4.04,9,0
05/22/2016 07:15:00 PDT,7.69,9,0
05/22/2016 07:30:00 PDT,4.84,4,0
05/22/2016 07:45:00 PDT,7.06,7,0
05/22/2016 08:00:00 PDT,14.05,11,0
05/22/2016 08:15:00 PDT,7.72,14,0
05/22/2016 08:30:00 PDT,4.75,14,0
05/22/2016 08:45:00 PDT,11.74,17,0
05/22/2016 09:00:00 PDT,17.85,15,0
05/22/2016 09:15:00 PDT,2.02,24,0
05/22/2016 09:30:00 PDT,8.55,19,0
05/22/2016 09:45:00 PDT,15.46,24,0
05/22/2016 10:00:00 PDT,7.98,15,0
05/22/2016 10:15:00 PDT,9.47,25,0
05/22/2016 10:30:00 PDT,20.41,25,0
05/22/2016 10:45:00 PDT,11.94,21,0
05/22/2016 11:00:00 PDT,14.24,15,0
05/22/2016 11:15:00 PDT,15.47,18,0
05/22/2016 11:30:00 PDT,15.62,24,0
05/22/2016 11:45:00 PDT,30.35,36,0
05/22/2016 12:00:00 PDT,15.21,20,0
05/22/2016 12:15:00 PDT,12.89,29,0
05/22/2016 12:30:00 PDT,9.23,24,0
05/22/2016 12:45:00 PDT,21.33,31,0
05/22/2016 13:00:00 PDT,20.06,32,0
05/22/2016 13:15:00 PDT,22.7,27,0
05/22/2016 13:30:00 PDT,21.71,20,0
05/22/2016 13:45:00 PDT,20.32,23,0
05/22/2016 14:00:00 PDT,14.91,19,0
05/22/2016 14:15:00 PDT,12.59,23,0
05/22/2016 14:30:00 PDT,11.66,27,0
05/22/2016 14:45:00 PDT,22.73,30,0
05/22/2016 15:00:00 PDT,21.88,25,0
05/22/2016 15:15:00 PDT,12.67,25,0
05/22/2016 15:30:00 PDT,18.94,24,0
05/22/2016 15:45:00 PDT,24.33,19,0
05/22/2016 16:00:00 PDT,17.85,16,0
05/22/2016 16:15:00 PDT,19.1,30,0
05/22/2016 16:30:00 PDT,16.04,24,0
05/22/2016 16:45:00 PDT,12.03,24,0
05/22/2016 17:00:00 PDT,15.93,25,0
05/22/2016 17:15:00 PDT,12.3,19,0
05/22/2016 17:30:00 PDT,9.23,21,0
05/22/2016 17:45:00 PDT,8.51,25,0
05/22/2016 18:00:00 PDT,16.52,24,0
05/22/2016 18:15:00 PDT,15.33,29,0
05/22/2016 18:30:00 PDT,24.11,23,0
05/22/2016 18:45:00 PDT,15.73,25,0
05/22/2016 19:00:00 PDT,16.2,29,0
05/22/2016 19:15:00 PDT,8.86,34,0
05/22/2016 19:30:00 PDT,19.62,24,0
05/22/2016 19:45:00 PDT,22.61,24,0
05/22/2016 20:00:00 PDT,8.57,24,0
05/22/2016 20:15:00 PDT,14.73,19,0
05/22/2016 20:30:00 PDT,8.65,21,0
05/22/2016 20:45:00 PDT,12.63,18,0
05/22/2016 21:00:00 PDT,5.07,13,0
05/22/2016 21:15:00 PDT,17.78,14,0
05/22/2016 21:30:00 PDT,21.82,21,0
05/22/2016 21:45:00 PDT,5.98,18,0
05/22/2016 22:00:00 PDT,5.55,17,0
05/22/2016 22:15:00 PDT,8.46,22,0
05/22/2016 22:30:00 PDT,7.44,13,0
05/22/2016 22:45:00 PDT,7.86,14,0
05/22/2016 23:00:00 PDT,7.53,12,0
05/22/2016 23:15:00 PDT,11.46,15,0
05/22/2016 23:30:00 PDT,18.41,24,0
05/22/2016 23:45:00 PDT,11.05,10,0
05/23/2016 00:00:00 PDT,21.35,15,0
05/23/2016 00:15:00 PDT,4.14,10,0
05/23/2016 00:30:00 PDT,7.51,13,0
05/23/2016 00:45:00 PDT,0.12,2,0
05/23/2016 01:00:00 PDT,10.84,6,0
05/23/2016 01:15:00 PDT,1.09,8,0
05/23/2016 01:30:00 PDT,10.84,13,0
05/23/2016 01:45:00 PDT,7.13,8,0
05/23/2016 02:00:00 PDT,7.18,8,0
05/23/2016 02:15:00 PDT,13.9,9,0
05/23/2016 02:30:00 PDT,4.03,3,0
05/23/2016 02:45:00 PDT,0.13,2,0
05/23/2016 03:00:00 PDT,3.4,1,0
05/23/2016 03:15:00 PDT,0.13,2,0
05/23/2016 03:30:00 PDT,0.09,2,0
05/23/2016 03:45:00 PDT,0.13,2,0
05/23/2016 04:00:00 PDT,0,0,0
05/23/2016 04:15:00 PDT,0.11,2,0
05/23/2016 04:30:00 PDT,3.45,2,0
05/23/2016 04:45:00 PDT,0.85,2,0
05/23/2016 05:00:00 PDT,6.94,4,0
05/23/2016 05:15:00 PDT,3.42,2,0
05/23/2016 05:30:00 PDT,3.7,9,0
05/23/2016 05:45:00 PDT,14.3,11,0
05/23/2016 06:00:00 PDT,3.71,8,0
05/23/2016 06:15:00 PDT,14.07,13,0
05/23/2016 06:30:00 PDT,13.82,10,0
05/23/2016 06:45:00 PDT,7.85,14,0
05/23/2016 07:00:00 PDT,0.95,8,0
05/23/2016 07:15:00 PDT,16.31,29,0
05/23/2016 07:30:00 PDT,13.8,23,0
05/23/2016 07:45:00 PDT,22.18,26,0
05/23/2016 08:00:00 PDT,7.9,19,0
05/23/2016 08:15:00 PDT,32.16,25,0
05/23/2016 08:30:00 PDT,13.52,32,0
05/23/2016 08:45:00 PDT,22.81,32,0
05/23/2016 09:00:00 PDT,17.82,33,0
05/23/2016 09:15:00 PDT,18.39,26,0
05/23/2016 09:30:00 PDT,22.65,23,0
05/23/2016 09:45:00 PDT,25.9,30,0
05/23/2016 10:00:00 PDT,10.91,14,0
05/23/2016 10:15:00 PDT,14.96,23,0
05/23/2016 10:30:00 PDT,18.58,23,0
05/23/2016 10:45:00 PDT,11.68,15,0
05/23/2016 11:00:00 PDT,12.37,33,0
05/23/2016 11:15:00 PDT,12.13,24,0
05/23/2016 11:30:00 PDT,21.99,23,0
05/23/2016 11:45:00 PDT,8.67,28,0
05/23/2016 12:00:00 PDT,5.28,31,0
05/23/2016 12:15:00 PDT,10.42,37,0
05/23/2016 12:30:00 PDT,6.1,24,0
05/23/2016 12:45:00 PDT,5.81,25,0
05/23/2016 13:00:00 PDT,16.63,38,0
05/23/2016 13:15:00 PDT,8.54,24,0
05/23/2016 13:30:00 PDT,9.86,43,0
05/23/2016 13:45:00 PDT,2.67,34,0
05/23/2016 14:00:00 PDT,2.36,30,0
05/23/2016 14:15:00 PDT,2.23,28,0
05/23/2016 14:30:00 PDT,5.61,35,0
05/23/2016 14:45:00 PDT,2.31,29,0
05/23/2016 15:00:00 PDT,9.22,43,0
05/23/2016 15:15:00 PDT,16.5,39,0
05/23/2016 15:30:00 PDT,5.98,38,0
05/23/2016 15:45:00 PDT,6.23,34,0
05/23/2016 16:00:00 PDT,5.01,48,0
05/23/2016 16:15:00 PDT,13.51,54,0
05/23/2016 16:30:00 PDT,8.3,46,0
05/23/2016 16:45:00 PDT,8.96,36,0
05/23/2016 17:00:00 PDT,15.03,36,0
05/23/2016 17:15:00 PDT,8.66,35,0
05/23/2016 17:30:00 PDT,9.49,42,0
05/23/2016 17:45:00 PDT,11.94,39,0
05/23/2016 18:00:00 PDT,8.57,32,0
05/23/2016 18:15:00 PDT,2,31,0
05/23/2016 18:30:00 PDT,5.34,33,0
05/23/2016 18:45:00 PDT,13.11,28,0
05/23/2016 19:00:00 PDT,4.99,17,0
05/23/2016 19:15:00 PDT,1.06,19,0
05/23/2016 19:30:00 PDT,13.04,29,0
05/23/2016 19:45:00 PDT,5,25,0
05/23/2016 20:00:00 PDT,4.78,20,0
05/23/2016 20:15:00 PDT,4.77,26,0
05/23/2016 20:30:00 PDT,7.88,20,0
05/23/2016 20:45:00 PDT,4.71,22,0
05/23/2016 21:00:00 PDT,8.28,17,0
05/23/2016 21:15:00 PDT,1.13,21,0
05/23/2016 21:30:00 PDT,1,18,0
05/23/2016 21:45:00 PDT,8.11,24,0
05/23/2016 22:00:00 PDT,0.7,13,0
05/23/2016 22:15:00 PDT,11.24,22,0
05/23/2016 22:30:00 PDT,4.5,11,0
05/23/2016 22:45:00 PDT,1.87,21,0
05/23/2016 23:00:00 PDT,5.09,13,0
05/23/2016 23:15:00 PDT,4.58,20,0
05/23/2016 23:30:00 PDT,4.22,15,0
05/23/2016 23:45:00 PDT,1.35,14,0
05/24/2016 00:00:00 PDT,0.84,14,0
05/24/2016 00:15:00 PDT,3.89,9,0
05/24/2016 00:30:00 PDT,4.31,10,0
05/24/2016 00:45:00 PDT,3.62,5,0
05/24/2016 01:00:00 PDT,7.31,11,0
05/24/2016 01:15:00 PDT,0.22,4,0
05/24/2016 01:30:00 PDT,0.21,3,0
05/24/2016 01:45:00 PDT,3.59,5,0
05/24/2016 02:00:00 PDT,0.11,2,0
05/24/2016 02:15:00 PDT,3.45,2,0
05/24/2016 02:30:00 PDT,0.2,4,0
05/24/2016 02:45:00 PDT,0.07,2,0
05/24/2016 03:00:00 PDT,0.14,2,0
05/24/2016 03:15:00 PDT,3.43,2,0
05/24/2016 03:30:00 PDT,0.16,3,0
05/24/2016 03:45:00 PDT,0.24,5,0
05/24/2016 04:00:00 PDT,0.09,2,0
05/24/2016 04:15:00 PDT,3.5,2,0
05/24/2016 04:30:00 PDT,0.28,6,0
05/24/2016 04:45:00 PDT,0.17,3,0
05/24/2016 05:00:00 PDT,0.3,5,0
05/24/2016 05:15:00 PDT,0.36,6,0
05/24/2016 05:30:00 PDT,3.74,6,0
05/24/2016 05:45:00 PDT,0.56,10,0
05/24/2016 06:00:00 PDT,0.98,15,0
05/24/2016 06:15:00 PDT,4.1,13,0
05/24/2016 06:30:00 PDT,0.85,14,0
05/24/2016 06:45:00 PDT,4.29,17,0
05/24/2016 07:00:00 PDT,4.31,14,0
05/24/2016 07:15:00 PDT,11.19,18,0
05/24/2016 07:30:00 PDT,5.74,36,0
05/24/2016 07:45:00 PDT,4.94,30,0
05/24/2016 08:00:00 PDT,6.49,36,0
05/24/2016 08:15:00 PDT,12.19,32,0
05/24/2016 08:30:00 PDT,9.52,38,0
05/24/2016 08:45:00 PDT,14.45,29,0
05/24/2016 09:00:00 PDT,2.78,32,0
05/24/2016 09:15:00 PDT,1.57,27,0
05/24/2016 09:30:00 PDT,21.98,26,0
05/24/2016 09:45:00 PDT,5.5,32,0
05/24/2016 10:00:00 PDT,1.75,23,0
05/24/2016 10:15:00 PDT,6,29,0
05/24/2016 10:30:00 PDT,11.46,23,0
05/24/2016 10:45:00 PDT,9.98,30,0
05/24/2016 11:00:00 PDT,6.22,35,0
05/24/2016 11:15:00 PDT,5.78,29,0
05/24/2016 11:30:00 PDT,2.22,34,0
05/24/2016 11:45:00 PDT,5.4,31,0
05/24/2016 12:00:00 PDT,12.38,24,0
05/24/2016 12:15:00 PDT,5.16,28,0
05/24/2016 12:30:00 PDT,10.72,53,0
05/24/2016 12:45:00 PDT,10.36,49,0
05/24/2016 13:00:00 PDT,3.33,38,0
05/24/2016 13:15:00 PDT,6.17,37,0
05/24/2016 13:30:00 PDT,8.58,23,0
05/24/2016 13:45:00 PDT,9.11,35,0
05/24/2016 14:00:00 PDT,6.35,32,0
05/24/2016 14:15:00 PDT,3.36,29,0
05/24/2016 14:30:00 PDT,9.8,35,0
05/24/2016 14:45:00 PDT,9.74,37,0
05/24/2016 15:00:00 PDT,10.02,45,0
05/24/2016 15:15:00 PDT,6.12,43,0
05/24/2016 15:30:00 PDT,5.89,42,0
05/24/2016 15:45:00 PDT,9.14,43,0
05/24/2016 16:00:00 PDT,6.86,57,0
05/24/2016 16:15:00 PDT,9.57,50,0
05/24/2016 16:30:00 PDT,16.85,62,0
05/24/2016 16:45:00 PDT,17.96,66,0
05/24/2016 17:00:00 PDT,21.35,73,0
05/24/2016 17:15:00 PDT,6.82,48,0
05/24/2016 17:30:00 PDT,10.45,53,0
05/24/2016 17:45:00 PDT,9.2,43,0
05/24/2016 18:00:00 PDT,19.28,48,0
05/24/2016 18:15:00 PDT,9.75,39,0
05/24/2016 18:30:00 PDT,15.6,36,0
05/24/2016 18:45:00 PDT,1.18,24,0
05/24/2016 19:00:00 PDT,2.23,25,0
05/24/2016 19:15:00 PDT,1.45,26,0
05/24/2016 19:30:00 PDT,9.22,27,0
05/24/2016 19:45:00 PDT,4.09,25,0
05/24/2016 20:00:00 PDT,4.79,23,0
05/24/2016 20:15:00 PDT,21.55,25,0
05/24/2016 20:30:00 PDT,11.72,26,0
05/24/2016 20:45:00 PDT,7.94,25,0
05/24/2016 21:00:00 PDT,2.11,25,0
05/24/2016 21:15:00 PDT,1.68,16,0
05/24/2016 21:30:00 PDT,5.31,30,0
05/24/2016 21:45:00 PDT,5.45,30,0
05/24/2016 22:00:00 PDT,8.04,21,0
05/24/2016 22:15:00 PDT,0.91,17,0
05/24/2016 22:30:00 PDT,5.38,27,0
05/24/2016 22:45:00 PDT,0.72,13,0
05/24/2016 23:00:00 PDT,0.74,14,0
05/24/2016 23:15:00 PDT,8.09,19,0
05/24/2016 23:30:00 PDT,7.78,14,0
05/24/2016 23:45:00 PDT,1.16,15,0
05/25/2016 00:00:00 PDT,4,14,0
05/25/2016 00:15:00 PDT,3.49,3,0
05/25/2016 00:30:00 PDT,0.46,8,0
05/25/2016 00:45:00 PDT,1.03,12,0
05/25/2016 01:00:00 PDT,7.86,13,0
05/25/2016 01:15:00 PDT,7.26,10,0
05/25/2016 01:30:00 PDT,0.47,8,0
05/25/2016 01:45:00 PDT,0.23,4,0
05/25/2016 02:00:00 PDT,0.36,7,0
05/25/2016 02:15:00 PDT,0.95,6,0
05/25/2016 02:30:00 PDT,7.03,6,0
05/25/2016 02:45:00 PDT,0.11,2,0
05/25/2016 03:00:00 PDT,0.19,3,0
05/25/2016 03:15:00 PDT,0.05,1,0
05/25/2016 03:30:00 PDT,0.2,2,0
05/25/2016 03:45:00 PDT,0.14,2,0
05/25/2016 04:00:00 PDT,0.29,5,0
05/25/2016 04:15:00 PDT,3.27,2,0
05/25/2016 04:30:00 PDT,0.08,2,0
05/25/2016 04:45:00 PDT,0.26,4,0
05/25/2016 05:00:00 PDT,7.34,7,0
05/25/2016 05:15:00 PDT,6.78,11,0
05/25/2016 05:30:00 PDT,0.93,7,0
05/25/2016 05:45:00 PDT,4.29,16,0
05/25/2016 06:00:00 PDT,0.52,8,0
05/25/2016 06:15:00 PDT,0.91,15,0
05/25/2016 06:30:00 PDT,7.66,16,0
05/25/2016 06:45:00 PDT,4.15,16,0
05/25/2016 07:00:00 PDT,7.82,20,0
05/25/2016 07:15:00 PDT,14.48,22,0
05/25/2016 07:30:00 PDT,15.29,32,0
05/25/2016 07:45:00 PDT,8.55,27,0
05/25/2016 08:00:00 PDT,1.85,32,0
05/25/2016 08:15:00 PDT,1.56,30,0
05/25/2016 08:30:00 PDT,1.58,30,0
05/25/2016 08:45:00 PDT,1.96,35,0
05/25/2016 09:00:00 PDT,1.69,31,0
05/25/2016 09:15:00 PDT,2.38,39,0
05/25/2016 09:30:00 PDT,1.47,27,0
05/25/2016 09:45:00 PDT,1.98,31,0
05/25/2016 10:00:00 PDT,1.76,28,0
05/25/2016 10:15:00 PDT,1.76,26,0
05/25/2016 10:30:00 PDT,1.78,23,0
05/25/2016 10:45:00 PDT,2.38,35,0
05/25/2016 11:00:00 PDT,1.6,25,0
05/25/2016 11:15:00 PDT,1.5,23,0
05/25/2016 11:30:00 PDT,0.17,3,0
05/25/2016 11:45:00 PDT,n/a,n/a,n/a
05/25/2016 12:00:00 PDT,0.35,12,0
05/25/2016 12:15:00 PDT,1.66,30,0
05/25/2016 12:30:00 PDT,2.9,40,0
05/25/2016 12:45:00 PDT,1.83,25,0
05/25/2016 13:00:00 PDT,1.02,19,0
05/25/2016 13:15:00 PDT,2.28,34,0
05/25/2016 13:30:00 PDT,2.88,47,0
05/25/2016 13:45:00 PDT,2.17,35,0
05/25/2016 14:00:00 PDT,1.46,23,0
05/25/2016 14:15:00 PDT,3.52,46,0
05/25/2016 14:30:00 PDT,3.68,55,0
05/25/2016 14:45:00 PDT,4.84,41,0
05/25/2016 15:00:00 PDT,2.59,46,0
05/25/2016 15:15:00 PDT,3.84,62,0
05/25/2016 15:30:00 PDT,3.39,62,0
05/25/2016 15:45:00 PDT,2.8,47,0
05/25/2016 16:00:00 PDT,3.02,47,0
05/25/2016 16:15:00 PDT,2.84,52,0
05/25/2016 16:30:00 PDT,3.7,59,0
05/25/2016 16:45:00 PDT,5.25,96,0
05/25/2016 17:00:00 PDT,4.51,79,0
05/25/2016 17:15:00 PDT,2.65,43,0
05/25/2016 17:30:00 PDT,3.89,68,0
05/25/2016 17:45:00 PDT,2.93,49,0
05/25/2016 18:00:00 PDT,2.95,45,0
05/25/2016 18:15:00 PDT,2.58,43,0
05/25/2016 18:30:00 PDT,1.59,29,0
05/25/2016 18:45:00 PDT,1.73,34,0
05/25/2016 19:00:00 PDT,2.18,33,0
05/25/2016 19:15:00 PDT,1.43,23,0
05/25/2016 19:30:00 PDT,2.2,36,0
05/25/2016 19:45:00 PDT,2.19,37,0
05/25/2016 20:00:00 PDT,2.53,32,0
05/25/2016 20:15:00 PDT,1.38,25,0
05/25/2016 20:30:00 PDT,1.25,21,0
05/25/2016 20:45:00 PDT,1.86,29,0
05/25/2016 21:00:00 PDT,1.28,22,0
05/25/2016 21:15:00 PDT,1.88,28,0
05/25/2016 21:30:00 PDT,1.47,25,0
05/25/2016 21:45:00 PDT,1.79,28,0
05/25/2016 22:00:00 PDT,1.66,25,0
05/25/2016 22:15:00 PDT,1.28,21,0
05/25/2016 22:30:00 PDT,1.66,29,0
05/25/2016 22:45:00 PDT,2.39,39,0
05/25/2016 23:00:00 PDT,1.95,31,0
05/25/2016 23:15:00 PDT,1.77,29,0
05/25/2016 23:30:00 PDT,0.7,14,0
05/25/2016 23:45:00 PDT,1.57,25,0
05/26/2016 00:00:00 PDT,0.77,14,0
05/26/2016 00:15:00 PDT,0.69,13,0
05/26/2016 00:30:00 PDT,1.27,21,0
05/26/2016 00:45:00 PDT,0.59,12,0
05/26/2016 01:00:00 PDT,0.94,16,0
05/26/2016 01:15:00 PDT,0.85,14,0
05/26/2016 01:30:00 PDT,0.89,16,0
05/26/2016 01:45:00 PDT,0.81,15,0
05/26/2016 02:00:00 PDT,0.9,15,0
05/26/2016 02:15:00 PDT,0.85,15,0
05/26/2016 02:30:00 PDT,0.42,7,0
05/26/2016 02:45:00 PDT,0.65,10,0
05/26/2016 03:00:00 PDT,0.04,1,0
05/26/2016 03:15:00 PDT,0.43,7,0
05/26/2016 03:30:00 PDT,0.21,5,0
05/26/2016 03:45:00 PDT,0.08,1,0
05/26/2016 04:00:00 PDT,0.13,2,0
05/26/2016 04:15:00 PDT,0.16,3,0
05/26/2016 04:30:00 PDT,0.11,1,0
05/26/2016 04:45:00 PDT,0.3,5,0
05/26/2016 05:00:00 PDT,0.29,5,0
05/26/2016 05:15:00 PDT,0.22,4,0
05/26/2016 05:30:00 PDT,0.17,3,0
05/26/2016 05:45:00 PDT,0.74,14,0
05/26/2016 06:00:00 PDT,0.55,10,0
05/26/2016 06:15:00 PDT,0.95,19,0
05/26/2016 06:30:00 PDT,0.71,12,0
05/26/2016 06:45:00 PDT,1.1,21,0
05/26/2016 07:00:00 PDT,1.15,22,0
05/26/2016 07:15:00 PDT,1.26,21,0
05/26/2016 07:30:00 PDT,1.66,33,0
05/26/2016 07:45:00 PDT,2.16,29,0
05/26/2016 08:00:00 PDT,2.48,42,0
05/26/2016 08:15:00 PDT,2.04,34,0
05/26/2016 08:30:00 PDT,2.66,40,0
05/26/2016 08:45:00 PDT,1.61,32,0
05/26/2016 09:00:00 PDT,2.1,34,0
05/26/2016 09:15:00 PDT,1.67,28,0
05/26/2016 09:30:00 PDT,1.62,24,0
05/26/2016 09:45:00 PDT,1.88,31,0
05/26/2016 10:00:00 PDT,2.1,36,0
05/26/2016 10:15:00 PDT,4,56,0
05/26/2016 10:30:00 PDT,4.22,40,0
05/26/2016 10:45:00 PDT,1.65,30,0
05/26/2016 11:00:00 PDT,3.51,47,0
05/26/2016 11:15:00 PDT,3.66,54,0
05/26/2016 11:30:00 PDT,1.91,30,0
05/26/2016 11:45:00 PDT,2.85,42,0
05/26/2016 12:00:00 PDT,2.65,40,0
05/26/2016 12:15:00 PDT,2.74,35,0
05/26/2016 12:30:00 PDT,3.47,54,0
05/26/2016 12:45:00 PDT,4.12,64,0
05/26/2016 13:00:00 PDT,2.9,41,0
05/26/2016 13:15:00 PDT,2.53,41,0
05/26/2016 13:30:00 PDT,2.75,38,0
05/26/2016 13:45:00 PDT,3.02,46,0
05/26/2016 14:00:00 PDT,2.71,41,0
05/26/2016 14:15:00 PDT,2.72,46,0
05/26/2016 14:30:00 PDT,2.25,33,0
05/26/2016 14:45:00 PDT,4.13,44,0
05/26/2016 15:00:00 PDT,6.47,96,0
05/26/2016 15:15:00 PDT,3.55,61,0
05/26/2016 15:30:00 PDT,3.02,57,0
05/26/2016 15:45:00 PDT,2.69,50,0
05/26/2016 16:00:00 PDT,2.94,57,0
05/26/2016 16:15:00 PDT,2.86,46,0
05/26/2016 16:30:00 PDT,3.55,64,0
05/26/2016 16:45:00 PDT,3.48,57,0
05/26/2016 17:00:00 PDT,3.82,63,0
05/26/2016 17:15:00 PDT,3.27,57,0
05/26/2016 17:30:00 PDT,3.88,67,0
05/26/2016 17:45:00 PDT,3.42,59,0
05/26/2016 18:00:00 PDT,3.32,53,0
05/26/2016 18:15:00 PDT,2.5,40,0
05/26/2016 18:30:00 PDT,2.39,41,0
05/26/2016 18:45:00 PDT,1.96,34,0
05/26/2016 19:00:00 PDT,1.73,30,0
05/26/2016 19:15:00 PDT,1.23,21,0
05/26/2016 19:30:00 PDT,1.46,24,0
05/26/2016 19:45:00 PDT,3.66,54,0
05/26/2016 20:00:00 PDT,2.66,41,0
05/26/2016 20:15:00 PDT,1.52,22,0
05/26/2016 20:30:00 PDT,1.75,30,0
05/26/2016 20:45:00 PDT,1.97,31,0
05/26/2016 21:00:00 PDT,2.17,33,0
05/26/2016 21:15:00 PDT,1.72,27,0
05/26/2016 21:30:00 PDT,1.83,32,0
05/26/2016 21:45:00 PDT,2.65,41,0
05/26/2016 22:00:00 PDT,1.64,26,0
05/26/2016 22:15:00 PDT,1.45,23,0
05/26/2016 22:30:00 PDT,1.59,23,0
05/26/2016 22:45:00 PDT,1.37,23,0
05/26/2016 23:00:00 PDT,1.49,21,0
05/26/2016 23:15:00 PDT,1.43,24,0
05/26/2016 23:30:00 PDT,1.41,22,0
05/26/2016 23:45:00 PDT,1.98,28,0
05/27/2016 00:00:00 PDT,1.37,23,0
05/27/2016 00:15:00 PDT,1.12,13,0
05/27/2016 00:30:00 PDT,0.93,15,0
05/27/2016 00:45:00 PDT,0.55,11,0
05/27/2016 01:00:00 PDT,1,16,0
05/27/2016 01:15:00 PDT,1.55,20,0
05/27/2016 01:30:00 PDT,1.27,20,0
05/27/2016 01:45:00 PDT,0.93,14,0
05/27/2016 02:00:00 PDT,1.56,21,0
05/27/2016 02:15:00 PDT,0.89,15,0
05/27/2016 02:30:00 PDT,0.56,9,0
05/27/2016 02:45:00 PDT,0.23,4,0
05/27/2016 03:00:00 PDT,0.29,4,0
05/27/2016 03:15:00 PDT,0.53,6,0
05/27/2016 03:30:00 PDT,0,0,0
05/27/2016 03:45:00 PDT,0,0,0
05/27/2016 04:00:00 PDT,0.28,4,0
05/27/2016 04:15:00 PDT,0.27,4,0
05/27/2016 04:30:00 PDT,0.79,5,0
05/27/2016 04:45:00 PDT,0.16,3,0
05/27/2016 05:00:00 PDT,0.38,4,0
05/27/2016 05:15:00 PDT,0.46,8,0
05/27/2016 05:30:00 PDT,0.56,7,0
05/27/2016 05:45:00 PDT,0.7,11,0
05/27/2016 06:00:00 PDT,0.67,12,0
05/27/2016 06:15:00 PDT,1.36,20,0
05/27/2016 06:30:00 PDT,0.87,14,0
05/27/2016 06:45:00 PDT,0.82,16,0
05/27/2016 07:00:00 PDT,0.76,15,0
05/27/2016 07:15:00 PDT,1.79,32,0
05/27/2016 07:30:00 PDT,1.64,30,0
05/27/2016 07:45:00 PDT,1.78,32,0
05/27/2016 08:00:00 PDT,1.96,35,0
05/27/2016 08:15:00 PDT,1.87,35,0
05/27/2016 08:30:00 PDT,1.89,35,0
05/27/2016 08:45:00 PDT,2.44,39,0
05/27/2016 09:00:00 PDT,2.41,42,0
05/27/2016 09:15:00 PDT,1.94,32,0
05/27/2016 09:30:00 PDT,2.74,40,0
05/27/2016 09:45:00 PDT,1.91,34,0
05/27/2016 10:00:00 PDT,2.46,39,0
05/27/2016 10:15:00 PDT,2.49,37,0
05/27/2016 10:30:00 PDT,1.12,20,0
05/27/2016 10:45:00 PDT,1.73,27,0
05/27/2016 11:00:00 PDT,2.04,31,0
05/27/2016 11:15:00 PDT,2.36,36,0
05/27/2016 11:30:00 PDT,3.57,47,0
05/27/2016 11:45:00 PDT,2.98,47,0
05/27/2016 12:00:00 PDT,4.06,56,0
05/27/2016 12:15:00 PDT,3.58,49,0
05/27/2016 12:30:00 PDT,3.02,44,0
05/27/2016 12:45:00 PDT,2.58,40,0
05/27/2016 13:00:00 PDT,2.34,35,0
05/27/2016 13:15:00 PDT,1.95,33,0
05/27/2016 13:30:00 PDT,2.73,42,0
05/27/2016 13:45:00 PDT,3.25,48,0
05/27/2016 14:00:00 PDT,3.09,44,0
05/27/2016 14:15:00 PDT,2.57,39,0
05/27/2016 14:30:00 PDT,3,44,0
05/27/2016 14:45:00 PDT,3.12,50,0
05/27/2016 15:00:00 PDT,2.91,53,0
05/27/2016 15:15:00 PDT,3.76,62,0
05/27/2016 15:30:00 PDT,3.69,64,0
05/27/2016 15:45:00 PDT,3.9,68,0
05/27/2016 16:00:00 PDT,4.03,68,0
05/27/2016 16:15:00 PDT,4.43,71,0
05/27/2016 16:30:00 PDT,3.34,57,0
05/27/2016 16:45:00 PDT,4.01,65,0
05/27/2016 17:00:00 PDT,2.86,50,0
05/27/2016 17:15:00 PDT,3.37,58,0
05/27/2016 17:30:00 PDT,4.48,70,0
05/27/2016 17:45:00 PDT,4.22,65,0
05/27/2016 18:00:00 PDT,3.77,55,0
05/27/2016 18:15:00 PDT,2.32,41,0
05/27/2016 18:30:00 PDT,2.35,43,0
05/27/2016 18:45:00 PDT,2.34,43,0
05/27/2016 19:00:00 PDT,1.87,29,0
05/27/2016 19:15:00 PDT,1.49,24,0
05/27/2016 19:30:00 PDT,2.11,32,0
05/27/2016 19:45:00 PDT,2.06,32,0
05/27/2016 20:00:00 PDT,1.76,27,0
05/27/2016 20:15:00 PDT,2.43,36,0
05/27/2016 20:30:00 PDT,1.54,24,0
05/27/2016 20:45:00 PDT,2.01,31,0
05/27/2016 21:00:00 PDT,2.13,32,0
05/27/2016 21:15:00 PDT,1.94,28,0
05/27/2016 21:30:00 PDT,1.76,30,0
05/27/2016 21:45:00 PDT,2.52,37,0
05/27/2016 22:00:00 PDT,1.95,32,0
05/27/2016 22:15:00 PDT,2.54,35,0
05/27/2016 22:30:00 PDT,1.44,23,0
05/27/2016 22:45:00 PDT,2.6,40,0
05/27/2016 23:00:00 PDT,2.34,30,0
05/27/2016 23:15:00 PDT,2.32,35,0
05/27/2016 23:30:00 PDT,3.05,45,0
05/27/2016 23:45:00 PDT,3.19,40,0
05/28/2016 00:00:00 PDT,2.48,38,0
05/28/2016 00:15:00 PDT,2.57,33,0
05/28/2016 00:30:00 PDT,3.04,42,0
05/28/2016 00:45:00 PDT,3.04,41,0
05/28/2016 01:00:00 PDT,1.86,30,0
05/28/2016 01:15:00 PDT,2.35,31,0
05/28/2016 01:30:00 PDT,2.97,42,0
05/28/2016 01:45:00 PDT,3.31,46,0
05/28/2016 02:00:00 PDT,3.52,46,0
05/28/2016 02:15:00 PDT,3.78,54,0
05/28/2016 02:30:00 PDT,1.91,32,0
05/28/2016 02:45:00 PDT,1.21,18,0
05/28/2016 03:00:00 PDT,0.94,14,0
05/28/2016 03:15:00 PDT,0.17,3,0
05/28/2016 03:30:00 PDT,0.19,3,0
05/28/2016 03:45:00 PDT,0.35,7,0
05/28/2016 04:00:00 PDT,0.14,3,0
05/28/2016 04:15:00 PDT,0.35,6,0
05/28/2016 04:30:00 PDT,0.17,4,0
05/28/2016 04:45:00 PDT,0.17,3,0
05/28/2016 05:00:00 PDT,0.28,2,0
05/28/2016 05:15:00 PDT,0.16,3,0
05/28/2016 05:30:00 PDT,0.12,2,0
05/28/2016 05:45:00 PDT,0.64,7,0
05/28/2016 06:00:00 PDT,0.38,7,0
05/28/2016 06:15:00 PDT,0.59,9,0
05/28/2016 06:30:00 PDT,0.51,9,0
05/28/2016 06:45:00 PDT,0.66,11,0
05/28/2016 07:00:00 PDT,0.56,9,0
05/28/2016 07:15:00 PDT,0.55,8,0
05/28/2016 07:30:00 PDT,0.65,11,0
05/28/2016 07:45:00 PDT,0.89,15,0
05/28/2016 08:00:00 PDT,1.22,20,0
05/28/2016 08:15:00 PDT,1.3,21,0
05/28/2016 08:30:00 PDT,1.56,24,0
05/28/2016 08:45:00 PDT,1.03,18,0
05/28/2016 09:00:00 PDT,1.66,27,0
05/28/2016 09:15:00 PDT,1.37,22,0
05/28/2016 09:30:00 PDT,1.2,18,0
05/28/2016 09:45:00 PDT,3.98,29,0
05/28/2016 10:00:00 PDT,1.49,25,0
05/28/2016 10:15:00 PDT,1.96,29,0
05/28/2016 10:30:00 PDT,4.7,35,0
05/28/2016 10:45:00 PDT,3.16,45,0
05/28/2016 11:00:00 PDT,2.71,41,0
05/28/2016 11:15:00 PDT,1.96,30,0
05/28/2016 11:30:00 PDT,1.66,28,0
05/28/2016 11:45:00 PDT,2.38,35,0
05/28/2016 12:00:00 PDT,3.61,46,0
05/28/2016 12:15:00 PDT,2.33,35,0
05/28/2016 12:30:00 PDT,2.39,38,0
05/28/2016 12:45:00 PDT,1.76,27,0
05/28/2016 13:00:00 PDT,1.54,24,0
05/28/2016 13:15:00 PDT,2.14,31,0
05/28/2016 13:30:00 PDT,2.55,38,0
05/28/2016 13:45:00 PDT,2.41,34,0
05/28/2016 14:00:00 PDT,2.75,38,0
05/28/2016 14:15:00 PDT,2.87,41,0
05/28/2016 14:30:00 PDT,2.37,36,0
05/28/2016 14:45:00 PDT,1.59,28,0
05/28/2016 15:00:00 PDT,2.66,40,0
05/28/2016 15:15:00 PDT,2.27,32,0
05/28/2016 15:30:00 PDT,1.81,26,0
05/28/2016 15:45:00 PDT,1.56,25,0
05/28/2016 16:00:00 PDT,2.02,32,0
05/28/2016 16:15:00 PDT,1.68,24,0
05/28/2016 16:30:00 PDT,1.76,27,0
05/28/2016 16:45:00 PDT,2.68,41,0
05/28/2016 17:00:00 PDT,1.72,28,0
05/28/2016 17:15:00 PDT,2.22,35,0
05/28/2016 17:30:00 PDT,1.69,28,0
05/28/2016 17:45:00 PDT,2.18,35,0
05/28/2016 18:00:00 PDT,2.28,35,0
05/28/2016 18:15:00 PDT,1.86,30,0
05/28/2016 18:30:00 PDT,1.65,27,0
05/28/2016 18:45:00 PDT,2.31,38,0
05/28/2016 19:00:00 PDT,2.23,35,0
05/28/2016 19:15:00 PDT,2.52,38,0
05/28/2016 19:30:00 PDT,2.12,35,0
05/28/2016 19:45:00 PDT,1.86,33,0
05/28/2016 20:00:00 PDT,1.99,28,0
05/28/2016 20:15:00 PDT,2.08,33,0
05/28/2016 20:30:00 PDT,1.66,28,0
05/28/2016 20:45:00 PDT,2.3,29,0
05/28/2016 21:00:00 PDT,2.41,34,0
05/28/2016 21:15:00 PDT,2.01,30,0
05/28/2016 21:30:00 PDT,2.19,39,0
05/28/2016 21:45:00 PDT,1.05,17,0
05/28/2016 22:00:00 PDT,2.09,34,0
05/28/2016 22:15:00 PDT,2.13,33,0
05/28/2016 22:30:00 PDT,3.24,42,0
05/28/2016 22:45:00 PDT,2.34,37,0
05/28/2016 23:00:00 PDT,2.37,30,0
05/28/2016 23:15:00 PDT,2.15,33,0
05/28/2016 23:30:00 PDT,2.75,31,0
05/28/2016 23:45:00 PDT,2.98,40,0
05/29/2016 00:00:00 PDT,1.77,23,0
05/29/2016 00:15:00 PDT,4.3,51,0
05/29/2016 00:30:00 PDT,3,42,0
05/29/2016 00:45:00 PDT,2.12,31,0
05/29/2016 01:00:00 PDT,2.68,29,0
05/29/2016 01:15:00 PDT,1.98,28,0
05/29/2016 01:30:00 PDT,2.15,32,0
05/29/2016 01:45:00 PDT,2.94,41,0
05/29/2016 02:00:00 PDT,3.9,44,0
05/29/2016 02:15:00 PDT,0.67,7,0
05/29/2016 02:30:00 PDT,2.44,26,0
05/29/2016 02:45:00 PDT,2.24,33,0
05/29/2016 03:00:00 PDT,1.17,17,0
05/29/2016 03:15:00 PDT,0.86,14,0
05/29/2016 03:30:00 PDT,0.56,8,0
05/29/2016 03:45:00 PDT,0.42,7,0
05/29/2016 04:00:00 PDT,0.45,7,0
05/29/2016 04:15:00 PDT,0.26,5,0
05/29/2016 04:30:00 PDT,0.24,3,0
05/29/2016 04:45:00 PDT,0.32,6,0
05/29/2016 05:00:00 PDT,0.12,2,0
05/29/2016 05:15:00 PDT,0.36,5,0
05/29/2016 05:30:00 PDT,0.15,3,0
05/29/2016 05:45:00 PDT,0.22,5,0
05/29/2016 06:00:00 PDT,0.27,4,0
05/29/2016 06:15:00 PDT,0.23,4,0
05/29/2016 06:30:00 PDT,0.27,5,0
05/29/2016 06:45:00 PDT,0.31,5,0
05/29/2016 07:00:00 PDT,0.5,9,0
05/29/2016 07:15:00 PDT,0.48,8,0
05/29/2016 07:30:00 PDT,0.51,9,0
05/29/2016 07:45:00 PDT,1.1,19,0
05/29/2016 08:00:00 PDT,0.74,11,0
05/29/2016 08:15:00 PDT,0.89,14,0
05/29/2016 08:30:00 PDT,0.89,17,0
05/29/2016 08:45:00 PDT,1.24,19,0
05/29/2016 09:00:00 PDT,1.31,20,0
05/29/2016 09:15:00 PDT,1.2,22,0
05/29/2016 09:30:00 PDT,1.55,25,0
05/29/2016 09:45:00 PDT,1.9,28,0
05/29/2016 10:00:00 PDT,2.23,34,0
05/29/2016 10:15:00 PDT,2.06,28,0
05/29/2016 10:30:00 PDT,1.73,29,0
05/29/2016 10:45:00 PDT,2.32,36,0
05/29/2016 11:00:00 PDT,2.16,30,0
05/29/2016 11:15:00 PDT,1.61,24,0
05/29/2016 11:30:00 PDT,4.08,30,0
05/29/2016 11:45:00 PDT,1.96,28,0
05/29/2016 12:00:00 PDT,2.52,39,0
05/29/2016 12:15:00 PDT,1.89,33,0
05/29/2016 12:30:00 PDT,2.62,37,0
05/29/2016 12:45:00 PDT,1.49,21,0
05/29/2016 13:00:00 PDT,2.47,36,0
05/29/2016 13:15:00 PDT,1.91,30,0
05/29/2016 13:30:00 PDT,1.77,26,0
05/29/2016 13:45:00 PDT,1.42,21,0
05/29/2016 14:00:00 PDT,1.89,28,0
05/29/2016 14:15:00 PDT,2.66,38,0
05/29/2016 14:30:00 PDT,2.32,34,0
05/29/2016 14:45:00 PDT,3.71,33,0
05/29/2016 15:00:00 PDT,2.58,34,0
05/29/2016 15:15:00 PDT,3.29,41,0
05/29/2016 15:30:00 PDT,2.08,34,0
05/29/2016 15:45:00 PDT,3.15,38,0
05/29/2016 16:00:00 PDT,1.79,28,0
05/29/2016 16:15:00 PDT,1.69,29,0
05/29/2016 16:30:00 PDT,1.91,31,0
05/29/2016 16:45:00 PDT,2.06,26,0
05/29/2016 17:00:00 PDT,1.94,31,0
05/29/2016 17:15:00 PDT,3.03,51,0
05/29/2016 17:30:00 PDT,2.79,44,0
05/29/2016 17:45:00 PDT,1.97,35,0
05/29/2016 18:00:00 PDT,1.91,31,0
05/29/2016 18:15:00 PDT,2.4,38,0
05/29/2016 18:30:00 PDT,2.57,43,0
05/29/2016 18:45:00 PDT,2.66,40,0
05/29/2016 19:00:00 PDT,1.69,29,0
05/29/2016 19:15:00 PDT,2.25,30,0
05/29/2016 19:30:00 PDT,2.43,31,0
05/29/2016 19:45:00 PDT,1.91,31,0
05/29/2016 20:00:00 PDT,1.98,31,0
05/29/2016 20:15:00 PDT,2.18,37,0
05/29/2016 20:30:00 PDT,1.87,36,0
05/29/2016 20:45:00 PDT,1.14,20,0
05/29/2016 21:00:00 PDT,1.4,24,0
05/29/2016 21:15:00 PDT,1.7,33,0
05/29/2016 21:30:00 PDT,1.45,24,0
05/29/2016 21:45:00 PDT,1.74,27,0
05/29/2016 22:00:00 PDT,1.6,25,0
05/29/2016 22:15:00 PDT,2.51,34,0
05/29/2016 22:30:00 PDT,1.53,26,0
05/29/2016 22:45:00 PDT,1.37,20,0
05/29/2016 23:00:00 PDT,1.64,24,0
05/29/2016 23:15:00 PDT,2.45,29,0
05/29/2016 23:30:00 PDT,1.76,29,0
05/29/2016 23:45:00 PDT,1.6,27,0
05/30/2016 00:00:00 PDT,2.01,22,0
05/30/2016 00:15:00 PDT,1.88,23,0
05/30/2016 00:30:00 PDT,1.65,27,0
05/30/2016 00:45:00 PDT,1.98,30,0
05/30/2016 01:00:00 PDT,1.54,25,0
05/30/2016 01:15:00 PDT,1.73,25,0
05/30/2016 01:30:00 PDT,1,17,0
05/30/2016 01:45:00 PDT,1.97,30,0
05/30/2016 02:00:00 PDT,2.23,33,0
05/30/2016 02:15:00 PDT,2.72,38,0
05/30/2016 02:30:00 PDT,1.66,25,0
05/30/2016 02:45:00 PDT,1.1,18,0
05/30/2016 03:00:00 PDT,0.72,12,0
05/30/2016 03:15:00 PDT,0.47,7,0
05/30/2016 03:30:00 PDT,0.37,7,0
05/30/2016 03:45:00 PDT,0.46,7,0
05/30/2016 04:00:00 PDT,0.28,5,0
05/30/2016 04:15:00 PDT,0.21,3,0
05/30/2016 04:30:00 PDT,0.23,3,0
05/30/2016 04:45:00 PDT,0.35,5,0
05/30/2016 05:00:00 PDT,0.21,3,0
05/30/2016 05:15:00 PDT,0.46,5,0
05/30/2016 05:30:00 PDT,0.31,5,0
05/30/2016 05:45:00 PDT,0.56,9,0
05/30/2016 06:00:00 PDT,0.14,3,0
05/30/2016 06:15:00 PDT,0.32,5,0
05/30/2016 06:30:00 PDT,0.24,6,0
05/30/2016 06:45:00 PDT,0.29,5,0
05/30/2016 07:00:00 PDT,0.64,13,0
05/30/2016 07:15:00 PDT,0.48,9,0
05/30/2016 07:30:00 PDT,0.67,14,0
05/30/2016 07:45:00 PDT,0.6,10,0
05/30/2016 08:00:00 PDT,0.77,14,0
05/30/2016 08:15:00 PDT,0.9,13,0
05/30/2016 08:30:00 PDT,0.86,11,0
05/30/2016 08:45:00 PDT,1.02,20,0
05/30/2016 09:00:00 PDT,0.97,17,0
05/30/2016 09:15:00 PDT,0.94,17,0
05/30/2016 09:30:00 PDT,1.56,29,0
05/30/2016 09:45:00 PDT,1.12,18,0
05/30/2016 10:00:00 PDT,1.73,29,0
05/30/2016 10:15:00 PDT,1.4,23,0
05/30/2016 10:30:00 PDT,1.83,27,0
05/30/2016 10:45:00 PDT,1.56,23,0
05/30/2016 11:00:00 PDT,1.67,30,0
05/30/2016 11:15:00 PDT,1.95,27,0
05/30/2016 11:30:00 PDT,1.59,26,0
05/30/2016 11:45:00 PDT,2.22,29,0
05/30/2016 12:00:00 PDT,1.79,29,0
05/30/2016 12:15:00 PDT,1.99,32,0
05/30/2016 12:30:00 PDT,1.92,31,0
05/30/2016 12:45:00 PDT,2.15,33,0
05/30/2016 13:00:00 PDT,1.74,26,0
05/30/2016 13:15:00 PDT,1.89,29,0
05/30/2016 13:30:00 PDT,3.52,33,0
05/30/2016 13:45:00 PDT,2.64,35,0
05/30/2016 14:00:00 PDT,2.53,41,0
05/30/2016 14:15:00 PDT,1.52,25,0
05/30/2016 14:30:00 PDT,2.05,32,0
05/30/2016 14:45:00 PDT,1.66,30,0
05/30/2016 15:00:00 PDT,2.34,39,0
05/30/2016 15:15:00 PDT,1.28,22,0
05/30/2016 15:30:00 PDT,1.77,29,0
05/30/2016 15:45:00 PDT,2.51,44,0
05/30/2016 16:00:00 PDT,1.93,32,0
05/30/2016 16:15:00 PDT,1.85,34,0
05/30/2016 16:30:00 PDT,1.68,29,0
05/30/2016 16:45:00 PDT,2.27,38,0
05/30/2016 17:00:00 PDT,1.22,25,0
05/30/2016 17:15:00 PDT,2.13,37,0
05/30/2016 17:30:00 PDT,2.05,37,0
05/30/2016 17:45:00 PDT,1.7,29,0
05/30/2016 18:00:00 PDT,1.51,29,0
05/30/2016 18:15:00 PDT,1.67,32,0
05/30/2016 18:30:00 PDT,1.39,27,0
05/30/2016 18:45:00 PDT,1.11,22,0
05/30/2016 19:00:00 PDT,1.7,27,0
05/30/2016 19:15:00 PDT,1.34,23,0
05/30/2016 19:30:00 PDT,1.55,28,0
05/30/2016 19:45:00 PDT,1.13,22,0
05/30/2016 20:00:00 PDT,1.49,26,0
05/30/2016 20:15:00 PDT,1.13,18,0
05/30/2016 20:30:00 PDT,1.05,17,0
05/30/2016 20:45:00 PDT,1.36,22,0
05/30/2016 21:00:00 PDT,1.46,26,0
05/30/2016 21:15:00 PDT,0.63,10,0
05/30/2016 21:30:00 PDT,0.99,17,0
05/30/2016 21:45:00 PDT,1.04,18,0
05/30/2016 22:00:00 PDT,1.65,28,0
05/30/2016 22:15:00 PDT,1.02,19,0
05/30/2016 22:30:00 PDT,0.71,14,0
05/30/2016 22:45:00 PDT,0.83,16,0
05/30/2016 23:00:00 PDT,1.16,20,0
05/30/2016 23:15:00 PDT,0.69,12,0
05/30/2016 23:30:00 PDT,0.46,9,0
05/30/2016 23:45:00 PDT,0.39,6,0
05/31/2016 00:00:00 PDT,0.77,12,0
05/31/2016 00:15:00 PDT,0.5,9,0
05/31/2016 00:30:00 PDT,0.25,4,0
05/31/2016 00:45:00 PDT,0.32,6,0
05/31/2016 01:00:00 PDT,0.4,7,0
05/31/2016 01:15:00 PDT,0.11,2,0
05/31/2016 01:30:00 PDT,0.35,6,0
05/31/2016 01:45:00 PDT,0.28,7,0
05/31/2016 02:00:00 PDT,0.19,3,0
05/31/2016 02:15:00 PDT,0.48,5,0
05/31/2016 02:30:00 PDT,0.11,2,0
05/31/2016 02:45:00 PDT,0.24,3,0
05/31/2016 03:00:00 PDT,0,0,0
05/31/2016 03:15:00 PDT,0.14,2,0
05/31/2016 03:30:00 PDT,0.12,3,0
05/31/2016 03:45:00 PDT,0.4,6,0
05/31/2016 04:00:00 PDT,0.06,1,0
05/31/2016 04:15:00 PDT,0.06,1,0
05/31/2016 04:30:00 PDT,0.15,3,0
05/31/2016 04:45:00 PDT,0.09,2,0
05/31/2016 05:00:00 PDT,0.24,4,0
05/31/2016 05:15:00 PDT,0.21,4,0
05/31/2016 05:30:00 PDT,0.65,10,0
05/31/2016 05:45:00 PDT,0.39,9,0
05/31/2016 06:00:00 PDT,0.63,12,0
05/31/2016 06:15:00 PDT,0.66,12,0
05/31/2016 06:30:00 PDT,0.72,13,0
05/31/2016 06:45:00 PDT,0.77,14,0
05/31/2016 07:00:00 PDT,0.71,13,0
05/31/2016 07:15:00 PDT,1.17,21,0
05/31/2016 07:30:00 PDT,1.74,36,0
05/31/2016 07:45:00 PDT,1.42,26,0
05/31/2016 08:00:00 PDT,1.19,26,0
05/31/2016 08:15:00 PDT,2.31,41,0
05/31/2016 08:30:00 PDT,1.41,30,0
05/31/2016 08:45:00 PDT,1.39,24,0
05/31/2016 09:00:00 PDT,1.76,32,0
05/31/2016 09:15:00 PDT,1.51,29,0
05/31/2016 09:30:00 PDT,1.57,28,0
05/31/2016 09:45:00 PDT,2.09,39,0
05/31/2016 10:00:00 PDT,1.58,28,0
05/31/2016 10:15:00 PDT,1.13,19,0
05/31/2016 10:30:00 PDT,1.96,31,0
05/31/2016 10:45:00 PDT,2.03,33,0
05/31/2016 11:00:00 PDT,2.38,41,0
05/31/2016 11:15:00 PDT,1.85,32,0
05/31/2016 11:30:00 PDT,3.35,56,0
05/31/2016 11:45:00 PDT,1.59,28,0
05/31/2016 12:00:00 PDT,2.45,36,0
05/31/2016 12:15:00 PDT,1.22,23,0
05/31/2016 12:30:00 PDT,1.76,30,0
05/31/2016 12:45:00 PDT,2.37,41,0
05/31/2016 13:00:00 PDT,1.97,33,0
05/31/2016 13:15:00 PDT,2.81,44,0
05/31/2016 13:30:00 PDT,2.84,41,0
05/31/2016 13:45:00 PDT,2.16,33,0
05/31/2016 14:00:00 PDT,1.97,30,0
05/31/2016 14:15:00 PDT,3.01,43,0
05/31/2016 14:30:00 PDT,2.38,41,0
05/31/2016 14:45:00 PDT,2.64,43,0
05/31/2016 15:00:00 PDT,2.19,42,0
05/31/2016 15:15:00 PDT,3.21,55,0
05/31/2016 15:30:00 PDT,2.04,38,0
05/31/2016 15:45:00 PDT,2.47,43,0
05/31/2016 16:00:00 PDT,2.69,45,0
05/31/2016 16:15:00 PDT,4.17,70,0
05/31/2016 16:30:00 PDT,3.56,61,0
05/31/2016 16:45:00 PDT,3.64,51,0
05/31/2016 17:00:00 PDT,2.84,50,0
05/31/2016 17:15:00 PDT,2.72,47,0
05/31/2016 17:30:00 PDT,3.67,64,0
05/31/2016 17:45:00 PDT,2.13,40,0
05/31/2016 18:00:00 PDT,2.24,45,0
05/31/2016 18:15:00 PDT,1.77,32,0
05/31/2016 18:30:00 PDT,1.92,40,0
05/31/2016 18:45:00 PDT,1.27,23,0
05/31/2016 19:00:00 PDT,1.47,26,0
05/31/2016 19:15:00 PDT,1.5,25,0
05/31/2016 19:30:00 PDT,1.41,23,0
05/31/2016 19:45:00 PDT,1.73,29,0
05/31/2016 20:00:00 PDT,1.52,26,0
05/31/2016 20:15:00 PDT,0.97,17,0
05/31/2016 20:30:00 PDT,1.38,24,0
05/31/2016 20:45:00 PDT,1.59,25,0
05/31/2016 21:00:00 PDT,1.31,25,0
05/31/2016 21:15:00 PDT,0.94,16,0
05/31/2016 21:30:00 PDT,1.08,19,0
05/31/2016 21:45:00 PDT,0.97,15,0
05/31/2016 22:00:00 PDT,1.4,22,0
05/31/2016 22:15:00 PDT,1.11,18,0
05/31/2016 22:30:00 PDT,0.94,16,0
05/31/2016 22:45:00 PDT,1.13,20,0
05/31/2016 23:00:00 PDT,1.45,22,0
05/31/2016 23:15:00 PDT,0.73,14,0
05/31/2016 23:30:00 PDT,1.31,20,0
05/31/2016 23:45:00 PDT,0.52,11,0
06/01/2016 00:00:00 PDT,0.67,12,0
06/01/2016 00:15:00 PDT,1.13,18,0
06/01/2016 00:30:00 PDT,0.32,5,0
06/01/2016 00:45:00 PDT,0.32,6,0
06/01/2016 01:00:00 PDT,0.53,8,0
06/01/2016 01:15:00 PDT,0.43,7,0
06/01/2016 01:30:00 PDT,0.32,5,0
06/01/2016 01:45:00 PDT,0.51,10,0
06/01/2016 02:00:00 PDT,0.44,8,0
06/01/2016 02:15:00 PDT,0.24,4,0
06/01/2016 02:30:00 PDT,0.14,2,0
06/01/2016 02:45:00 PDT,0.11,2,0
06/01/2016 03:00:00 PDT,0,0,0
06/01/2016 03:15:00 PDT,0.14,3,0
06/01/2016 03:30:00 PDT,0.07,1,0
06/01/2016 03:45:00 PDT,0.28,4,0
06/01/2016 04:00:00 PDT,0.13,2,0
06/01/2016 04:15:00 PDT,0.02,1,0
06/01/2016 04:30:00 PDT,0.42,6,0
06/01/2016 04:45:00 PDT,0,0,0
06/01/2016 05:00:00 PDT,0.47,7,0
06/01/2016 05:15:00 PDT,0.14,3,0
06/01/2016 05:30:00 PDT,0.73,11,0
06/01/2016 05:45:00 PDT,0.44,6,0
06/01/2016 06:00:00 PDT,0.45,8,0
06/01/2016 06:15:00 PDT,0.83,17,0
06/01/2016 06:30:00 PDT,1.06,18,0
06/01/2016 06:45:00 PDT,0.83,18,0
06/01/2016 07:00:00 PDT,1.06,22,0
06/01/2016 07:15:00 PDT,1.65,22,0
06/01/2016 07:30:00 PDT,1.65,26,0
06/01/2016 07:45:00 PDT,1.57,26,0
06/01/2016 08:00:00 PDT,2.08,35,0
06/01/2016 08:15:00 PDT,2.46,41,0
06/01/2016 08:30:00 PDT,2.14,32,0
06/01/2016 08:45:00 PDT,1.45,27,0
06/01/2016 09:00:00 PDT,2.36,37,0
06/01/2016 09:15:00 PDT,1.93,24,0
06/01/2016 09:30:00 PDT,1.7,34,0
06/01/2016 09:45:00 PDT,2.32,43,0
06/01/2016 10:00:00 PDT,2.17,30,0
06/01/2016 10:15:00 PDT,3.02,47,0
06/01/2016 10:30:00 PDT,1.98,29,0
06/01/2016 10:45:00 PDT,2.09,28,0
06/01/2016 11:00:00 PDT,3.15,46,0
06/01/2016 11:15:00 PDT,1.9,28,0
06/01/2016 11:30:00 PDT,2.97,41,0
06/01/2016 11:45:00 PDT,1.66,28,0
06/01/2016 12:00:00 PDT,1.22,20,0
06/01/2016 12:15:00 PDT,2.21,33,0
06/01/2016 12:30:00 PDT,2.66,31,0
06/01/2016 12:45:00 PDT,2.23,36,0
06/01/2016 13:00:00 PDT,2.84,42,0
06/01/2016 13:15:00 PDT,3.07,47,0
06/01/2016 13:30:00 PDT,2.79,41,0
06/01/2016 13:45:00 PDT,3.28,48,0
06/01/2016 14:00:00 PDT,2.81,43,0
06/01/2016 14:15:00 PDT,2.57,38,0
06/01/2016 14:30:00 PDT,2.42,36,0
06/01/2016 14:45:00 PDT,2.15,33,0
06/01/2016 15:00:00 PDT,2.34,39,0
06/01/2016 15:15:00 PDT,3.07,50,0
06/01/2016 15:30:00 PDT,2.97,55,0
06/01/2016 15:45:00 PDT,2.46,39,0
06/01/2016 16:00:00 PDT,3.4,61,0
06/01/2016 16:15:00 PDT,3.42,59,0
06/01/2016 16:30:00 PDT,3.19,55,0
06/01/2016 16:45:00 PDT,4.38,69,0
06/01/2016 17:00:00 PDT,4.12,72,0
06/01/2016 17:15:00 PDT,2.4,43,0
06/01/2016 17:30:00 PDT,2.66,54,0
06/01/2016 17:45:00 PDT,2.59,48,0
06/01/2016 18:00:00 PDT,1.97,37,0
06/01/2016 18:15:00 PDT,1.95,37,0
06/01/2016 18:30:00 PDT,1.99,33,0
06/01/2016 18:45:00 PDT,1.31,23,0
06/01/2016 19:00:00 PDT,2.03,35,0
06/01/2016 19:15:00 PDT,2.78,45,0
06/01/2016 19:30:00 PDT,2.33,40,0
06/01/2016 19:45:00 PDT,2.69,41,0
06/01/2016 20:00:00 PDT,2.05,32,0
06/01/2016 20:15:00 PDT,1.79,28,0
06/01/2016 20:30:00 PDT,1.65,27,0
06/01/2016 20:45:00 PDT,2.07,37,0
06/01/2016 21:00:00 PDT,2.24,35,0
06/01/2016 21:15:00 PDT,1.76,25,0
06/01/2016 21:30:00 PDT,1.32,21,0
06/01/2016 21:45:00 PDT,1.06,19,0
06/01/2016 22:00:00 PDT,1.22,22,0
06/01/2016 22:15:00 PDT,2.01,34,0
06/01/2016 22:30:00 PDT,3.38,60,0
06/01/2016 22:45:00 PDT,3.87,67,0
06/01/2016 23:00:00 PDT,2.77,49,0
06/01/2016 23:15:00 PDT,1.82,32,0
06/01/2016 23:30:00 PDT,1.04,16,0
06/01/2016 23:45:00 PDT,1.59,28,0
06/02/2016 00:00:00 PDT,1,15,0
06/02/2016 00:15:00 PDT,1.02,17,0
06/02/2016 00:30:00 PDT,0.89,18,0
06/02/2016 00:45:00 PDT,1,18,0
06/02/2016 01:00:00 PDT,0.9,14,0
06/02/2016 01:15:00 PDT,1.33,20,0
06/02/2016 01:30:00 PDT,0.84,16,0
06/02/2016 01:45:00 PDT,1.36,22,0
06/02/2016 02:00:00 PDT,1.12,19,0
06/02/2016 02:15:00 PDT,1.38,19,0
06/02/2016 02:30:00 PDT,0.55,9,0
06/02/2016 02:45:00 PDT,0.31,5,0
06/02/2016 03:00:00 PDT,0.35,6,0
06/02/2016 03:15:00 PDT,0.17,3,0
06/02/2016 03:30:00 PDT,0.35,5,0
06/02/2016 03:45:00 PDT,0.07,1,0
06/02/2016 04:00:00 PDT,0.2,4,0
06/02/2016 04:15:00 PDT,0.18,3,0
06/02/2016 04:30:00 PDT,0.07,1,0
06/02/2016 04:45:00 PDT,0.17,3,0
06/02/2016 05:00:00 PDT,0.33,6,0
06/02/2016 05:15:00 PDT,0.18,3,0
06/02/2016 05:30:00 PDT,0.71,13,0
06/02/2016 05:45:00 PDT,1.06,15,0
06/02/2016 06:00:00 PDT,0.5,10,0
06/02/2016 06:15:00 PDT,0.91,16,0
06/02/2016 06:30:00 PDT,0.72,15,0
06/02/2016 06:45:00 PDT,0.52,10,0
06/02/2016 07:00:00 PDT,1.17,22,0
06/02/2016 07:15:00 PDT,1.41,25,0
06/02/2016 07:30:00 PDT,1.42,26,0
06/02/2016 07:45:00 PDT,1.31,25,0
06/02/2016 08:00:00 PDT,2.62,49,0
06/02/2016 08:15:00 PDT,2.11,37,0
06/02/2016 08:30:00 PDT,1.61,26,0
06/02/2016 08:45:00 PDT,1.58,28,0
06/02/2016 09:00:00 PDT,2.02,35,0
06/02/2016 09:15:00 PDT,2.31,33,0
06/02/2016 09:30:00 PDT,1.69,33,0
06/02/2016 09:45:00 PDT,1.85,31,0
06/02/2016 10:00:00 PDT,2.02,29,0
06/02/2016 10:15:00 PDT,1.32,21,0
06/02/2016 10:30:00 PDT,1.98,27,0
06/02/2016 10:45:00 PDT,2.37,35,0
06/02/2016 11:00:00 PDT,3.27,40,0
06/02/2016 11:15:00 PDT,2.68,37,0
06/02/2016 11:30:00 PDT,2.3,35,0
06/02/2016 11:45:00 PDT,2.52,36,0
06/02/2016 12:00:00 PDT,1.7,28,0
06/02/2016 12:15:00 PDT,2.81,28,0
06/02/2016 12:30:00 PDT,1.53,26,0
06/02/2016 12:45:00 PDT,2.58,38,0
06/02/2016 13:00:00 PDT,2.17,34,0
06/02/2016 13:15:00 PDT,2.04,34,0
06/02/2016 13:30:00 PDT,1.81,29,0
06/02/2016 13:45:00 PDT,1.75,28,0
06/02/2016 14:00:00 PDT,2.17,32,0
06/02/2016 14:15:00 PDT,1.89,31,0
06/02/2016 14:30:00 PDT,2.18,37,0
06/02/2016 14:45:00 PDT,2.68,40,0
06/02/2016 15:00:00 PDT,1.97,35,0
06/02/2016 15:15:00 PDT,3.73,63,0
06/02/2016 15:30:00 PDT,3.29,46,0
06/02/2016 15:45:00 PDT,2.68,50,0
06/02/2016 16:00:00 PDT,2.64,47,0
06/02/2016 16:15:00 PDT,3.84,60,0
06/02/2016 16:30:00 PDT,3.08,48,0
06/02/2016 16:45:00 PDT,3.04,49,0
06/02/2016 17:00:00 PDT,4.19,73,0
06/02/2016 17:15:00 PDT,2.32,45,0
06/02/2016 17:30:00 PDT,2.22,40,0
06/02/2016 17:45:00 PDT,2.27,40,0
06/02/2016 18:00:00 PDT,1.8,35,0
06/02/2016 18:15:00 PDT,3.17,50,0
06/02/2016 18:30:00 PDT,2.68,49,0
06/02/2016 18:45:00 PDT,2.24,40,0
06/02/2016 19:00:00 PDT,2.18,37,0
06/02/2016 19:15:00 PDT,1.77,28,0
06/02/2016 19:30:00 PDT,1.69,27,0
06/02/2016 19:45:00 PDT,1.78,30,0
06/02/2016 20:00:00 PDT,1.92,24,0
06/02/2016 20:15:00 PDT,1.27,21,0
06/02/2016 20:30:00 PDT,1.6,25,0
06/02/2016 20:45:00 PDT,1.58,26,0
06/02/2016 21:00:00 PDT,1.68,27,0
06/02/2016 21:15:00 PDT,1.71,27,0
06/02/2016 21:30:00 PDT,1.46,20,0
06/02/2016 21:45:00 PDT,1.58,30,0
06/02/2016 22:00:00 PDT,1.22,22,0
06/02/2016 22:15:00 PDT,1.63,25,0
06/02/2016 22:30:00 PDT,1.5,25,0
06/02/2016 22:45:00 PDT,1.22,19,0
06/02/2016 23:00:00 PDT,1.06,17,0
06/02/2016 23:15:00 PDT,1.6,27,0
06/02/2016 23:30:00 PDT,1.44,20,0
06/02/2016 23:45:00 PDT,1.07,18,0
06/03/2016 00:00:00 PDT,1.26,22,0
06/03/2016 00:15:00 PDT,0.92,14,0
06/03/2016 00:30:00 PDT,0.74,11,0
06/03/2016 00:45:00 PDT,0.83,14,0
06/03/2016 01:00:00 PDT,1,16,0
06/03/2016 01:15:00 PDT,1.12,18,0
06/03/2016 01:30:00 PDT,0.96,16,0
06/03/2016 01:45:00 PDT,0.98,14,0
06/03/2016 02:00:00 PDT,0.74,12,0
06/03/2016 02:15:00 PDT,0.73,10,0
06/03/2016 02:30:00 PDT,0.83,13,0
06/03/2016 02:45:00 PDT,0.67,11,0
06/03/2016 03:00:00 PDT,0.27,5,0
06/03/2016 03:15:00 PDT,0.37,4,0
06/03/2016 03:30:00 PDT,0.12,3,0
06/03/2016 03:45:00 PDT,0.18,3,0
06/03/2016 04:00:00 PDT,0.25,5,0
06/03/2016 04:15:00 PDT,0.08,1,0
06/03/2016 04:30:00 PDT,0.13,2,0
06/03/2016 04:45:00 PDT,0.19,3,0
06/03/2016 05:00:00 PDT,0.55,8,0
06/03/2016 05:15:00 PDT,0.35,5,0
06/03/2016 05:30:00 PDT,0.5,8,0
06/03/2016 05:45:00 PDT,0.7,12,0
06/03/2016 06:00:00 PDT,0.48,9,0
06/03/2016 06:15:00 PDT,0.75,10,0
06/03/2016 06:30:00 PDT,1.03,19,0
06/03/2016 06:45:00 PDT,0.74,12,0
06/03/2016 07:00:00 PDT,0.98,22,0
06/03/2016 07:15:00 PDT,1.64,27,0
06/03/2016 07:30:00 PDT,1.72,34,0
06/03/2016 07:45:00 PDT,1.09,21,0
06/03/2016 08:00:00 PDT,2.1,40,0
06/03/2016 08:15:00 PDT,2.03,38,0
06/03/2016 08:30:00 PDT,1.63,28,0
06/03/2016 08:45:00 PDT,1.53,29,0
06/03/2016 09:00:00 PDT,1.75,28,0
06/03/2016 09:15:00 PDT,1.6,31,0
06/03/2016 09:30:00 PDT,1.76,30,0
06/03/2016 09:45:00 PDT,1.97,36,0
06/03/2016 10:00:00 PDT,1.95,29,0
06/03/2016 10:15:00 PDT,2.29,36,0
06/03/2016 10:30:00 PDT,2.64,45,0
06/03/2016 10:45:00 PDT,1.93,31,0
06/03/2016 11:00:00 PDT,2.91,38,0
06/03/2016 11:15:00 PDT,2.54,35,0
06/03/2016 11:30:00 PDT,2.96,50,0
06/03/2016 11:45:00 PDT,1.86,28,0
06/03/2016 12:00:00 PDT,2.36,35,0
06/03/2016 12:15:00 PDT,2.43,44,0
06/03/2016 12:30:00 PDT,2.55,40,0
06/03/2016 12:45:00 PDT,2.85,39,0
06/03/2016 13:00:00 PDT,2.79,38,0
06/03/2016 13:15:00 PDT,2.79,39,0
06/03/2016 13:30:00 PDT,2.62,42,0
06/03/2016 13:45:00 PDT,2.7,41,0
06/03/2016 14:00:00 PDT,2.62,38,0
06/03/2016 14:15:00 PDT,3.47,50,0
06/03/2016 14:30:00 PDT,2.8,45,0
06/03/2016 14:45:00 PDT,3.13,50,0
06/03/2016 15:00:00 PDT,2.94,53,0
06/03/2016 15:15:00 PDT,3.82,59,0
06/03/2016 15:30:00 PDT,3.29,59,0
06/03/2016 15:45:00 PDT,3.79,64,0
06/03/2016 16:00:00 PDT,4.93,82,0
06/03/2016 16:15:00 PDT,3.22,59,0
06/03/2016 16:30:00 PDT,5.36,73,0
06/03/2016 16:45:00 PDT,2.93,51,0
06/03/2016 17:00:00 PDT,3.65,60,0
06/03/2016 17:15:00 PDT,2.78,52,0
06/03/2016 17:30:00 PDT,3.86,64,0
06/03/2016 17:45:00 PDT,3.5,57,0
06/03/2016 18:00:00 PDT,2.03,35,0
06/03/2016 18:15:00 PDT,1.98,33,0
06/03/2016 18:30:00 PDT,1.83,32,0
06/03/2016 18:45:00 PDT,2.08,35,0
06/03/2016 19:00:00 PDT,1.95,35,0
06/03/2016 19:15:00 PDT,2.09,34,0
06/03/2016 19:30:00 PDT,1.93,32,0
06/03/2016 19:45:00 PDT,2,35,0
06/03/2016 20:00:00 PDT,2.38,35,0
06/03/2016 20:15:00 PDT,2.2,33,0
06/03/2016 20:30:00 PDT,1.4,22,0
06/03/2016 20:45:00 PDT,1.92,31,0
06/03/2016 21:00:00 PDT,2.7,39,0
06/03/2016 21:15:00 PDT,1.93,30,0
06/03/2016 21:30:00 PDT,2.03,32,0
06/03/2016 21:45:00 PDT,1.82,27,0
06/03/2016 22:00:00 PDT,1.89,29,0
06/03/2016 22:15:00 PDT,3.09,40,0
06/03/2016 22:30:00 PDT,1.99,29,0
06/03/2016 22:45:00 PDT,3.07,41,0
06/03/2016 23:00:00 PDT,2.78,32,0
06/03/2016 23:15:00 PDT,4.95,41,0
06/03/2016 23:30:00 PDT,2.22,35,0
06/03/2016 23:45:00 PDT,2.3,33,0
06/04/2016 00:00:00 PDT,1.7,26,0
06/04/2016 00:15:00 PDT,3.23,41,0
06/04/2016 00:30:00 PDT,1.59,24,0
06/04/2016 00:45:00 PDT,2.46,38,0
06/04/2016 01:00:00 PDT,2.12,32,0
06/04/2016 01:15:00 PDT,3.22,46,0
06/04/2016 01:30:00 PDT,1.3,20,0
06/04/2016 01:45:00 PDT,4.34,64,0
06/04/2016 02:00:00 PDT,3.25,48,0
06/04/2016 02:15:00 PDT,2.68,39,0
06/04/2016 02:30:00 PDT,1.03,17,0
06/04/2016 02:45:00 PDT,1.07,14,0
06/04/2016 03:00:00 PDT,0.64,11,0
06/04/2016 03:15:00 PDT,0.61,9,0
06/04/2016 03:30:00 PDT,0.43,7,0
06/04/2016 03:45:00 PDT,0.34,6,0
06/04/2016 04:00:00 PDT,0.49,8,0
06/04/2016 04:15:00 PDT,0.35,6,0
06/04/2016 04:30:00 PDT,0.22,3,0
06/04/2016 04:45:00 PDT,0.28,5,0
06/04/2016 05:00:00 PDT,0.08,1,0
06/04/2016 05:15:00 PDT,0.22,3,0
06/04/2016 05:30:00 PDT,0,0,0
06/04/2016 05:45:00 PDT,0.33,6,0
06/04/2016 06:00:00 PDT,0.44,7,0
06/04/2016 06:15:00 PDT,0.75,11,0
06/04/2016 06:30:00 PDT,0.68,9,0
06/04/2016 06:45:00 PDT,0.72,12,0
06/04/2016 07:00:00 PDT,0.43,8,0
06/04/2016 07:15:00 PDT,0.79,16,0
06/04/2016 07:30:00 PDT,0.7,14,0
06/04/2016 07:45:00 PDT,1.21,18,0
06/04/2016 08:00:00 PDT,1.32,22,0
06/04/2016 08:15:00 PDT,1.24,21,0
06/04/2016 08:30:00 PDT,0.76,12,0
06/04/2016 08:45:00 PDT,1.14,16,0
06/04/2016 09:00:00 PDT,1.72,27,0
06/04/2016 09:15:00 PDT,1.58,28,0
06/04/2016 09:30:00 PDT,1.49,19,0
06/04/2016 09:45:00 PDT,1.66,29,0
06/04/2016 10:00:00 PDT,1.57,29,0
06/04/2016 10:15:00 PDT,1.87,30,0
06/04/2016 10:30:00 PDT,1.8,32,0
06/04/2016 10:45:00 PDT,3.56,45,0
06/04/2016 11:00:00 PDT,1.09,20,0
06/04/2016 11:15:00 PDT,1.27,20,0
06/04/2016 11:30:00 PDT,2.73,41,0
06/04/2016 11:45:00 PDT,1.83,28,0
06/04/2016 12:00:00 PDT,1.64,26,0
06/04/2016 12:15:00 PDT,1.62,29,0
06/04/2016 12:30:00 PDT,2.43,43,0
06/04/2016 12:45:00 PDT,2.14,32,0
06/04/2016 13:00:00 PDT,1.98,30,0
06/04/2016 13:15:00 PDT,1.66,29,0
06/04/2016 13:30:00 PDT,3.39,45,0
06/04/2016 13:45:00 PDT,3.04,45,0
06/04/2016 14:00:00 PDT,2.14,34,0
06/04/2016 14:15:00 PDT,2,29,0
06/04/2016 14:30:00 PDT,2.12,30,0
06/04/2016 14:45:00 PDT,1.35,23,0
06/04/2016 15:00:00 PDT,1.93,32,0
06/04/2016 15:15:00 PDT,1.95,32,0
06/04/2016 15:30:00 PDT,2.16,34,0
06/04/2016 15:45:00 PDT,1.91,31,0
06/04/2016 16:00:00 PDT,1.47,25,0
06/04/2016 16:15:00 PDT,1.99,30,0
06/04/2016 16:30:00 PDT,2.12,32,0
06/04/2016 16:45:00 PDT,1.26,22,0
06/04/2016 17:00:00 PDT,1.55,27,0
06/04/2016 17:15:00 PDT,2.45,41,0
06/04/2016 17:30:00 PDT,1.7,28,0
06/04/2016 17:45:00 PDT,1.92,31,0
06/04/2016 18:00:00 PDT,1.95,36,0
06/04/2016 18:15:00 PDT,2.54,39,0
06/04/2016 18:30:00 PDT,2.14,35,0
06/04/2016 18:45:00 PDT,2.34,31,0
06/04/2016 19:00:00 PDT,2.59,40,0
06/04/2016 19:15:00 PDT,1.87,26,0
06/04/2016 19:30:00 PDT,2.72,44,0
06/04/2016 19:45:00 PDT,1.64,30,0
06/04/2016 20:00:00 PDT,1.65,27,0
06/04/2016 20:15:00 PDT,2.19,30,0
06/04/2016 20:30:00 PDT,1.56,28,0
06/04/2016 20:45:00 PDT,1.47,25,0
06/04/2016 21:00:00 PDT,2.16,34,0
06/04/2016 21:15:00 PDT,2.08,34,0
06/04/2016 21:30:00 PDT,2.29,39,0
06/04/2016 21:45:00 PDT,2.32,33,0
06/04/2016 22:00:00 PDT,2.89,43,0
06/04/2016 22:15:00 PDT,2.6,41,0
06/04/2016 22:30:00 PDT,2.2,28,0
06/04/2016 22:45:00 PDT,2.21,32,0
06/04/2016 23:00:00 PDT,2.27,31,0
06/04/2016 23:15:00 PDT,2.18,30,0
06/04/2016 23:30:00 PDT,3.12,49,0
06/04/2016 23:45:00 PDT,2.85,36,0
