0.000000000000000000e+00,6.149237472766587720e-01,9.836601307182353260e-01,1.097930283222529502e+00,1.155555555555059177e+00,1.006427015249058865e+00,8.316993464044293294e-01,0.000000000000000000e+00,0.000000000000000000e+00,0.000000000000000000e+00,5.958605664488824116e-01,9.752723311539410744e-01
0.000000000000000000e+00,5.089052287582352951e-01,8.362745098041175495e-01,8.576797385615881897e-01,9.911764705884117399e-01,8.750816993458824244e-01,7.121732026145882744e-01,0.000000000000000000e+00,0.000000000000000000e+00,0.000000000000000000e+00,4.449346405229705481e-01,6.877450980397237235e-01
3.582352941175706018e-01,4.355882352942352931e-01,5.651960784314118413e-01,7.263725490195882539e-01,7.889215686274705375e-01,8.837254901964706200e-01,8.096078431372352169e-01,7.069607843136470615e-01,7.424509803918235562e-01,8.353921568629412153e-01,9.152941176475882790e-01,1.016274509803529291e+00
4.082633053221176866e-01,4.963585434172941291e-01,5.518207282915292833e-01,7.305322128855882280e-01,7.392156862749412749e-01,7.703081232493529384e-01,7.801120448183529454e-01,6.840336134452352779e-01,6.991596638658235108e-01,7.296918767510000015e-01,7.910364145660588875e-01,8.501400560223528746e-01
3.816993464049530105e-01,4.571895424836823207e-01,7.594771241819410212e-01,9.607843137250587917e-01,1.010130718953588413e+00,1.122875816993223586e+00,9.977124183005882108e-01,1.003921568627170746e+00,1.100653594770588217e+00,1.140196078430411708e+00,1.165032679737117549e+00,1.211111111111294214e+00
3.107843137255294486e-01,5.224264705882353255e-01,7.219362745097647194e-01,8.466911764707646393e-01,9.579656862747057966e-01,9.049019607848233226e-01,8.742647058824706274e-01,8.509803921571764684e-01,1.026470588235294024e+00,1.170710784313117703e+00,1.219607843137235248e+00,1.150000000000411804e+00
1.254901960783746939e-01,1.661764705882529392e-01,2.825980392156823839e-01,3.904411764706294807e-01,5.700980392156470566e-01,6.112745098041176828e-01,3.908088235293529222e-01,3.496323529411176634e-01,4.356617647059412013e-01,4.493872549019999330e-01,6.283088235291175438e-01,6.937500000000589306e-01
2.257352941175235217e-01,2.797794117646882350e-01,3.370098039215881913e-01,4.513480392156470900e-01,4.743872549020000662e-01,4.332107843137648628e-01,3.835784313725292827e-01,2.666666666666864804e-01,2.019607843138411796e-01,2.479166666666705876e-01,3.832107843137059211e-01,4.139705882352764377e-01
0.000000000000000000e+00,1.759803921568587892e-01,4.415686274510000064e-01,4.952941176471176710e-01,6.300000000000587352e-01,6.871568627452943057e-01,6.113725490197059464e-01,5.313725490195293499e-01,4.205882352940588653e-01,3.474509803921765339e-01,4.273529411764117603e-01,4.623529411764705777e-01
0.000000000000000000e+00,8.403361344535294208e-02,1.801120448178558653e-01,2.991596638653117313e-01,3.487394957982353216e-01,3.564425770307529384e-01,2.488795518205912105e-01,0.000000000000000000e+00,0.000000000000000000e+00,0.000000000000000000e+00,0.000000000000000000e+00,6.764705882351765287e-02
4.968137254901177080e-01,6.688725490194118439e-01,7.707107843141765002e-01,7.819852941176470562e-01,8.357843137252940480e-01,8.158088235290589241e-01,8.095588235296470314e-01,7.763480392157058319e-01,8.485294117652351087e-01,8.954656862746469548e-01,9.671568627448235977e-01,9.734068627445298105e-01
2.792156862745470702e-01,3.715686274509411025e-01,5.233333333333529680e-01,6.962745098042765202e-01,7.123529411768824149e-01,7.541176470585883029e-01,7.049019607843530766e-01,6.572549019606469534e-01,8.774509803919998685e-01,1.038431372549764697e+00,1.159215686273940893e+00,1.080000000000000071e+00
1.212885154061000142e-01,1.652661064425206272e-01,2.655462184873765286e-01,3.313725490196410828e-01,4.578431372549411349e-01,4.277310924368823430e-01,3.011204481791175946e-01,1.266106442575793967e-01,7.675070028005294420e-02,4.831932773101764445e-02,2.336134453781529563e-01,4.117647058824117634e-01
1.506862745098647149e-01,1.813725490195470524e-01,2.246078431371764661e-01,2.432352941176647021e-01,3.166666666667647401e-01,3.664705882353529454e-01,3.136274509803941291e-01,2.950980392156470900e-01,3.183333333332746817e-01,4.603921568627646899e-01,5.180392156862941855e-01,5.395098039216470465e-01
2.864705882351941124e-01,5.492156862745295465e-01,5.966666666667058694e-01,6.482352941176470207e-01,6.519607843135295511e-01,5.709803921568235019e-01,5.466666666667059360e-01,5.015686274510000597e-01,4.958823529414117526e-01,4.746078431372352524e-01,6.090196078433530724e-01,6.936274509804117860e-01
1.377450980391723423e-01,2.243872549018823548e-01,2.786764705882940896e-01,3.069852941177471095e-01,2.882352941177059313e-01,2.634803921567999696e-01,2.395833333333529380e-01,2.341911764706647026e-01,2.267156862745117463e-01,2.387254901960999820e-01,3.069852941177647065e-01,4.432598039215706054e-01
1.681372549019412022e-01,3.406862745099000223e-01,4.088235294116470131e-01,5.450980392158824017e-01,7.249999999996470379e-01,5.362745098037822178e-01,4.666666666666647867e-01,4.965686274511959541e-01,3.401960784313529107e-01,4.308823529411765496e-01,7.132352941184881834e-01,9.897058823527058458e-01
2.169934640521764546e-01,3.993464052285882748e-01,5.019607843135882597e-01,5.905228758168236114e-01,6.650326797379410015e-01,5.607843137252940258e-01,4.428104575161176393e-01,4.267973856209412165e-01,2.862745098037235980e-01,3.176470588233235581e-01,4.225490196077941185e-01,6.879084967318822574e-01
5.324509803921587681e-01,6.442156862745294088e-01,6.345098039215882890e-01,5.384313725489411340e-01,6.551960784311177122e-01,6.277450980392352831e-01,6.076470588235293180e-01,5.428431372549411549e-01,4.496078431371764994e-01,4.497058823529411220e-01,6.073529411764707620e-01,7.142156862743529455e-01
2.559912854028764673e-01,3.850762527232353682e-01,4.375816993462353643e-01,4.667755991285293948e-01,4.647058823529411908e-01,4.503267973855293871e-01,4.458605664486471332e-01,3.667755991284117889e-01,3.094771241829000763e-01,3.410675381262706085e-01,4.247276688450588034e-01,4.673202614377647279e-01
1.693627450980647042e-01,3.774509803921764495e-01,4.237745098038235847e-01,4.716911764704705967e-01,5.808823529411765163e-01,5.571078431372353812e-01,4.737745098040000435e-01,4.132352941175882477e-01,3.265931372548823708e-01,2.948529411764529429e-01,3.582107843138646608e-01,3.938725490196059442e-01
4.975490196074706939e-02,6.875000000000587586e-02,1.926470588235646986e-01,4.053921568627646965e-01,5.013480392155293952e-01,5.411764705884117843e-01,4.973039215689412651e-01,3.589460784316470532e-01,2.893382352941588076e-01,2.139705882353117872e-01,2.297794117647470880e-01,3.386029411765293928e-01
4.267156862745294377e-01,6.485294117647059098e-01,7.209558823531175831e-01,6.810049019607058440e-01,6.977941176468823725e-01,7.278186274507059128e-01,6.566176470587649083e-01,5.605392156862352149e-01,5.789215686274706840e-01,5.128676470588235947e-01,5.183823529411765163e-01,5.863970588237058523e-01
1.841911764704529109e-01,2.950980392157059318e-01,4.063725490195881918e-01,4.883578431373118978e-01,5.447303921568235063e-01,5.580882352939411373e-01,4.919117647057471010e-01,4.390931372548823597e-01,4.522058823529411797e-01,4.317401960783940895e-01,4.850490196079412786e-01,5.536764705882940563e-01
1.608734402851117462e-01,3.011586452761764732e-01,4.206773618538234838e-01,4.814616755792941460e-01,4.725490196078823146e-01,4.344919786096471670e-01,4.245989304812058940e-01,4.571301247770587772e-01,4.882352941178235706e-01,5.318181818183529419e-01,6.994652406418824242e-01,7.593582887702942097e-01
2.163650075412764662e-01,3.039969834086293510e-01,3.402714932124117908e-01,3.723227752637117693e-01,3.947963800904352727e-01,3.625942684764446589e-01,3.496983408748293165e-01,3.309954751129594586e-01,3.251885369531764547e-01,3.466063348414117340e-01,4.191553544494704964e-01,5.188536953244118344e-01
2.889215686274881345e-01,4.559803921568235663e-01,6.526470588234117853e-01,7.679411764705292853e-01,8.010784313727647987e-01,6.747058823528823135e-01,6.279411764707057975e-01,5.814705882353529143e-01,5.977450980390588420e-01,6.479411764705294008e-01,7.778431372547058853e-01,8.102941176468823059e-01
3.250700280111588070e-01,4.429971988793529603e-01,4.851540616245294535e-01,5.553221288515882703e-01,6.354341736695294784e-01,5.742296918765941172e-01,4.385154061622941746e-01,3.900560224087645800e-01,3.453781512604823800e-01,4.180672268905412103e-01,5.980392156864705600e-01,6.925770308125882568e-01
2.057598039215529362e-01,3.290441176470588203e-01,6.231617647059412013e-01,7.033088235294117085e-01,7.568627450981177951e-01,7.003676470590001202e-01,5.420343137254883814e-01,4.539215686274116757e-01,4.018382352942352354e-01,4.454656862745293711e-01,6.078431372548823708e-01,6.676470588235882131e-01
5.882352941170587192e-03,3.431372549018234935e-02,7.287581699345879738e-02,1.689542483658764693e-01,2.539215686273529338e-01,1.993464052287647337e-01,2.098039215686470504e-01,1.192810457515588313e-01,5.980392156865293324e-02,7.320261437902941815e-02,4.019607843129411467e-02,7.745098039200000450e-02
2.075630252099294193e-01,3.078431372547265066e-01,4.515406162463528328e-01,5.224089635854118896e-01,6.371148459384706753e-01,6.242296918770000591e-01,6.340336134455294426e-01,6.822128851542940131e-01,7.624649859947058017e-01,8.235294117650000523e-01,8.324929971992707234e-01,8.077030812331765786e-01
2.811764705882177084e-01,4.378431372547058054e-01,6.705882352939411817e-01,8.858823529410000397e-01,9.282352941174116800e-01,9.105882352946469416e-01,9.509803921568237284e-01,9.480392156860588670e-01,9.805882352937648205e-01,1.009411764705294035e+00,1.100392156862705528e+00,1.079019607843117567e+00
1.960784313725705830e-01,3.549019607842353596e-01,4.933823529411765496e-01,5.544117647058999232e-01,5.215686274511764919e-01,5.892156862745882018e-01,6.247549019605882492e-01,5.372549019607647525e-01,4.605392156862530006e-01,3.723039215686041459e-01,3.835784313725882355e-01,4.404411764705117305e-01
4.840336134454116257e-01,6.943977591037058250e-01,8.441176470591764680e-01,8.518207282919412204e-01,7.449579831939411312e-01,8.442577030812942196e-01,8.138655462180587330e-01,7.647058823529412352e-01,7.074229691878822779e-01,5.970588235296471202e-01,6.663865546222353942e-01,7.194677871152942439e-01
4.281862745097647083e-01,7.610294117646470013e-01,8.775735294116470131e-01,8.321078431369411943e-01,8.875000000001177503e-01,8.150735294115880603e-01,8.181372549019412244e-01,7.006127450981176619e-01,5.509803921569412788e-01,4.291666666666471008e-01,5.066176470589410785e-01,6.965686274510588527e-01
2.870098039215899788e-01,6.492647058827059059e-01,8.590686274512353560e-01,8.688725490198234702e-01,8.186274509807647259e-01,7.634803921568233953e-01,6.497549019605882714e-01,5.740196078433117410e-01,5.475490196079412231e-01,3.536764705884158921e-01,4.017156862745882018e-01,6.436274509804705835e-01
2.385154061623530053e-01,4.344537815126234825e-01,5.753501400560705470e-01,6.288515406160412047e-01,6.816526610645883277e-01,7.023809523807648114e-01,6.606442577033529995e-01,6.757703081233528142e-01,5.897759103642941092e-01,4.568627450978940963e-01,4.387955182071177074e-01,4.602240896357059352e-01
2.689075630247059201e-02,5.266106442574118585e-02,8.193277310917647382e-02,7.689075630246763882e-02,1.051820728291176510e-01,1.211484593836588408e-01,1.355742296917705758e-01,1.427170868345823407e-01,1.299719887953764696e-01,9.089635854340001597e-02,6.134453781507058501e-02,5.938375350131176733e-02
1.063725490196647111e-01,2.096405228757882155e-01,3.230392156863647335e-01,5.000000000000588418e-01,7.838235294121176366e-01,8.174836601309412032e-01,7.217320261442941032e-01,7.545751633991765184e-01,6.578431372552353551e-01,6.870915032682530788e-01,6.745098039214706409e-01,7.367647058824706718e-01
7.686274509808234401e-02,1.674509803921529205e-01,2.694117647058470455e-01,5.917647058819411887e-01,8.605882352941764957e-01,9.201960784314118236e-01,7.807843137258234645e-01,6.554901960784880188e-01,6.050980392158235022e-01,7.354901960790587445e-01,8.245098039212352958e-01,8.554901960780000314e-01
1.299019607841176392e-02,7.769607843137059378e-02,2.095588235294882362e-01,3.350490196078823590e-01,3.411764705883117421e-01,3.973039215686294257e-01,3.825980392158236376e-01,2.328431372549235323e-01,2.259803921568235285e-01,1.343137254900941269e-01,1.164215686274705924e-01,8.112745098038823266e-02
1.511029411764647501e-01,3.884191176470000451e-01,7.049019607841763291e-01,8.552696078433529303e-01,9.186887254897646571e-01,9.297181372552352219e-01,8.136029411765294261e-01,7.932598039214117103e-01,7.955269607841765067e-01,8.337009803922941220e-01,9.311887254897646127e-01,9.489583333333532211e-01
1.058823529411588305e-01,1.862745098039588210e-01,4.377450980392765811e-01,7.843137254899998911e-01,7.171568627449412814e-01,7.098039215684706082e-01,5.649509803923528084e-01,1.225490196079411691e-03,0.000000000000000000e+00,0.000000000000000000e+00,4.666666666666470786e-01,6.691176470588234837e-01
1.671568627451059108e-01,3.214460784313529218e-01,4.151960784313529218e-01,3.986519607842765045e-01,3.775735294118235941e-01,3.839460784313294406e-01,3.828431372548823375e-01,3.789215686274706174e-01,3.403186274509999443e-01,4.707107843138059189e-01,5.986519607844529300e-01,6.509803921568823037e-01
2.225490196076646554e-01,4.477124183004881908e-01,5.637254901959412035e-01,6.356209150322763568e-01,5.692810457515030675e-01,5.686274509801294563e-01,6.071895424836469823e-01,5.173202614376647412e-01,4.725490196078234728e-01,5.931372549021176610e-01,8.571895424827647991e-01,8.418300653589588789e-01
4.767156862745705603e-01,6.742647058821177319e-01,7.541666666665880481e-01,7.188725490196470336e-01,6.977941176469999451e-01,7.764705882352940236e-01,7.379901960782353498e-01,7.210784313724116767e-01,6.661764705882353699e-01,5.870098039213352825e-01,6.752450980386058843e-01,6.828431372549411682e-01
3.071895424833470112e-01,4.859477124184117258e-01,5.809368191722940056e-01,6.180827886709411301e-01,6.286492374728235299e-01,6.861655773421764248e-01,6.746187363836469997e-01,6.692810457518235667e-01,5.307189542484117561e-01,4.189542483657706096e-01,4.990196078430000348e-01,5.215686274509646614e-01
3.497821350760588199e-01,3.708061002177294729e-01,4.586056644879353272e-01,5.459694989107057861e-01,6.276688453160588210e-01,6.772331154684705368e-01,6.346405228759413042e-01,6.201525054468823850e-01,5.945533769065294294e-01,6.816993464048825002e-01,8.079520697164704890e-01,8.053376906317647466e-01
3.388235294118824292e-01,3.660784313725058969e-01,4.456862745097059375e-01,5.021568627451000744e-01,4.956862745099235301e-01,5.076470588234704984e-01,5.372549019607648635e-01,4.831372549020000462e-01,4.833333333333529880e-01,6.664705882351764643e-01,7.217647058825882311e-01,8.143137254902352851e-01
2.485294117647823542e-01,4.632352941177058647e-01,4.643790849674117038e-01,4.897058823529412130e-01,5.148692810457645708e-01,4.006535947712823176e-01,3.687908496731587826e-01,3.606209150328000823e-01,2.893790849672823740e-01,2.848039215687352965e-01,3.635620915032235501e-01,4.655228758172941794e-01
2.175716440421470166e-01,3.438914027147646491e-01,5.169683257917645491e-01,5.796380090497647020e-01,5.724736048267058397e-01,5.852941176470587425e-01,4.948717948715882220e-01,4.251131221718881803e-01,3.046757164402705831e-01,2.364253393663764413e-01,2.924585218701470923e-01,3.289592760179176345e-01
3.362745098037822622e-01,3.879551820727059619e-01,5.452380952381765677e-01,5.689075630254705196e-01,5.704481792714706234e-01,6.218487394957646908e-01,5.109243697479410873e-01,3.878151260503529540e-01,3.443977591035234931e-01,3.401960784313941000e-01,3.633053221288823353e-01,3.890756302520588239e-01
4.145833333332941684e-01,5.772058823527057569e-01,7.415441176470586315e-01,7.623774509802940802e-01,6.154411764702940602e-01,6.573529411764705843e-01,7.247549019606470688e-01,6.702205882352941790e-01,6.004901960784118087e-01,5.458333333332352488e-01,5.511029411764707397e-01,6.120098039215293717e-01
5.329411764702369769e-01,8.621568627452941280e-01,9.290196078429411308e-01,9.660784313721763050e-01,7.954901960785294435e-01,8.529411764710587152e-01,7.819607843130000902e-01,6.921568627451176736e-01,5.223529411764705754e-01,5.141176470588999514e-01,5.509803921568647844e-01,5.950980392154706644e-01
1.666666666666058727e-01,4.406162464983824356e-01,5.621848739494117453e-01,6.322128851544942529e-01,6.733893557425352228e-01,6.247899159664705993e-01,5.732492997199999385e-01,6.008403361348824134e-01,4.456582633052352804e-01,4.712885154062940729e-01,5.303921568627294469e-01,5.400560224089999695e-01
3.620098039214705854e-01,5.170343137254705956e-01,5.350490196078824257e-01,5.240196078430588988e-01,5.281862745099411560e-01,5.583333333332940462e-01,5.470588235294706614e-01,4.683823529411764164e-01,4.241421568627647964e-01,3.664215686275293926e-01,3.843137254902176392e-01,3.296568627450000566e-01
1.735294117646059564e-01,4.756302521011352979e-01,8.189075630255882032e-01,8.969187675077647803e-01,9.715686274510000331e-01,8.950980392157646959e-01,8.291316526617058535e-01,8.666666666671177799e-01,8.050420168065882676e-01,7.743697478998236017e-01,8.497198879565294183e-01,7.225490196080001093e-01
2.562091503267941439e-01,2.217320261438735229e-01,3.075163398692352668e-01,4.343137254901175970e-01,4.653594771241177375e-01,4.852941176471176621e-01,5.230392156862353481e-01,5.186274509803530108e-01,5.251633986928235798e-01,7.495098039218823782e-01,8.772875817005881816e-01,9.184640522889411240e-01
2.702205882352353150e-01,3.028186274509999110e-01,3.852941176469412143e-01,4.725490196077059557e-01,4.905637254902529554e-01,4.515931372548235290e-01,4.466911764707470200e-01,5.258578431372353812e-01,6.212009803922178275e-01,7.129901960781764858e-01,8.106617647060589960e-01,8.433823529415881426e-01
2.364145658260587979e-01,4.740896358542941447e-01,6.376750700281763606e-01,7.128851540619528526e-01,6.848739495798823462e-01,6.740896358544705702e-01,6.634453781514116910e-01,6.330532212885295884e-01,6.127450980391175861e-01,5.690476190476471130e-01,6.329131652661764695e-01,5.739495798318823283e-01
8.970588235292352441e-02,1.428921568627823657e-01,2.294117647058647180e-01,2.612745098039588321e-01,3.019607843137470660e-01,3.156862745097470668e-01,2.637254901961941234e-01,2.825980392156294263e-01,2.313725490197841017e-01,2.713235294117470331e-01,2.727941176470588536e-01,2.776960784316117592e-01
2.161764705881823456e-01,3.017973856208411298e-01,3.679738562091764420e-01,4.968954248365882731e-01,5.413398692810588164e-01,5.366013071895882058e-01,4.887254901961765596e-01,4.137254901961177067e-01,2.950980392158235044e-01,2.328431372549206180e-01,3.031045751634529606e-01,3.308823529413117970e-01
1.470588235294117627e-02,1.470588235294117627e-02,0.000000000000000000e+00,1.176470588235294101e-02,1.617647058823529563e-02,3.186274509805882282e-02,1.691176470588235184e-02,5.392156862742941703e-03,0.000000000000000000e+00,0.000000000000000000e+00,5.637254901958823131e-03,9.068627450999998743e-03
4.413165266105294471e-01,6.305322128853528829e-01,7.668067226892940624e-01,8.484593837530587379e-01,9.799719887945881336e-01,9.729691876758823632e-01,8.777310924378235457e-01,9.268907563024706420e-01,1.026750700279823736e+00,9.984593837539998962e-01,9.983193277313526792e-01,1.078151260504647269e+00
3.827205882352353039e-01,5.171568627451764710e-01,5.294117647058822484e-01,5.971813725490588975e-01,6.508578431372941120e-01,6.144607843137058767e-01,5.903186274509412135e-01,6.805147058823529660e-01,7.422794117642352862e-01,7.741421568627058214e-01,8.426470588234118431e-01,8.200980392152351639e-01
0.000000000000000000e+00,2.052287581698205576e-01,3.542483660130588130e-01,3.722222222221822641e-01,5.215686274509999665e-01,5.199346405229412493e-01,4.362745098038823821e-01,2.656862745096529310e-01,6.535947712411763547e-04,0.000000000000000000e+00,0.000000000000000000e+00,0.000000000000000000e+00
1.522875816992411702e-01,2.440087145967059501e-01,3.603485838778235362e-01,3.640522875815882520e-01,4.255991285401765079e-01,4.660130718952646967e-01,4.033769063178882508e-01,3.982570806099411942e-01,4.701525054465882647e-01,5.537037037034706621e-01,6.639433551198823391e-01,7.799564270150587397e-01
3.333333333332705317e-01,6.286492374728823718e-01,7.465141612201173782e-01,8.635076252725294443e-01,8.911764705884117621e-01,8.784313725494705682e-01,8.610021786488235573e-01,8.840958605654705149e-01,9.650326797372943410e-01,1.016557734203470620e+00,1.089433551196411942e+00,1.096405228758529304e+00
1.479166666666646979e-01,3.860294117648234713e-01,6.628676470588823477e-01,7.411764705886473292e-01,7.890931372551763801e-01,8.486519607844704716e-01,8.078431372549411682e-01,8.300245098037645208e-01,9.055147058829413620e-01,9.605392156866470188e-01,9.726715686278822881e-01,9.214460784310001262e-01
0.000000000000000000e+00,2.452069716773176422e-01,5.112200435731175663e-01,6.367102396515292861e-01,6.789760348585883731e-01,5.867102396514705109e-01,3.896514161217647376e-01,1.089324618735293924e-03,0.000000000000000000e+00,0.000000000000000000e+00,0.000000000000000000e+00,3.681917211328794015e-01
2.205882352941176874e-03,1.362745098039411761e-02,2.166666666666470370e-02,2.308823529411588305e-02,3.313725490198234785e-02,3.647058823529410881e-02,4.656862745098234307e-02,5.671568627449411620e-02,6.294117647054707498e-02,5.303921568626469851e-02,4.588235294117824076e-02,3.250000000000587835e-02
1.115196078431352905e-01,2.100490196079235483e-01,3.686274509804117749e-01,5.441176470588411362e-01,5.557598039215881913e-01,5.330882352939412261e-01,4.522058823527058680e-01,3.756127450980000226e-01,3.480392156861764619e-01,3.992647058823353134e-01,4.631127450980588312e-01,3.735294117646881795e-01
3.210784313724882599e-01,6.078431372549412126e-01,7.438725490194117995e-01,9.181372549024117147e-01,9.107843137254707511e-01,8.588235294114119345e-01,6.524509803921765272e-01,0.000000000000000000e+00,0.000000000000000000e+00,0.000000000000000000e+00,1.156862745097823469e-01,3.480392156862764375e-01
1.002262443438799999e-01,1.963800904976470696e-01,3.859728506785881641e-01,5.558069381598822467e-01,5.831070889895294540e-01,5.640271493211176379e-01,5.217948717947648030e-01,4.503770739065294237e-01,4.898944193061177121e-01,5.565610859730000248e-01,6.221719457014707189e-01,6.453996983410588140e-01
4.758672699850588494e-02,1.311463046756176365e-01,2.927601809952823375e-01,4.806938159879412531e-01,6.081447963801762668e-01,6.362745098039409575e-01,4.966817496229999906e-01,4.019607843136470682e-01,4.184012066363176352e-01,4.970588235294706725e-01,5.736048265460000906e-01,6.268476621419413197e-01
3.558006535948234905e-01,5.924019607842941904e-01,8.405228758165881331e-01,1.023284313725117967e+00,1.156699346405000162e+00,1.174183006534059048e+00,1.201062091502941520e+00,1.285784313725294448e+00,1.412091503268235293e+00,1.469444444444705899e+00,1.490849673202353065e+00,1.482679738561764715e+00
1.964869281045352745e-01,3.392156862746412149e-01,5.296568627451764266e-01,6.457516339869999733e-01,7.247549019607648635e-01,7.254084967319999189e-01,7.033496732024115961e-01,7.028594771241764017e-01,7.682189542483529587e-01,8.053921568627648853e-01,7.970588235293529777e-01,7.724673202614118495e-01
1.631372549019411977e-01,2.949019607842764401e-01,3.901960784313706077e-01,3.670588235294705015e-01,4.821568627452941236e-01,4.694117647058823617e-01,3.874509803919588546e-01,3.358823529412353071e-01,3.807843137254529609e-01,4.268627450980588822e-01,5.029411764707647503e-01,7.347058823530000504e-01
1.303921568627353089e-01,4.150326797386471589e-01,5.294117647057646758e-01,6.114379084969411293e-01,7.723856209149999597e-01,7.816993464048235252e-01,7.560457516345882034e-01,7.477124183005293689e-01,8.728758169931177813e-01,9.462418300649411140e-01,9.816993464057646168e-01,1.016666666666882435e+00
0.000000000000000000e+00,5.784313725490588393e-02,1.530637254902194322e-01,2.473039215685470527e-01,5.819852941179000094e-01,4.227941176470411677e-01,3.783088235294117530e-01,3.726715686273941452e-01,3.359068627451176625e-01,3.458333333333352688e-01,3.112745098039193525e-01,2.401960784313176278e-01
0.000000000000000000e+00,2.892156862743529636e-02,1.098039215686882342e-01,1.639705882353117428e-01,1.742647058823529327e-01,1.933823529411764774e-01,1.514705882352529454e-01,0.000000000000000000e+00,0.000000000000000000e+00,0.000000000000000000e+00,0.000000000000000000e+00,1.102941176470588307e-02
0.000000000000000000e+00,3.249299719888000260e-01,7.518207282918235590e-01,8.850140056024117241e-01,8.886554621855293767e-01,8.850140056022941515e-01,8.523809523805292443e-01,0.000000000000000000e+00,0.000000000000000000e+00,0.000000000000000000e+00,0.000000000000000000e+00,4.950980392157058874e-01
2.420677361853235954e-01,4.149732620320000231e-01,5.034759358288822817e-01,5.602139037432352087e-01,5.953386809269411994e-01,5.629946524064118885e-01,5.019251336897646576e-01,5.146167557932940229e-01,4.587433155080000158e-01,4.453208556148234853e-01,5.621301247769999732e-01,6.219964349375882717e-01
1.725490196078058591e-01,3.303921568626470018e-01,6.401960784315293695e-01,8.176470588229294290e-01,7.732026143788823802e-01,7.607843137250706045e-01,6.526143790848353277e-01,5.983660130717058934e-01,6.781045751639410701e-01,9.607843137252939369e-01,1.136601307188352949e+00,1.237908496732176289e+00
2.733115468408234827e-01,4.510893246185883054e-01,5.147058823529998550e-01,6.054466230935883209e-01,6.919389978213528192e-01,7.343137254900000688e-01,7.197167755989410942e-01,7.171023965139411427e-01,7.877995642702353418e-01,1.004793028322412018e+00,1.021568627450882394e+00,1.041938997820353263e+00
1.475490196079117799e-01,4.040849673202941417e-01,7.258986928104704806e-01,8.728758169931176703e-01,9.321078431368234885e-01,8.917483660129412737e-01,8.242647058819999595e-01,8.935457516335293393e-01,9.190359477129410593e-01,9.790849673202351999e-01,1.012009803921293916e+00,1.005964052288000010e+00
2.609625668447352886e-01,5.959001782532354907e-01,7.685383244211175802e-01,9.018716577547060131e-01,9.791443850277646854e-01,9.307486631024117774e-01,9.074866310167059025e-01,9.142602495545881780e-01,9.927807486634705469e-01,1.002762923351941282e+00,1.018716577540706103e+00,9.641711229947645956e-01
9.761904761888824666e-02,1.549019607842765101e-01,1.969187675068823362e-01,2.002801120447294247e-01,1.952380952379882129e-01,1.707282913163059301e-01,1.119047619046117520e-01,7.563025210082352685e-03,8.823529411770588207e-03,2.240896358541176383e-03,4.201680672264705989e-04,1.606442577030000041e-01
2.826330532211883129e-01,4.390756302518411536e-01,5.546218487399412478e-01,6.301120448177647271e-01,7.126050420168233979e-01,6.570028011202941887e-01,5.313725490196470336e-01,4.957983193277646361e-01,5.183473389355294225e-01,6.075630252103527695e-01,6.571428571431177090e-01,7.924369747901764960e-01
4.276688453158236092e-01,5.396514161221177552e-01,5.970588235295294366e-01,6.498910675380588087e-01,6.325708061002351945e-01,6.408496732029411724e-01,6.384531590418234259e-01,6.811546840955881033e-01,8.063180827883529300e-01,9.458605664484707187e-01,1.047276688452646987e+00,1.002069716774764752e+00
1.558823529412353137e-01,3.882352941177058536e-01,5.333333333335293913e-01,4.078431372548823597e-01,4.656862745097646861e-01,3.999999999999411249e-01,4.068627450978234972e-01,3.392156862748823554e-01,2.245098039217823527e-01,2.294117647058235288e-01,1.725490196079411676e-01,2.147058823529411908e-01
4.539215686273528894e-01,7.772549019605883291e-01,9.996078431364705530e-01,1.088039215687058858e+00,1.027450980392117685e+00,9.062745098040001501e-01,8.209803921565882456e-01,7.870588235292352852e-01,7.784313725487057578e-01,8.584313725494118197e-01,8.231372549017645923e-01,9.360784313721765004e-01
4.840686274509999887e-01,8.115196078429411930e-01,9.107843137255295929e-01,9.474264705890588223e-01,9.319852941177059202e-01,8.672794117651174695e-01,8.371323529411764941e-01,8.537990196076470362e-01,7.914215686273529116e-01,8.030637254902354139e-01,8.855392156853529873e-01,8.204656862746471102e-01
2.864145658261587624e-01,4.840336134454646388e-01,6.563025210085883243e-01,7.298319327732354367e-01,7.836134453784703302e-01,7.198879551821765199e-01,6.591036414569411139e-01,6.142857142857646169e-01,5.057422969189999673e-01,4.872549019608236054e-01,5.760504201681764247e-01,6.323529411764705621e-01
4.169934640522941494e-01,6.619825708058234559e-01,8.557734204794117394e-01,9.321350762523531452e-01,9.022875816989410769e-01,7.667755991287646955e-01,7.491285403048235647e-01,6.855119825709412584e-01,5.716775599130586860e-01,5.631808278865881867e-01,6.622004357299999810e-01,7.346405228761175854e-01
3.547385620916471138e-01,4.926470588234353465e-01,7.031045751637057251e-01,7.624183006540589114e-01,8.888888888895882801e-01,8.571895424841176059e-01,6.784313725494117708e-01,5.784313725490001223e-01,6.068627450981176619e-01,7.246732026143528627e-01,8.996732026140000782e-01,9.058823529412353137e-01
3.418300653593500660e-01,4.758169934639587262e-01,7.500000000001175726e-01,8.620915032677060053e-01,9.120915032680588785e-01,8.941176470581764235e-01,7.408496732021765396e-01,6.483660130719530734e-01,7.480392156858999275e-01,8.189542483660587902e-01,9.392156862735292489e-01,8.794117647058823373e-01
3.395833333331764736e-01,6.751225490195880141e-01,7.575980392156470566e-01,8.012254901955881969e-01,7.191176470587646863e-01,7.237745098038236291e-01,6.948529411765294039e-01,7.430147058819410733e-01,5.919117647058236287e-01,4.414215686273528783e-01,4.596813725491176172e-01,4.916666666664117891e-01
3.947058823529411842e-01,6.801960784313527686e-01,6.963725490197057999e-01,7.154901960784117998e-01,8.414705882357057520e-01,8.002941176473530316e-01,7.916666666665292951e-01,7.175490196080590577e-01,4.941176470587058667e-01,3.648039215685705550e-01,3.252941176472118334e-01,3.338235294117823937e-01
0.000000000000000000e+00,0.000000000000000000e+00,0.000000000000000000e+00,0.000000000000000000e+00,5.347593582888235386e-03,2.673796791447058483e-03,0.000000000000000000e+00,0.000000000000000000e+00,0.000000000000000000e+00,0.000000000000000000e+00,0.000000000000000000e+00,0.000000000000000000e+00
0.000000000000000000e+00,0.000000000000000000e+00,0.000000000000000000e+00,0.000000000000000000e+00,0.000000000000000000e+00,0.000000000000000000e+00,0.000000000000000000e+00,0.000000000000000000e+00,0.000000000000000000e+00,0.000000000000000000e+00,0.000000000000000000e+00,0.000000000000000000e+00
1.642483660130876488e-01,2.247712418299270820e-01,3.350326797385529409e-01,4.884313725490000424e-01,6.567320261438235329e-01,6.800000000000000488e-01,6.391503267975764402e-01,6.263398692809999391e-01,6.548366013071764691e-01,6.810457516337059536e-01,7.079738562092353638e-01,7.667320261444763307e-01
2.904139433549058347e-01,4.199346405228823187e-01,4.422657952068824727e-01,5.797385620916883919e-01,7.337690631806764729e-01,7.427015250542942093e-01,6.379084967321764221e-01,5.355119825708234416e-01,5.252723311545000051e-01,5.632897603483824067e-01,7.013071895421765234e-01,7.805010893248822690e-01
3.627450980391941360e-01,4.480392156862235686e-01,4.287581699346998954e-01,5.604575163399118098e-01,6.127450980392941116e-01,5.937908496730587293e-01,5.297385620914765170e-01,4.823529411760588692e-01,4.905228758169529191e-01,5.901960784311176544e-01,7.130718954245000019e-01,7.849673202615294887e-01
2.154094579008293542e-01,3.243329488660000037e-01,5.270588235295292634e-01,7.737754709727059366e-01,9.521914648215296095e-01,1.016174548251588261e+00,9.525682429832942333e-01,8.757939254122939499e-01,9.918646674359410387e-01,1.009254133025588418e+00,9.898654363712940940e-01,9.115494040742940784e-01
2.468137254901941191e-01,4.392156862744704959e-01,6.835784313726472883e-01,9.584558823528823712e-01,1.079901960784058756e+00,1.050367647058235265e+00,9.819852941176471228e-01,9.436274509801175769e-01,1.005024509803117638e+00,1.099387254902706168e+00,1.135539215686587999e+00,1.138970588235411752e+00
3.235294117647234957e-01,3.950980392157058541e-01,3.688235294117647722e-01,3.627450980391765945e-01,3.447058823528823535e-01,3.250980392156470056e-01,1.807843137255117638e-01,1.141176470588411707e-01,4.960784313727059636e-02,1.666666666666470620e-02,1.450980392157058887e-02,3.407843137254117916e-01
5.379084967316822841e-01,7.153594771237060668e-01,6.513071895424058511e-01,6.045751633979998818e-01,6.924836601299999561e-01,6.163398692801823620e-01,6.428104575166292411e-01,6.477124183005883440e-01,5.013071895420528890e-01,5.630718954248559172e-01,7.238562091500000406e-01,7.598039215677058200e-01
1.838235294117499807e-01,2.598039215686470671e-01,3.723856209150293584e-01,4.650326797385881950e-01,4.462418300654999448e-01,4.964052287581766087e-01,5.446078431374471451e-01,3.823529411765882458e-01,3.026143790850470694e-01,4.212418300654294234e-01,5.617647058821765294e-01,6.179738562090588694e-01
1.233660130719999998e-01,2.352941176470259022e-01,4.573529411766470432e-01,4.782679738560001170e-01,4.563725490195881807e-01,4.222222222222941634e-01,4.673202614378883513e-01,4.539215686274706840e-01,3.382352941177823036e-01,3.733660130720294346e-01,4.419934640522941161e-01,3.808823529410412245e-01
4.289215686272941641e-02,1.176470588234705961e-01,2.272058823528823601e-01,3.225490196078235616e-01,3.421568627450765065e-01,3.279411764705881804e-01,1.794117647057646980e-01,2.438725490195705614e-01,3.372549019605863840e-01,3.200980392156470566e-01,3.789215686273940675e-01,4.299019607841764179e-01
3.073529411765293928e-01,5.382352941176646866e-01,6.441176470588234615e-01,7.348039215688823012e-01,6.784313725488234637e-01,6.357843137257058741e-01,6.392156862742941481e-01,4.803921568628646832e-01,4.735294117646469680e-01,7.210784313725293604e-01,1.028431372548411771e+00,1.139215686274293926e+00
1.019607843136823566e-01,1.547058823529587901e-01,3.166666666666882457e-01,4.398039215687058467e-01,5.223529411765294173e-01,4.541176470587882652e-01,3.539215686272352834e-01,3.280392156861587361e-01,2.772549019606646570e-01,3.784313725490000002e-01,4.233333333334706183e-01,5.439215686275293837e-01
1.561764705881764637e-01,2.093137254902370514e-01,3.211764705882941828e-01,4.039215686273529560e-01,4.749019607843528723e-01,4.704901960784707016e-01,4.202941176470999518e-01,4.059803921567235463e-01,3.621568627451176026e-01,4.218627450979589022e-01,4.757843137255293731e-01,5.400980392155881882e-01
1.245098039215105784e-01,2.848039215686871128e-01,4.433006535947176530e-01,5.261437908499234650e-01,6.883986928107058700e-01,6.967320261437648377e-01,6.200980392156472121e-01,5.593137254904116951e-01,5.388888888889411533e-01,6.570261437907648494e-01,8.434640522880587632e-01,8.236928104577058152e-01
3.322128851538823091e-01,3.166666666664823548e-01,4.214285714283529383e-01,5.560224089636469635e-01,5.894957983194707429e-01,6.026610644258821869e-01,5.421568627451764932e-01,5.690476190476706497e-01,4.441176470587882563e-01,5.172268907562351803e-01,6.116246498599413606e-01,6.145658263306470470e-01
4.115196078431175852e-01,5.566176470588234393e-01,7.132352941174117111e-01,7.645833333328824200e-01,8.683823529406470287e-01,8.828431372546471367e-01,7.894607843130587721e-01,7.121323529411764941e-01,6.031862745097645861e-01,6.219362745097647416e-01,7.573529411770000275e-01,7.884803921567058449e-01
4.219607843137235248e-01,5.378431372548824196e-01,4.854901960784117620e-01,7.005882352944116098e-01,8.190196078431766225e-01,7.080392156858823505e-01,7.070588235290586887e-01,6.572549019607057952e-01,6.839215686272352990e-01,8.043137254902353872e-01,7.819607843132940772e-01,6.603921568627059147e-01
6.269607843136471015e-01,7.651960784313530661e-01,7.789215686274528760e-01,1.084313725490588354e+00,1.123529411764352615e+00,1.004901960784294168e+00,8.220588235295882562e-01,6.808823529413529085e-01,8.044117647062352106e-01,9.117647058825294470e-01,8.387254901958823838e-01,7.200980392158824461e-01
1.340336134452988492e-01,1.706582633052823594e-01,1.826330532213882307e-01,1.474789915966059073e-01,1.717086834733294320e-01,1.978291316527058807e-01,1.818627450980999927e-01,1.677170868347470367e-01,7.773109243694706350e-02,5.707282913165589305e-02,1.025210084033588431e-01,1.660364145657529378e-01
1.358387799562735254e-01,2.178649237471705913e-01,2.653594771239411454e-01,3.729847494551176701e-01,4.640522875814705461e-01,3.615468409584705611e-01,2.834422657950470548e-01,1.956427015249087853e-01,1.590413943353529425e-01,1.425925925924705906e-01,1.671023965139706025e-01,1.908496732023588216e-01
2.745098039215941310e-01,5.242647058823528550e-01,7.431372549021175722e-01,9.053921568623531924e-01,7.860294117650589163e-01,5.889705882352940236e-01,3.916666666667058538e-01,4.901960784317646981e-04,0.000000000000000000e+00,0.000000000000000000e+00,5.301470588235117631e-01,8.480392156861764619e-01
2.060457516341117623e-01,3.112745098040647362e-01,4.488562091502941165e-01,5.607843137258823329e-01,5.547385620915294968e-01,5.836601307189999144e-01,5.294117647058235177e-01,5.852941176469410589e-01,6.565359477122940657e-01,7.117647058827646367e-01,7.972222222219409460e-01,9.078431372552940859e-01
2.719607843138235892e-01,4.021568627450999855e-01,4.309803921568823304e-01,5.405882352943529590e-01,5.866666666667648133e-01,5.152941176469411078e-01,4.184313725489999802e-01,2.019607843137823378e-01,0.000000000000000000e+00,0.000000000000000000e+00,1.409803921568823781e-01,3.150980392157057830e-01
1.727450980391352919e-01,3.713725490196294055e-01,5.562745098039999503e-01,5.929411764702940957e-01,6.366666666666470631e-01,6.762745098039412150e-01,6.476470588232530190e-01,5.562745098038822666e-01,4.637254901959999565e-01,4.525490196078235661e-01,5.956862745099411605e-01,5.264705882352176403e-01
3.609477124183646524e-01,5.933006535948235349e-01,8.393790849676470156e-01,9.617647058826472861e-01,9.354575163398235471e-01,8.338235294123528263e-01,7.037581699345883957e-01,7.179738562092351506e-01,7.183006535947645821e-01,6.459150326802353126e-01,7.220588235295293256e-01,7.271241830066469403e-01
3.917892156862941566e-01,7.540441176471176510e-01,9.693627450968823611e-01,1.050122549018823515e+00,1.083455882353294042e+00,9.685049019612355092e-01,8.814950980391765833e-01,8.040441176468235973e-01,7.329656862747647716e-01,5.749999999999999556e-01,5.966911764705882248e-01,7.094362745100588619e-01
2.971568627451000033e-01,4.298039215685882097e-01,5.601960784314118369e-01,6.965686274510588527e-01,7.236274509804117017e-01,6.978431372549411815e-01,6.895098039213528596e-01,6.620588235294116997e-01,5.989215686274704797e-01,6.973529411764706198e-01,7.559803921566471407e-01,7.888235294118236540e-01
4.139705882352175959e-01,5.477941176469411921e-01,6.525735294118234497e-01,6.545343137256470767e-01,7.928921568631763783e-01,7.437500000002353895e-01,6.384803921566469809e-01,6.623774509802352606e-01,6.781862745099411782e-01,7.795343137254706622e-01,8.671568627455883416e-01,8.132352941182352524e-01
2.704481792715294208e-01,4.282913165264706223e-01,5.282913165265118449e-01,6.467787114847646235e-01,6.602240896358823052e-01,6.966386554621176730e-01,6.577030812329117682e-01,6.179271708684117570e-01,6.715686274511764031e-01,7.469187675070587673e-01,8.326330532222941949e-01,8.571428571430589338e-01
1.726715686275058781e-01,3.431372549019588991e-01,5.338235294118235386e-01,6.075980392157058763e-01,6.243872549019411355e-01,5.861519607840588453e-01,5.874999999997647659e-01,6.290441176471176510e-01,6.487745098040587077e-01,7.261029411764704511e-01,7.926470588237646275e-01,7.193627450978824500e-01
2.839215686274705330e-01,3.894117647057823706e-01,4.577450980392352986e-01,5.753921568627646810e-01,5.589215686274705552e-01,5.581372549019411045e-01,5.742156862745881885e-01,5.161764705882941895e-01,3.960784313725294048e-01,5.109803921568236706e-01,6.283333333333529502e-01,6.410784313724704475e-01
9.229691876739998246e-02,2.561624649858469938e-01,4.932773109244119047e-01,6.752100840338823851e-01,6.878151260508824638e-01,5.581232492997058037e-01,3.894957983191765782e-01,0.000000000000000000e+00,0.000000000000000000e+00,0.000000000000000000e+00,1.836134453780058906e-01,5.394957983193529039e-01
2.583333333334059123e-01,4.011437908497823002e-01,5.496732026143763550e-01,6.261437908495647298e-01,6.500000000004706457e-01,6.305555555556471292e-01,6.227124183014706160e-01,6.098039215682999892e-01,5.071895424837646882e-01,5.535947712418470834e-01,6.776143790850058801e-01,7.576797385620001046e-01
6.296296296288235450e-02,1.527233115466588298e-01,2.005446623092411174e-01,2.644880174290176744e-01,2.145969498909940654e-01,2.141612200434588331e-01,1.457516339866470612e-01,0.000000000000000000e+00,0.000000000000000000e+00,0.000000000000000000e+00,3.877995642700588635e-02,1.711328976032587823e-01
2.115808823529588267e-01,4.184436274509412135e-01,5.818014705882941229e-01,5.887254901961763709e-01,5.800245098039410463e-01,5.824142156862941455e-01,5.482843137255294375e-01,5.828431372549411904e-01,4.503676470587646419e-01,3.450980392157059207e-01,3.022058823530175964e-01,2.851715686274117756e-01
1.042892156862882530e-01,3.535539215686471226e-01,5.350490196076058691e-01,6.719362745097646750e-01,6.435049019605881826e-01,4.818627450981411986e-01,3.106617647059234932e-01,0.000000000000000000e+00,0.000000000000000000e+00,0.000000000000000000e+00,2.328431372551176270e-02,1.088235294117646940e-01
0.000000000000000000e+00,2.617647058822646922e-01,2.725490196078234617e-01,4.392156862742940815e-01,7.732026143787648076e-01,7.094771241833530695e-01,4.366013071893529718e-01,0.000000000000000000e+00,0.000000000000000000e+00,0.000000000000000000e+00,2.794117647057999809e-01,7.035947712411176891e-01
4.447058823529411731e-01,5.239215686274116823e-01,6.207843137254707155e-01,7.103921568624707028e-01,7.506862745099999179e-01,7.503921568625292471e-01,7.941176470590001202e-01,8.386274509804118038e-01,7.601960784312942199e-01,7.703921568627057903e-01,8.001960784314704478e-01,9.391176470584118308e-01
1.270944741531823408e-01,2.532976827093176841e-01,3.349376114079999911e-01,4.196078431372352591e-01,5.089126559715881903e-01,4.844919786096471004e-01,3.679144385025883146e-01,3.402852049908823284e-01,3.576648841352353392e-01,3.445632798572352828e-01,4.605169340462353378e-01,5.724598930481176184e-01
3.117647058822999306e-01,5.527777777774117718e-01,5.877450980395116931e-01,6.470588235297057844e-01,6.642156862741530610e-01,7.114379084965294364e-01,6.707516339870470690e-01,6.253267973856472262e-01,5.326797385622059622e-01,5.472222222224116805e-01,7.140522875815293879e-01,9.133986928097647118e-01
1.741176470588647052e-01,3.331372549019411267e-01,5.237254901960176623e-01,5.590196078431175497e-01,5.584313725492942027e-01,5.139215686273117534e-01,4.911764705882176174e-01,4.580392156862353459e-01,3.223529411764512465e-01,3.749019607843117607e-01,6.111764705882940518e-01,7.098039215684115444e-01
2.119155354447764816e-01,4.533936651582941013e-01,5.981146304675882819e-01,6.858220211163528202e-01,7.155354449474706779e-01,5.729260935142942435e-01,5.216440422322942139e-01,4.525641025641764514e-01,4.055806938157058283e-01,5.656108597285882666e-01,7.635746606332941555e-01,7.980392156868822973e-01
5.189542483661176986e-01,6.073529411765293817e-01,5.856209150326470159e-01,3.923202614379411313e-01,5.109477124182940644e-01,5.826797385621764747e-01,5.962418300653530290e-01,5.348039215685704839e-01,4.869281045752676396e-01,6.058823529412941111e-01,7.395424836602940699e-01,7.689542483662352712e-01
2.923529411764705932e-01,4.207843137254705934e-01,4.309803921569411722e-01,4.644117647058823017e-01,4.828431372548823708e-01,4.778431372548825329e-01,4.438235294117646168e-01,5.035294117648059231e-01,5.326470588235882042e-01,6.179411764704706433e-01,6.083333333333528214e-01,6.231372549019588147e-01
1.667755991284352868e-01,3.603683897800000202e-01,5.256684491979412011e-01,5.909982174689411005e-01,6.000990295108823425e-01,5.701723113489410855e-01,5.164587046940528614e-01,5.099920776392352639e-01,4.866706278473529323e-01,5.198257080608823522e-01,6.943553178848822505e-01,8.142800554571176797e-01
1.058823529413429471e-01,2.477124183007764213e-01,5.136437908495884441e-01,6.428104575161175394e-01,6.686274509804706057e-01,6.228758169935294520e-01,5.292483660131175327e-01,4.459150326798176356e-01,3.732843137255882349e-01,4.263071895425882829e-01,6.542483660127647038e-01,8.687091503258821401e-01
1.481792717085146927e-01,2.278711484592941539e-01,3.222689075628235589e-01,4.903361344536470989e-01,5.634453781511764570e-01,5.434173669470000467e-01,5.203081232494705111e-01,4.820728291316470626e-01,5.366946778712352595e-01,5.310924369748235563e-01,6.246498599441175914e-01,7.064425770309410435e-01
1.946778711482647639e-01,2.521008403359999983e-01,2.854341736693529197e-01,3.075630252100647333e-01,3.121848739493824354e-01,3.523809523809058875e-01,4.102240896358235744e-01,4.074229691875882464e-01,4.352941176470587759e-01,4.544817927168823268e-01,5.133053221290588830e-01,6.315126050420586390e-01
5.667303284949999354e-01,7.881079704609410541e-01,8.062070282661175646e-01,8.572128851540001815e-01,9.341418385543529546e-01,9.595811051693530214e-01,9.855869620577645263e-01,9.493124522538235466e-01,8.510758848992353576e-01,7.783549783551174661e-01,8.044881589006470657e-01,8.393557422973529913e-01
3.620448179270824296e-01,5.245098039214706187e-01,4.810224089634704825e-01,4.800420168066470983e-01,5.548319327731765505e-01,5.770308123250587062e-01,5.703081232492942521e-01,5.148459383752941321e-01,4.050420168067176419e-01,3.946078431372942452e-01,3.824929971987647281e-01,4.000700280111647578e-01
1.732026143789205941e-01,4.577342047930000879e-01,8.204793028321176740e-01,9.443355119826470911e-01,9.918300653592940774e-01,8.656862745094118239e-01,7.458605664489411646e-01,7.837690631807058272e-01,7.055555555557059266e-01,6.074074074074117258e-01,6.144880174292941533e-01,6.503267973856471373e-01
9.103641456574118607e-02,3.682072829130764169e-01,6.830532212887057142e-01,7.866946778713528321e-01,7.967787114850000130e-01,7.635854341735883732e-01,6.361344537817058553e-01,6.355742296919999479e-01,5.574229691878235249e-01,4.680672268906706512e-01,5.005602240896175337e-01,4.357142857141765302e-01
1.300653594770000143e-02,1.503267973855294121e-02,1.784313725490588309e-02,2.869281045748235323e-02,2.705882352941588187e-02,4.869281045749235259e-02,1.215032679737000215e-01,2.183660130719052850e-01,3.735947712418823397e-01,5.316339869280000130e-01,6.716339869281764408e-01,6.584313725489999714e-01
1.625490196078470673e-01,2.527450980392294544e-01,3.715686274509000797e-01,5.111764705881176596e-01,6.382352941178647265e-01,8.047058823528822069e-01,7.300000000000587130e-01,9.072549019611176879e-01,1.283333333333352977e+00,1.379215686274706254e+00,1.419999999999999929e+00,1.269019607842764907e+00
2.352941176470000062e-01,4.568627450980000115e-01,7.493872549017648321e-01,8.770833333331177206e-01,8.631127450984118488e-01,8.665441176466880391e-01,8.366421568631764449e-01,8.000000000002176481e-01,8.901960784310000152e-01,9.350490196078233840e-01,1.033578431372882411e+00,1.088480392156882193e+00
1.361519607842940904e-01,2.482843137254706067e-01,5.269607843137059655e-01,6.341911764707057753e-01,5.899509803919409379e-01,6.487745098038822933e-01,5.975490196080588401e-01,4.952205882351176092e-01,4.883578431371764506e-01,5.602941176468235751e-01,5.893382352941175517e-01,6.143382352938822066e-01
6.470588235292351609e-02,1.241176470588605946e-01,2.609803921568647489e-01,3.482352941175882455e-01,4.503921568630001038e-01,4.205882352940000235e-01,3.584313725490588798e-01,3.949019607843529678e-01,3.537254901961176534e-01,3.237254901960588960e-01,3.758823529412176900e-01,3.623529411763706243e-01
0.000000000000000000e+00,0.000000000000000000e+00,0.000000000000000000e+00,0.000000000000000000e+00,0.000000000000000000e+00,0.000000000000000000e+00,0.000000000000000000e+00,0.000000000000000000e+00,0.000000000000000000e+00,0.000000000000000000e+00,0.000000000000000000e+00,0.000000000000000000e+00
4.457983193276470191e-01,5.134453781512352544e-01,5.372549019607057996e-01,6.703081232492941188e-01,7.551820728292939489e-01,7.261904761905293437e-01,6.201680672268236050e-01,6.687675070027057078e-01,6.284313725489411029e-01,6.865546218489412267e-01,8.379551820730587464e-01,8.620448179273529909e-01
3.268627450979588733e-01,5.464705882353705357e-01,6.562745098038823555e-01,7.815686274512353426e-01,9.076470588228823244e-01,7.903921568627646499e-01,7.290196078434116878e-01,6.670588235294117041e-01,6.407843137254294330e-01,7.082352941177060268e-01,8.619607843135883574e-01,9.476470588235883508e-01
1.446623093680470540e-01,2.521786492372882216e-01,4.107843137253529009e-01,5.505446623092352665e-01,7.235294117648823908e-01,7.593681917207647514e-01,6.632897603481174853e-01,6.166666666665883145e-01,4.970588235294293722e-01,4.600217864920588262e-01,5.623093681918236442e-01,6.028322440087647838e-01
1.714460784313941166e-01,2.835784313724294403e-01,3.779411764706058774e-01,5.520833333334118631e-01,6.311274509803529442e-01,5.577205882353529764e-01,5.425245098038823377e-01,4.892156862744705959e-01,4.557598039215882135e-01,5.075980392157058985e-01,5.631127450980588645e-01,5.719362745098235390e-01
5.144257703081176469e-01,6.703081232492942299e-01,7.829131652664116370e-01,8.401960784318234232e-01,9.704481792715882182e-01,8.995798319322352299e-01,7.651260504205881219e-01,6.130252100841764307e-01,4.387955182071764937e-01,4.768907563025294172e-01,5.908963585434704457e-01,5.252100840336412224e-01
3.960784313727059303e-01,5.359477124182353558e-01,5.683006535945882565e-01,6.454248366013528582e-01,7.013071895425881941e-01,7.700980392168235156e-01,7.016339869287060438e-01,6.468954248365293980e-01,6.179738562090587584e-01,6.406862745098237388e-01,6.937908496734176422e-01,7.122549019609998311e-01
1.395424836600911989e-01,4.053376906317058825e-01,6.275599128541764493e-01,7.345315904140587993e-01,7.239651416125882921e-01,6.759259259255293584e-01,6.665577342051176579e-01,6.577342047931765689e-01,6.079520697168234733e-01,5.273420479304118391e-01,6.033769063181763093e-01,6.470588235295294810e-01
4.509803921565822687e-02,1.005065359477958775e-01,2.514215686273399974e-01,4.009477124182941332e-01,3.502287581699588537e-01,3.687745098039411640e-01,4.284313725489412583e-01,3.357516339869000555e-01,1.922875816993870612e-01,1.477124183007058889e-01,1.299509803921529427e-01,1.670261437908823476e-01
3.995261437907646762e-01,5.338562091503530338e-01,6.126960784314117170e-01,6.205392156862352682e-01,6.734803921569412211e-01,7.169934640522354075e-01,7.077614379087646679e-01,7.162091503267644654e-01,7.041503267974117408e-01,8.028758169934119282e-01,8.392156862745883128e-01,8.715522875822943050e-01
1.379084967320470811e-01,2.693627450980823901e-01,4.623366013071175673e-01,5.328431372550941347e-01,6.426470588237058745e-01,5.920751633988823315e-01,4.320261437909412305e-01,2.618464052288040911e-01,2.232026143791529804e-01,2.016339869281470465e-01,2.879084967319411881e-01,6.040032679738822630e-01
3.394607843137058545e-01,3.825980392157058430e-01,4.794117647058647180e-01,5.220588235294117974e-01,5.137254901960587317e-01,4.595588235294705837e-01,4.161764705881176307e-01,2.997549019608629628e-01,3.997549019608411247e-01,6.823529411764707175e-01,8.330882352939410485e-01,8.789215686274705064e-01
5.849019607843528590e-01,7.256862745098233702e-01,4.672549019609411602e-01,4.574509803922353068e-01,5.009803921568235507e-01,5.886274509804118038e-01,5.352941176470588092e-01,4.037254901961353504e-01,3.856862745098235123e-01,3.150980392156705889e-01,3.054901960784900394e-01,2.688235294117646834e-01
6.931372549018822715e-01,7.250000000000000888e-01,5.313725490196470336e-01,3.602941176471570195e-01,6.409313725490000113e-01,7.026960784313722730e-01,6.941176470587823166e-01,5.894607843139412218e-01,3.813725490196294143e-01,4.411764705882352811e-01,4.377450980391764945e-01,3.823529411764117203e-01
2.343137254901176136e-01,4.799999999999411959e-01,6.207843137255293353e-01,5.807843137253529964e-01,6.070588235295882873e-01,6.303921568630588279e-01,6.384313725490000646e-01,5.423529411765295460e-01,5.305882352941175828e-01,6.572549019603528553e-01,7.380392156867057185e-01,7.111764705886471916e-01
1.565359477123970944e-01,5.691176470588823477e-01,7.436274509802940358e-01,8.330065359477059062e-01,8.039215686270587691e-01,7.424836601310589312e-01,6.686274509803529220e-01,7.094771241827646513e-01,7.720588235294117974e-01,7.676470588237058745e-01,7.691176470590002090e-01,7.127450980398825076e-01
4.061624649859411629e-01,6.822128851540587569e-01,9.151260504207058277e-01,1.046638655461647138e+00,1.017927170868705877e+00,1.015686274509588483e+00,9.792717086834116236e-01,1.050000000000588241e+00,1.144397759104470724e+00,1.237675070027529634e+00,1.241736694677764818e+00,1.305322128851470698e+00
2.050420168066176552e-01,4.161064425769411823e-01,5.645658263307646862e-01,7.049019607845294910e-01,6.945378151262942001e-01,7.030812324931178248e-01,7.236694677873529713e-01,7.012605042016469836e-01,7.507002801120586932e-01,7.474789915968823584e-01,8.054621848741765344e-01,7.549019607847647917e-01
3.388480392156646981e-01,5.128676470588822145e-01,7.388480392162941612e-01,8.514705882348235777e-01,8.667892156871177534e-01,8.334558823532940419e-01,7.503676470588823699e-01,6.460784313725882466e-01,6.436274509799999599e-01,7.593137254902940780e-01,9.514705882351177646e-01,1.041544117647235312e+00
1.939215686273529637e-01,3.301960784313941466e-01,3.794117647059001008e-01,4.168627450979411342e-01,4.566666666666646668e-01,5.449019607841176782e-01,5.296078431372158724e-01,4.437254901960589470e-01,3.282352941177823502e-01,3.562745098040234759e-01,4.705882352939412261e-01,4.858823529411764319e-01
5.947712418301176474e-01,7.633986928103529968e-01,6.558823529408822628e-01,8.104575163389410308e-01,9.055555555545293789e-01,7.660130718952352646e-01,9.035947712416472211e-01,9.107843137248236021e-01,8.784313725488236413e-01,9.379084967317058430e-01,9.888888888889999507e-01,1.017973856208353123e+00
3.702614379083293827e-01,4.927015250545294101e-01,5.253812636167057848e-01,5.795206971677058227e-01,5.918300653595883754e-01,6.028322440088235146e-01,6.429193899782942312e-01,6.855119825711176729e-01,7.202614379084117946e-01,7.259259259264707609e-01,7.450980392157644516e-01,7.657952069718234611e-01
3.582352941178646999e-01,7.280392156862353081e-01,8.713725490199411006e-01,8.964705882348823485e-01,8.103921568625098715e-01,7.462745098040000080e-01,7.699999999999412870e-01,7.150980392157648691e-01,7.539215686272940919e-01,6.764705882357647804e-01,7.852941176471177620e-01,7.264705882350587229e-01
1.681372549019217733e-01,3.377450980391764612e-01,4.462009803921175854e-01,4.897058823529412130e-01,5.033088235293529111e-01,4.672794117647058876e-01,3.927696078431765492e-01,3.064950980392529001e-01,0.000000000000000000e+00,0.000000000000000000e+00,1.970588235293529167e-01,2.703431372549411349e-01
1.641176470588411596e-01,2.803921568627646965e-01,4.798039215686646375e-01,6.017647058821352646e-01,6.378431372549410172e-01,7.127450980391764057e-01,6.866666666664118512e-01,6.439215686274704087e-01,7.696078431371765616e-01,8.872549019603529485e-01,9.549019607846469526e-01,8.662745098048234560e-01
0.000000000000000000e+00,1.840686274509411857e-01,5.768382352941177071e-01,7.963235294119410668e-01,9.454656862744116319e-01,8.450980392157647625e-01,6.140931372548824596e-01,1.593137254900588162e-03,0.000000000000000000e+00,0.000000000000000000e+00,0.000000000000000000e+00,6.166666666666468233e-01
6.091503267972940838e-01,7.813725490197057644e-01,7.679738562092941478e-01,6.683006535947647597e-01,8.333333333329411285e-01,8.617647058826471973e-01,8.398692810453529667e-01,8.114379084963529998e-01,9.313725490189999068e-01,1.078104575162764700e+00,1.200326797384352995e+00,1.207516339868647037e+00
5.513071895425294411e-01,8.788398692804705314e-01,8.549836601310000228e-01,9.156045751634704910e-01,9.138071895423529600e-01,9.197712418297059322e-01,9.919934640521764768e-01,9.723856209149410734e-01,9.107843137258825328e-01,8.424836601306471273e-01,9.811274509807058619e-01,1.018464052287823440e+00
1.803921568628117644e-01,4.267156862745588586e-01,6.512254901955882858e-01,7.305555555550589109e-01,7.517156862745881796e-01,7.039215686274118422e-01,7.345588235292940249e-01,7.361928104575293785e-01,6.616830065359999846e-01,6.057189542482942501e-01,6.397058823528823934e-01,6.796568627452351796e-01
2.478213507623411305e-01,4.272331154682941223e-01,6.361655773415882953e-01,6.364923747274117138e-01,6.342047930283765123e-01,6.476034858388823867e-01,6.620915032680589896e-01,6.614379084969411737e-01,6.018518518518822802e-01,6.276688453160881309e-01,6.472766884531175879e-01,7.868191721129998983e-01
1.818627450979941329e-01,2.859477124182706609e-01,5.861111111110588467e-01,7.382352941180588823e-01,6.142156862744118095e-01,5.482026143789412442e-01,4.808823529412057929e-01,5.307189542484705980e-01,5.287581699345881292e-01,6.500000000001177058e-01,7.083333333335294357e-01,6.408496732031176979e-01
1.127450980392352871e-02,7.794117647057058340e-02,1.227941176470823542e-01,1.598039215686470893e-01,1.965686274509235165e-01,1.759803921568176277e-01,1.132352941176882483e-01,0.000000000000000000e+00,0.000000000000000000e+00,0.000000000000000000e+00,5.245098039220000286e-02,1.735294117647235290e-01
3.686274509801764493e-02,8.392156862737645828e-02,3.308823529411958342e-01,5.797058823530000238e-01,6.535294117645292777e-01,6.218627450980001026e-01,5.927450980392352520e-01,6.011764705881764703e-01,4.994117647058999299e-01,3.608823529412941711e-01,3.351960784313706143e-01,2.847058823529764471e-01
7.340686274511763754e-02,1.924019607843176216e-01,4.400735294117059659e-01,5.612745098038235403e-01,5.725490196080411653e-01,4.741421568629411443e-01,3.556372549019823359e-01,0.000000000000000000e+00,0.000000000000000000e+00,0.000000000000000000e+00,1.511029411764529540e-01,4.805147058819234651e-01
3.277777777775000012e-01,4.141612200435292879e-01,5.677559912855293378e-01,6.136165577339411925e-01,7.498910675384117264e-01,6.655773420480000091e-01,6.002178649237057684e-01,7.224400871462942630e-01,7.610021786491766305e-01,9.321350762526470213e-01,9.931372549009997996e-01,1.006644880173352519e+00
2.939215686274470052e-01,5.007843137256076105e-01,6.667320261437058582e-01,7.489542483662353645e-01,8.128758169932351896e-01,7.120915032681764956e-01,7.326797385625293257e-01,7.510457516339411610e-01,6.458169934638823273e-01,4.602614379085471219e-01,2.899346405227882784e-01,2.912418300652941383e-01
2.529411764705706278e-01,5.368627450981765525e-01,7.182352941172354122e-01,7.494117647059999054e-01,7.911764705876469517e-01,6.831372549022941554e-01,6.303921568628235717e-01,6.001960784313529196e-01,5.272549019604706455e-01,6.558823529411765829e-01,7.888235294121764829e-01,8.254901960784705173e-01
2.680926916218410727e-01,3.854723707664764465e-01,4.988413547235882595e-01,5.438502673797646070e-01,5.311942959002352582e-01,5.815508021391764260e-01,5.647058823531176941e-01,5.986631016044705600e-01,6.069518716579412887e-01,7.048128342247648170e-01,7.890374331554115273e-01,8.217468805703528334e-01
0.000000000000000000e+00,0.000000000000000000e+00,0.000000000000000000e+00,0.000000000000000000e+00,0.000000000000000000e+00,0.000000000000000000e+00,0.000000000000000000e+00,0.000000000000000000e+00,0.000000000000000000e+00,0.000000000000000000e+00,0.000000000000000000e+00,0.000000000000000000e+00
8.398692810449705226e-02,1.590413943353823356e-01,2.662309368188764402e-01,3.958605664487058751e-01,5.174291938998824003e-01,5.555555555555296010e-01,4.942265795205352252e-01,5.456427015250411294e-01,6.540305010894704729e-01,9.022875816992352860e-01,1.047821350761529269e+00,1.108605664487411602e+00
1.228758169935823402e-01,2.506535947712352774e-01,3.318627450980529692e-01,5.475490196079411120e-01,7.800653594771763677e-01,6.673202614379999398e-01,4.102941176471000539e-01,1.356209150327058674e-02,1.732026143794117637e-02,3.905228758177235748e-02,8.364379084969999489e-01,9.741830065370588043e-01
1.862745098039235714e-01,2.974264705882176951e-01,4.735294117646469680e-01,6.462009803921765494e-01,7.140931372546470701e-01,7.050245098041176828e-01,7.208333333332940240e-01,7.094362745100588619e-01,7.518382352943528968e-01,8.155637254901176858e-01,9.638480392158234045e-01,9.204656862741763534e-01
1.446078431372940960e-02,8.651960784319412401e-02,1.867647058823117268e-01,2.014705882353982347e-01,2.774509803921940687e-01,2.769607843136705494e-01,2.279411764705294163e-01,2.046568627450058575e-01,7.328431372547059008e-02,6.200980392158824545e-02,4.558823529409999908e-02,6.102941176470588758e-02
2.691176470587647307e-01,4.478758169935294076e-01,4.988562091504116780e-01,4.705882352940588542e-01,4.468954248365999971e-01,4.468954248366470705e-01,4.531045751633530072e-01,3.821895424837294386e-01,3.772875816995882592e-01,2.771241830065293565e-01,2.563725490196235302e-01,3.236928104575294007e-01
1.864705882353882016e-01,2.476470588234705728e-01,2.862745098039587988e-01,3.808823529412941333e-01,4.871568627451176581e-01,5.014705882354117961e-01,3.695098039215705676e-01,3.352941176470587981e-01,3.261764705881176618e-01,3.193137254902747024e-01,3.517647058823529793e-01,4.271568627450588740e-01
3.775735294117646412e-01,4.750000000001176059e-01,5.345588235294704837e-01,6.040441176471177398e-01,6.973039215685293835e-01,6.305147058822939687e-01,5.612745098039999547e-01,5.215686274509413467e-01,4.482843137254117205e-01,4.954656862745294710e-01,5.838235294117057883e-01,6.300245098038823599e-01
5.392156862737646633e-02,9.411764705870585834e-02,1.745098039214970920e-01,2.709150326797059027e-01,2.924836601307059247e-01,3.120915032680588452e-01,2.267973856208823635e-01,2.745098039214765029e-01,2.267973856207235184e-01,1.771241830063882416e-01,2.372549019607588239e-01,3.078431372548177114e-01
2.522549019608057996e-01,4.453921568627646765e-01,5.640196078431765070e-01,6.416666666667646401e-01,7.322549019607058618e-01,7.259803921568823704e-01,6.349019607842940616e-01,6.034313725488824609e-01,5.925490196079412630e-01,6.811764705881763193e-01,7.396078431370589623e-01,8.277450980389412516e-01
2.694444444443823139e-01,4.911764705883411297e-01,6.606209150330000224e-01,7.289215686271175443e-01,8.258169934645882559e-01,7.573529411769530650e-01,5.761437908498824312e-01,4.799019607843529878e-01,5.521241830066471179e-01,5.673202614381176456e-01,6.931372549021176388e-01,7.964052287584705292e-01
2.188725490198294432e-01,3.836601307189353438e-01,4.600490196078059202e-01,4.637254901960588538e-01,5.176470588234117765e-01,4.886437908496646942e-01,4.117647058823294959e-01,4.080882352941176405e-01,4.618464052288235866e-01,4.992647058823528883e-01,6.766339869281177144e-01,8.958333333338354132e-01
1.573529411764706121e-01,4.078431372550000433e-01,7.156862745098235834e-01,6.901960784314118413e-01,7.485294117643529477e-01,8.200980392158824239e-01,7.068627450977646998e-01,7.612745098039587210e-01,7.637254901959411590e-01,7.019607843138999659e-01,9.754901960783529669e-01,1.152941176470588358e+00
1.859477124184411856e-01,3.209150326798822506e-01,5.727124183004118629e-01,6.799019607845881996e-01,7.758169934641178100e-01,5.766339869280412422e-01,4.882352941176469896e-01,4.563725490197647061e-01,3.406862745099176748e-01,2.076797385620352543e-01,1.908496732027176179e-01,3.446078431373529871e-01
6.271241830066471845e-01,8.595860566452353524e-01,9.157952069711176035e-01,8.377995642703529589e-01,8.103485838777647610e-01,8.659041394331176145e-01,8.129629629628822851e-01,7.867102396518236285e-01,7.370370370372353319e-01,7.028322440086470779e-01,7.934640522876471591e-01,8.866013071892941966e-01
3.072712418300588277e-01,4.955065359477059395e-01,6.517973856209412498e-01,6.888071895424117130e-01,6.935457516340000073e-01,6.187908496733530717e-01,5.630718954249411823e-01,5.488562091504118889e-01,4.891339869281763897e-01,5.521241830065294343e-01,6.152777777778235535e-01,7.008169934638823761e-01
2.432352941175706107e-01,3.782352941177058447e-01,4.723529411763530139e-01,5.599019607842352642e-01,5.374509803922353779e-01,5.985294117648235490e-01,4.476470588234705561e-01,4.714705882353529831e-01,4.428431372548647382e-01,4.821568627451000566e-01,5.540196078430588145e-01,6.407843137253529386e-01
2.340686274511764517e-02,1.899509803917646955e-02,3.039215686274706132e-02,6.194852941178236039e-02,9.430147058830588847e-02,1.261642156863294062e-01,1.301470588235470460e-01,1.247549019607629289e-01,1.306372549019588492e-01,1.580882352942411806e-01,1.881127450981588123e-01,2.195465686273941064e-01
1.394957983193352846e-01,1.931372549018352813e-01,4.435574229689999703e-01,6.519607843139293424e-01,6.435574229693530324e-01,6.745098039219410424e-01,6.757703081229999853e-01,5.382352941177647176e-01,4.978991596638823180e-01,5.647058823530588523e-01,6.357142857142354941e-01,7.449579831929998841e-01
1.900735294117235352e-01,3.248774509803529775e-01,4.761029411764705621e-01,5.327205882354294486e-01,6.191176470587057556e-01,7.122549019609999421e-01,6.823529411764704955e-01,5.991421568629412553e-01,5.882352941177059202e-01,7.053921568627823380e-01,8.849264705876469517e-01,9.066176470591765790e-01
2.788687782804029069e-01,5.294017094017058334e-01,6.161387631977647272e-01,6.582252388134706145e-01,7.531623931622940527e-01,7.742785319260587773e-01,7.880140774260588898e-01,6.482855706381764893e-01,5.895374560080588466e-01,6.261387631974705270e-01,8.151131221728238341e-01,9.252840623428824074e-01
7.554901960784116133e-01,7.760784313728235073e-01,5.978431372549000145e-01,5.054901960784117243e-01,7.886274509805294430e-01,8.778431372547060851e-01,9.111764705880001092e-01,8.386274509806471711e-01,9.372549019600002751e-01,1.021960784313705961e+00,1.011960784313529427e+00,9.972549019609999732e-01
2.848039215686470338e-01,3.392156862745294155e-01,4.057598039215881691e-01,4.659313725489999669e-01,6.729166666668234820e-01,7.589460784316470754e-01,7.534313725492940428e-01,7.344362745092940514e-01,8.741421568634116790e-01,1.015196078431764848e+00,1.017279411765294350e+00,9.753676470591765568e-01
3.620098039215705610e-01,6.330882352941177293e-01,7.421568627450588762e-01,9.269607843139412440e-01,9.397058823535292538e-01,8.803921568627469663e-01,7.629901960788235682e-01,5.725490196077841487e-01,4.933823529412353359e-01,2.870098039216235075e-01,2.438725490196470558e-01,2.031862745097058887e-01
5.781250000000000278e-02,1.093750000000000139e-01,1.770833333332499926e-01,1.598958333332499981e-01,1.359375000000750122e-01,2.505208333332500370e-01,1.437500000000000167e-01,1.177083333332499954e-01,1.552083333332500148e-01,1.270833333334250026e-01,3.593749999999999722e-02,5.156249999999999722e-02
5.539215686276471179e-02,2.181372549019235108e-01,4.294117647060999854e-01,6.181372549019412688e-01,6.857843137252941368e-01,6.838235294118648611e-01,5.553921568625882488e-01,5.617647058819057460e-01,5.622549019606472021e-01,5.656862745100000867e-01,5.504901960778234571e-01,7.303921568631176475e-01
2.490196078430882420e-01,4.801742919390529774e-01,5.061002178650234606e-01,6.110021786492353391e-01,5.437908496731177488e-01,5.026143790849412207e-01,4.155773420477058555e-01,2.016339869278616914e-01,1.661220043571588201e-01,1.698257080608529535e-01,3.267973856206824457e-01,4.574074074072941309e-01
9.460784313724883432e-02,1.796568627451176625e-01,2.191176470588588332e-01,3.087009803921765272e-01,3.194852941176294370e-01,3.539215686275488659e-01,2.658088235293529222e-01,2.286764705882353144e-01,2.340686274509999887e-01,2.640931372548823708e-01,3.637254901961175513e-01,4.075980392155882925e-01
5.612745098033117969e-02,1.435049019608176657e-01,3.640931372548235068e-01,5.179534313726470440e-01,5.299019607843530322e-01,4.806372549019412022e-01,4.718137254901176303e-01,5.024509803921176632e-01,5.933210784314116859e-01,7.458333333331763626e-01,7.846813725488235303e-01,8.527573529412352249e-01
1.712418300654705849e-01,3.428104575164881429e-01,5.660130718953528817e-01,7.107843137257060517e-01,6.954248366020587824e-01,5.810457516341765993e-01,5.045751633987060059e-01,3.782679738562353400e-01,3.124183006536470075e-01,4.140522875817647663e-01,6.779411764704645904e-01,9.181372549016472151e-01
2.196078431370588335e-01,3.549019607842823776e-01,4.882352941176822947e-01,5.446778711486471858e-01,5.722689075630589262e-01,5.686274509804118971e-01,4.651260504201764623e-01,3.595238095236352738e-01,3.347338935573470620e-01,4.393557422969412429e-01,6.771708683476470592e-01,8.219887955182647588e-01
1.575630252099587958e-01,2.068627450979176330e-01,3.039215686272529471e-01,3.549019607842000545e-01,3.296918767505882530e-01,3.452380952380647017e-01,2.981792717085381961e-01,2.116246498598470527e-01,2.605042016805294569e-01,2.295518207283294143e-01,2.841736694676352815e-01,3.537815126049411729e-01
1.790849673202352665e-01,1.866013071895882280e-01,2.833333333330911863e-01,3.679738562090823506e-01,4.160130718953999329e-01,4.588235294110588058e-01,2.179738562090529352e-01,0.000000000000000000e+00,0.000000000000000000e+00,0.000000000000000000e+00,6.078431372549705780e-02,1.496732026143529626e-01
1.543417366945353253e-01,2.494397759101706358e-01,3.553221288514117893e-01,4.317927170867882358e-01,4.719887955181176209e-01,5.007002801118823898e-01,4.411764705882352811e-01,4.126050420167058919e-01,3.745098039214705410e-01,2.728291316523353549e-01,3.200280112043882297e-01,4.138655462183529754e-01
9.063180827875294554e-02,1.348583877995352953e-01,1.520697167754176682e-01,2.200435729845881816e-01,2.282135076250352834e-01,2.842047930280587331e-01,3.133986928103412173e-01,3.057734204791764943e-01,2.948801742916941082e-01,2.363834422655999301e-01,2.969498910673529224e-01,2.851851851849705466e-01
2.610149942330176054e-01,4.388696655132941493e-01,4.809688581315882949e-01,5.103806228374118126e-01,4.928489042675294196e-01,5.105536332178823855e-01,5.210495963091177352e-01,5.143598615917647221e-01,4.889850057668234662e-01,4.773933102653528660e-01,5.716839677046470225e-01,5.653979238754117675e-01
6.134453781507646225e-02,9.537815126040000147e-02,1.077030812323764852e-01,1.686274509803176169e-01,1.750700280111235074e-01,1.827731092436176430e-01,1.621848739494676228e-01,1.570028011202411755e-01,1.740896358540235389e-01,2.393557422968411730e-01,2.645658263303647395e-01,2.558823529410294562e-01
1.478291316526588184e-01,2.929271708683647835e-01,4.066526610644117801e-01,5.272408963588235409e-01,5.530812324930587387e-01,5.803921568626471128e-01,5.032212885155293858e-01,5.018207282915293499e-01,4.975490196077648197e-01,5.330532212884118159e-01,5.826330532212941060e-01,5.883053221288823131e-01
2.086056644877529453e-01,3.178649237470588251e-01,3.917211328975352957e-01,3.896514161217646821e-01,4.434640522875881730e-01,5.003267973855881623e-01,4.482570806099412386e-01,4.264705882352940458e-01,3.884531590411470781e-01,3.629629629628470244e-01,4.680827886709999497e-01,4.383442265794117443e-01
4.326797385621235503e-01,5.748366013072353509e-01,5.681372549021175278e-01,6.191176470587645975e-01,6.702614379083529084e-01,7.150326797387058786e-01,7.598039215680000291e-01,6.885620915034116329e-01,7.049019607842941237e-01,6.815359477122351350e-01,6.803921568626470906e-01,6.779411764706470001e-01
4.406862745097294143e-01,6.657843137254118027e-01,6.916666666665882701e-01,7.051960784311763764e-01,6.598039215685882475e-01,6.638235294114117613e-01,6.583333333333529769e-01,5.980392156862940345e-01,4.957843137255882882e-01,3.907843137254882193e-01,3.323529411765117625e-01,3.079411764706059262e-01
2.599439775908559125e-01,5.637254901962353015e-01,7.165266106439823757e-01,7.282913165268058986e-01,6.976190476192352108e-01,6.359943977595294839e-01,6.543417366949999536e-01,6.306722689075293653e-01,5.861344537815293965e-01,4.375350140055940806e-01,3.438375350139353248e-01,2.225490196077412053e-01
3.965141612197647381e-01,6.807189542484707312e-01,7.043572984750586796e-01,7.175381263618234584e-01,7.247276688455294158e-01,7.065359477125883192e-01,7.319172113288824333e-01,7.785403050108824496e-01,7.103485838781177231e-01,5.851851851852941655e-01,5.827886710240000046e-01,5.431372549020001550e-01
1.066448801741911590e-01,1.979302832242941235e-01,2.200435729845705568e-01,2.114379084965793965e-01,2.384531590412294066e-01,2.591503267972117275e-01,2.932461873637058902e-01,2.907407407405293576e-01,2.681917211327646822e-01,3.770152505444706037e-01,4.692810457515882439e-01,5.006535947712353884e-01
1.846405228756529404e-01,3.091503267972353086e-01,3.697167755989471116e-01,4.715686274511176612e-01,5.345315904140588437e-01,5.031590413941764428e-01,4.406318082789411616e-01,4.661220043572940619e-01,4.913943355119411160e-01,5.604575163398235471e-01,7.312636165581763992e-01,7.669934640525294389e-01
0.000000000000000000e+00,1.980392156862941233e-01,6.830882352941175517e-01,8.799019607848824753e-01,1.022303921568647134e+00,8.553921568619412552e-01,6.183823529411764941e-01,0.000000000000000000e+00,0.000000000000000000e+00,0.000000000000000000e+00,2.725490196079235483e-01,5.781862745098235168e-01
3.848039215684706527e-01,5.305147058823529438e-01,6.341911764703940246e-01,6.832107843138235381e-01,7.922794117648411794e-01,7.794117647059413123e-01,6.425245098038823155e-01,0.000000000000000000e+00,0.000000000000000000e+00,0.000000000000000000e+00,0.000000000000000000e+00,4.665441176469999895e-01
1.065359477123764692e-01,1.601307189542411635e-01,4.232026143786412065e-01,6.049019607845586011e-01,7.679738562093529897e-01,8.555555555548821633e-01,6.323529411762351948e-01,5.052287581694706597e-01,5.382352941178235595e-01,5.728758169932528510e-01,5.401960784313528663e-01,5.947712418291764003e-01
5.686274509799411209e-02,1.254901960783529336e-01,3.382352941176176575e-01,5.173202614372001129e-01,5.820261437904352686e-01,5.990196078430706228e-01,3.696078431372294415e-01,2.065359477123058785e-01,1.431372549019470641e-01,1.803921568625941330e-01,2.401960784311970298e-01,2.751633986926588227e-01
0.000000000000000000e+00,0.000000000000000000e+00,3.660539215687058090e-01,5.849264705881765947e-01,6.073529411764705399e-01,7.026960784313528441e-01,5.943627450979999116e-01,5.332107843138235159e-01,4.810049019608235166e-01,3.811274509804117305e-01,4.764705882354118849e-01,5.584558823528823490e-01
5.730837789661764603e-01,7.966131907308821036e-01,9.001782531199411519e-01,8.606060606067058583e-01,8.488413547242351642e-01,8.918003565072941674e-01,7.768270944748235651e-01,6.687165775404707579e-01,5.100713012478236275e-01,4.806595365420000543e-01,5.992869875224705600e-01,6.288770053477059641e-01
2.508403361344764271e-01,4.978991596638823180e-01,6.586834733892353855e-01,7.724089635854117786e-01,8.350140056014706547e-01,8.602240896362352007e-01,7.654061624645882578e-01,7.077030812325881826e-01,6.518207282916470557e-01,6.922969187678823522e-01,7.942577030812939531e-01,7.191876750703528609e-01
3.169934640523988101e-01,6.928104575158235967e-01,8.952614379092941332e-01,9.516339869280587838e-01,1.056045751633470697e+00,1.032516339869588240e+00,9.351307189534706632e-01,7.993464052288823396e-01,6.895424836601764529e-01,7.514705882347646471e-01,8.642156862754705182e-01,8.089869281054705707e-01
3.238562091502353302e-01,4.964052287581763867e-01,5.701525054467646569e-01,6.288671023964705897e-01,8.117647058818822092e-01,7.838779956429999807e-01,7.108932461872941033e-01,6.770152505448234770e-01,7.069716775602353787e-01,7.541394335509412628e-01,8.150326797387059674e-01,9.057734204792353694e-01
0.000000000000000000e+00,3.282352941176294725e-01,6.076470588240000525e-01,7.000000000004708012e-01,7.237254901960588072e-01,7.627450980386470958e-01,6.037254901958234443e-01,5.519607843139411330e-01,4.460784313725293937e-01,2.096078431373117890e-01,2.188235294117647223e-01,2.200000000000588429e-01
2.394117647059411935e-01,3.092156862745293888e-01,3.176470588235882353e-01,3.543137254902353761e-01,3.899999999998824407e-01,4.374509803921176609e-01,3.809803921569606677e-01,3.035294117647058254e-01,3.052941176470411744e-01,3.041176470587470537e-01,3.037254901960000364e-01,2.888235294117647012e-01
2.827450980392352542e-01,4.415686274509588727e-01,6.094117647057646359e-01,7.147058823529411908e-01,6.986274509802353760e-01,5.899999999996471400e-01,4.096078431373528783e-01,1.568627450982353197e-03,0.000000000000000000e+00,0.000000000000000000e+00,1.784313725489411473e-01,4.335294117648236245e-01
8.715170278638117995e-02,1.232198142414470260e-01,2.772445820433411812e-01,5.105779153765881428e-01,6.804437564497058943e-01,6.632610939114175208e-01,5.835913312694294142e-01,4.937048503611528583e-01,3.902476780184117588e-01,3.304953560370647025e-01,3.830753353972811692e-01,4.825593395252941176e-01
1.962418300654411862e-01,2.797385620915587845e-01,4.683006535945881121e-01,7.253267973859411910e-01,8.320261437909414193e-01,7.718954248366471926e-01,8.065359477122941989e-01,6.839869281039528959e-01,5.102941176471764706e-01,6.044117647059412679e-01,7.031045751631824769e-01,7.227124183008823977e-01
1.960784313725176253e-01,4.225490196077353877e-01,6.259803921571177598e-01,6.449346405232941892e-01,6.361111111110410166e-01,7.145424836611058428e-01,5.640522875818823056e-01,3.717320261436882767e-01,3.044117647059881859e-01,3.467320261437853435e-01,3.800653594770882493e-01,4.741830065358823565e-01
