0.000000000000000000e+00,3.318287037035812514e-01,8.564814814811874122e-01,1.054398148148125047e+00,1.099537037035062337e+00,1.119675925923500071e+00,9.888888888876874450e-01,0.000000000000000000e+00,0.000000000000000000e+00,0.000000000000000000e+00,5.337962962963124225e-01,8.833333333331876425e-01
0.000000000000000000e+00,2.667534722222750232e-01,6.176215277777001855e-01,8.051215277769312451e-01,8.815104166671874353e-01,9.542534722226250210e-01,8.982638888881875339e-01,0.000000000000000000e+00,0.000000000000000000e+00,0.000000000000000000e+00,4.965277777777500345e-01,8.268229166666249963e-01
2.427083333333750204e-01,3.546875000000624945e-01,5.506250000000000311e-01,6.246874999997500399e-01,6.701041666666874841e-01,7.296874999997499112e-01,7.170833333331876336e-01,6.168749999999375566e-01,6.208333333334374871e-01,6.039583333332499970e-01,6.628125000000000266e-01,6.792708333336249238e-01
2.355654761903062666e-01,4.014880952379375478e-01,5.873511904762498403e-01,6.626488095241249709e-01,6.959821428575000413e-01,7.476190476193749213e-01,7.120535714283124928e-01,6.032738095239374987e-01,5.913690476190625045e-01,6.556547619050000497e-01,7.828869047621250798e-01,8.188988095237499376e-01
3.854166666665063135e-01,5.958333333334374649e-01,7.739583333330624093e-01,9.770833333332500370e-01,9.215277777767498790e-01,1.020486111110937344e+00,9.121527777766248457e-01,8.451388888882500616e-01,9.534722222219375043e-01,9.677083333327498593e-01,1.102430555554499980e+00,1.023611111110312555e+00
2.641927083332062387e-01,4.505208333334374537e-01,6.075520833333750703e-01,8.065104166662501184e-01,7.819010416668124019e-01,6.574218750000625500e-01,6.157552083333749371e-01,6.113281249999376055e-01,6.705729166666873908e-01,7.808593750000000222e-01,9.954427083333750037e-01,1.067447916667499941e+00
8.841145833326251313e-02,1.729166666666044072e-01,3.404947916666249963e-01,4.048177083332936688e-01,4.915364583331874870e-01,4.963541666665624574e-01,4.440104166666874463e-01,4.113281250000418443e-01,4.246093749999999556e-01,3.940104166667499630e-01,4.977864583332499704e-01,5.455729166667500074e-01
2.127604166667062813e-01,2.263020833334999926e-01,2.545572916666249963e-01,3.243489583333750148e-01,3.635416666666438368e-01,4.111979166667499852e-01,3.833333333332687443e-01,3.029947916666061447e-01,2.433593750000187517e-01,3.203125000000625056e-01,4.162760416666249075e-01,4.423177083334375315e-01
0.000000000000000000e+00,1.289583333333750026e-01,2.810416666666687435e-01,3.692708333332500592e-01,4.603125000000624079e-01,4.968750000000000111e-01,4.103125000000624190e-01,4.247916666667500007e-01,3.796875000000000666e-01,3.437500000000000000e-01,3.510416666666875130e-01,2.844791666665812402e-01
0.000000000000000000e+00,4.330357142862499564e-02,1.263392857142312531e-01,1.760416666665812480e-01,1.769345238093312234e-01,2.188988095236937548e-01,1.349702380951343650e-01,0.000000000000000000e+00,0.000000000000000000e+00,0.000000000000000000e+00,0.000000000000000000e+00,4.092261904762500152e-02
4.755208333333125204e-01,6.230468750000625056e-01,7.533854166666250629e-01,7.694010416667499408e-01,6.707031249999374500e-01,6.644531250000000888e-01,7.106770833332499704e-01,6.934895833333124537e-01,5.941406249999999778e-01,6.096354166667500296e-01,7.658854166666874130e-01,8.296874999998123945e-01
2.200000000000000011e-01,3.947916666666249630e-01,4.777083333333562720e-01,5.552083333336063076e-01,5.449999999999562972e-01,5.318750000000624922e-01,5.427083333331874648e-01,5.477083333330812209e-01,6.006250000001688294e-01,7.070833333332686710e-01,7.943750000000187050e-01,8.541666666668124019e-01
1.214285714284250028e-01,2.248511904760625013e-01,3.075892857142812353e-01,3.589285714284375373e-01,3.712797619046437347e-01,3.821428571428312493e-01,2.779761904759937563e-01,7.633928571420939280e-02,6.726190476181251321e-02,4.017857142853124841e-02,1.632440476189937484e-01,2.270833333331750414e-01
1.282291666666437457e-01,1.596874999999981504e-01,2.305208333333562398e-01,2.181250000000437561e-01,2.540625000001000000e-01,2.698958333334187110e-01,2.422916666667062624e-01,2.152083333333312809e-01,2.082291666667106522e-01,2.141666666666687535e-01,2.738541666666874930e-01,3.271874999999812017e-01
2.839583333332500459e-01,4.963541666665625129e-01,5.316666666666874930e-01,5.902083333331874515e-01,6.277083333338749904e-01,6.123958333335001170e-01,5.529166666667499896e-01,5.320833333331875803e-01,5.285416666665624374e-01,6.117708333333126136e-01,5.526041666666249297e-01,6.649999999998750244e-01
1.312499999999812428e-01,2.178385416666250018e-01,3.013020833332500370e-01,3.108072916666874685e-01,3.153645833333562631e-01,3.490885416666875130e-01,3.532552083333750370e-01,2.980468750001250000e-01,2.378906249998937461e-01,2.656249999998749889e-01,3.821614583333937665e-01,4.170572916666874796e-01
1.083333333333124926e-01,2.416666666667500185e-01,3.333333333331249260e-01,4.708333333330624315e-01,6.432291666664375906e-01,5.890625000000625500e-01,3.911458333332499815e-01,2.140625000000206113e-01,2.130208333333562520e-01,4.838541666668125241e-01,6.562499999999998890e-01,7.072916666666875241e-01
7.743055555549374636e-02,3.531250000000624722e-01,4.576388888887499840e-01,4.951388888888750284e-01,4.687499999999374944e-01,5.211805555552561087e-01,4.944444444440624920e-01,2.843749999997374767e-01,1.965277777776250345e-01,4.260416666665374774e-01,6.656249999999374056e-01,7.201388888886876005e-01
4.713541666666874463e-01,6.312500000001248779e-01,6.743749999999373301e-01,5.141666666666250274e-01,6.186458333333750836e-01,5.589583333333750792e-01,5.019791666667500207e-01,4.719791666666250940e-01,3.667708333333124515e-01,3.117708333333125692e-01,3.219791666667062291e-01,3.808333333333751014e-01
2.479166666665437446e-01,3.151620370368437563e-01,4.208333333332500703e-01,3.715277777774250167e-01,4.635416666665624352e-01,4.199074074073124718e-01,3.600694444442500419e-01,2.971064814811875121e-01,2.214120370368812818e-01,2.239583333331749970e-01,3.217592592590000078e-01,4.164351851850624509e-01
1.674479166666625329e-01,3.277343749999375166e-01,3.941406250000624722e-01,4.195312499999375166e-01,4.286458333333749704e-01,5.036458333333124759e-01,4.660156249999999334e-01,4.558593749999186873e-01,3.757812500000437539e-01,3.479166666666874685e-01,4.108072916667312446e-01,3.713541666666893559e-01
3.606770833331874454e-02,5.312499999999999861e-02,1.609375000000143885e-01,3.072916666666062335e-01,3.695312499999187095e-01,3.992187499998124389e-01,3.695312500000187406e-01,3.109374999999812705e-01,1.967447916666250074e-01,1.505208333333312720e-01,2.425781249999562905e-01,2.401041666667124985e-01
5.074218749999374056e-01,5.779947916666250407e-01,6.238281249999374500e-01,6.752604166666875685e-01,6.486979166663749963e-01,6.283854166666874574e-01,5.298177083332500370e-01,5.111979166667499630e-01,4.860677083333124759e-01,4.131510416666875907e-01,4.158854166666249852e-01,3.755208333334187909e-01
1.679687500000687506e-01,3.319010416667063090e-01,4.755208333334374760e-01,5.528645833330000370e-01,6.072916666667500518e-01,5.731770833334375315e-01,4.727864583332499482e-01,3.777343749999375611e-01,3.735677083333124870e-01,4.276041666665625351e-01,4.239583333333123982e-01,3.712239583334374649e-01
1.852272727271125352e-01,3.021780303030000003e-01,3.816287878786249754e-01,4.228219696970625385e-01,4.857954545454374884e-01,4.468749999997499445e-01,4.049242424239999361e-01,3.708333333331250148e-01,4.114583333330625314e-01,4.835227272726874137e-01,5.254734848484999832e-01,5.851325757577499065e-01
1.475160256408593884e-01,2.225961538459375055e-01,2.853365384612999156e-01,3.649839743587749430e-01,4.100160256409999815e-01,3.291666666665187257e-01,3.208333333331749859e-01,2.982371794870625203e-01,2.833333333330812498e-01,2.931891025638812542e-01,3.685096153844569233e-01,4.338141025640500081e-01
2.842708333333125448e-01,3.735416666666874774e-01,4.549999999999375655e-01,5.093750000000000222e-01,5.409375000000625766e-01,5.459374999999374589e-01,4.975000000000000533e-01,4.520833333333750259e-01,4.980208333333124293e-01,5.221875000000624212e-01,6.732291666667499230e-01,7.678125000001875256e-01
3.202380952379250134e-01,4.499999999998750555e-01,4.212797619046875219e-01,3.998511904761875013e-01,4.415178571428125531e-01,4.019345238094249595e-01,3.998511904761999358e-01,3.749999999998811506e-01,3.613095238093781414e-01,3.842261904760624902e-01,4.706845238091875161e-01,5.163690476191874490e-01
1.266927083333312665e-01,2.391927083332062165e-01,3.970052083333125426e-01,5.796875000000000222e-01,6.238281250000624611e-01,5.220052083333749371e-01,4.303385416667500629e-01,4.010416666666249408e-01,3.854166666666875574e-01,4.326822916666249186e-01,4.026041666665624574e-01,4.049479166666249963e-01
0.000000000000000000e+00,1.215277777776249853e-02,4.652777777770625289e-02,7.256944444437499198e-02,1.076388888888249878e-01,8.402777777771250345e-02,8.263888888882499340e-02,4.652777777775000262e-02,3.611111111106250077e-02,4.270833333324374620e-02,4.479166666664999991e-02,4.027777777774999707e-02
1.869047619046812492e-01,2.723214285712875493e-01,4.686011904762437119e-01,5.843749999999999778e-01,6.904761904764999958e-01,7.276785714291249541e-01,7.455357142857499397e-01,6.531250000000813349e-01,6.619047619049687192e-01,6.377976190477249174e-01,5.747023809524374194e-01,5.087797619048375353e-01
1.972916666666250374e-01,3.095833333333312121e-01,4.810416666667500230e-01,6.441666666666249208e-01,6.958333333335625648e-01,7.558333333331248571e-01,8.270833333336875537e-01,8.352083333331249415e-01,9.729166666659373464e-01,8.827083333330623116e-01,8.964583333334374959e-01,9.310416666666874175e-01
2.671874999999581668e-01,5.249999999999375166e-01,6.273437499997938094e-01,6.833333333331874648e-01,6.833333333333749815e-01,7.018229166666249963e-01,7.497395833333125870e-01,6.429687500000625944e-01,5.020833333333312165e-01,4.044270833333124537e-01,4.453124999997749578e-01,4.236979166666249297e-01
4.398809523810625621e-01,8.026785714292500318e-01,9.491071428574999747e-01,9.330357142863124897e-01,8.226190476194376044e-01,7.672619047621249688e-01,7.732142857140001935e-01,7.870535714288748874e-01,6.569940476191250545e-01,5.498511904763749847e-01,6.111607142858749286e-01,5.872023809525624971e-01
3.799479166666874796e-01,7.755208333334375759e-01,8.734375000003750111e-01,7.936197916662500740e-01,8.354166666664374352e-01,7.248697916664998964e-01,7.851562499998123723e-01,6.848958333333751147e-01,5.205729166667500962e-01,3.519531249999999778e-01,2.789062500000624722e-01,2.934895833334812409e-01
2.955729166667499519e-01,5.671874999999999556e-01,7.322916666666249297e-01,7.049479166666249297e-01,6.398437500003125722e-01,5.656249999997311484e-01,6.132812499995624611e-01,6.289062500003125278e-01,5.351562499998124833e-01,3.713541666665624574e-01,3.244791666666874130e-01,3.221354166666249852e-01
1.873511904762750202e-01,3.724702380951750436e-01,5.186011904756874236e-01,5.598214285715623628e-01,6.037202380953750058e-01,5.875000000000000222e-01,6.379464285709375293e-01,6.983630952385625479e-01,5.641369047618749466e-01,4.331845238094374495e-01,3.843749999998499756e-01,3.388392857141875325e-01
3.779761904760625679e-02,7.425595238094999384e-02,1.129464285713250027e-01,1.355654761903562489e-01,1.587797619045562825e-01,1.163690476188937589e-01,1.208333333332125142e-01,1.166666666665750196e-01,9.077380952368750699e-02,7.098214285704999849e-02,4.732142857141562187e-02,4.910714285706874876e-02
5.677083333334374121e-02,1.197916666666562491e-01,2.118055555555437564e-01,2.467013888888812401e-01,4.812500000000500266e-01,5.850694444444374254e-01,4.574652777777499790e-01,4.034722222221936994e-01,3.930555555553999492e-01,4.156250000001437961e-01,6.585069444446249864e-01,7.704861111111875882e-01
6.833333333333124759e-02,8.125000000002312317e-02,1.420833333334143578e-01,3.589583333333143944e-01,6.504166666668126373e-01,6.737500000001249711e-01,4.760416666666063001e-01,3.335416666666874974e-01,3.206250000000375189e-01,3.829166666666062313e-01,6.420833333333125781e-01,8.081249999999999822e-01
3.281249999998124556e-02,4.348958333335625759e-02,7.864583333328938053e-02,2.328124999998750222e-01,3.789062499999812372e-01,3.997395833333749482e-01,2.898437500000000111e-01,1.578125000000187572e-01,7.838541666662500462e-02,4.557291666664812363e-02,4.088541666666874880e-02,4.635416666662500046e-02
1.256510416667499797e-01,2.312499999999937383e-01,4.595703124998749556e-01,7.300781250000625278e-01,8.009114583331250481e-01,8.009114583333751813e-01,7.297526041665000074e-01,6.084635416666249741e-01,5.490885416666250185e-01,6.608072916666249963e-01,8.414062500001875389e-01,9.139322916668123353e-01
5.520833333335625065e-02,1.302083333333562687e-01,2.291666666667293850e-01,4.356770833331436998e-01,6.231770833333313275e-01,5.729166666664375906e-01,4.416666666666625440e-01,6.770833333333749898e-03,0.000000000000000000e+00,0.000000000000000000e+00,2.369791666666874741e-01,4.955729166665623908e-01
1.772135416666062446e-01,3.223958333334562831e-01,3.958333333333750037e-01,3.968749999999999778e-01,3.898437500000625500e-01,4.070312500000000666e-01,4.322916666667500629e-01,4.138020833333312942e-01,3.005208333334624671e-01,3.955729166664375684e-01,5.776041666664998298e-01,6.457031249999999334e-01
2.374999999997499944e-01,4.173611111111125149e-01,4.361111111109812200e-01,5.545138888884375561e-01,5.072916666661250185e-01,4.503472222220624710e-01,4.347222222222750232e-01,4.565972222222999255e-01,4.270833333331874870e-01,2.940972222221936994e-01,5.885416666666686281e-01,7.687499999996250111e-01
3.960937499999375166e-01,6.830729166668749741e-01,8.486979166661875462e-01,1.032812500000187539e+00,9.807291666666875241e-01,8.494791666662501184e-01,7.825520833330624759e-01,7.757812500002500000e-01,6.411458333334999482e-01,5.726562499999999778e-01,6.414062499998750555e-01,6.778645833333124537e-01
2.057870370368437563e-01,3.951388888887499840e-01,5.267361111111875660e-01,5.758101851851875619e-01,6.311342592593124357e-01,5.872685185186875545e-01,5.685185185184374879e-01,6.114583333333124537e-01,5.526620370369998980e-01,3.760416666664375129e-01,2.869212962961250613e-01,2.226851851849687147e-01
3.103009259257187291e-01,4.494212962962500502e-01,5.434027777778750457e-01,5.675925925925000559e-01,5.975694444445623921e-01,6.004629629629998355e-01,5.105324074073750440e-01,4.712962962962500280e-01,4.280092592589999634e-01,4.681712962962499835e-01,6.047453703705000239e-01,6.995370370371875035e-01
3.291666666667499852e-01,3.935416666667312380e-01,4.491666666666874752e-01,4.627083333333750215e-01,5.881250000000624034e-01,6.460416666666874974e-01,5.666666666666875241e-01,5.560416666666250229e-01,5.691666666666250762e-01,5.735416666666874885e-01,6.172916666665626551e-01,7.000000000002499778e-01
2.743055555555624636e-01,4.340277777778125401e-01,5.274305555554374969e-01,5.802083333336875981e-01,6.175347222225624488e-01,4.732638888891875228e-01,4.635416666668750185e-01,4.805555555555980907e-01,5.942708333336875759e-01,5.220486111110000937e-01,5.581597222223124710e-01,5.840277777780000790e-01
2.400641025638999837e-01,3.818108974358124796e-01,5.084935897435437502e-01,5.890224358976249297e-01,5.169871794873750481e-01,5.428685897435000518e-01,4.229967948718124648e-01,4.213942307691687095e-01,3.799679487178186932e-01,3.614583333332375137e-01,4.352564102564437931e-01,4.211538461538125167e-01
3.508928571428374665e-01,5.188988095239375209e-01,6.153273809524999471e-01,5.964285714286875484e-01,6.456845238096874384e-01,6.976190476193124823e-01,6.377976190477501195e-01,6.005952380953936132e-01,3.697916666664937124e-01,3.608630952379187629e-01,4.553571428573749413e-01,3.709821428569374246e-01
3.955729166666875352e-01,5.915364583333125870e-01,7.368489583333749371e-01,7.864583333331875981e-01,8.165364583333749593e-01,8.481770833334999482e-01,8.092447916666251073e-01,7.036458333334375537e-01,5.134114583333562187e-01,5.554687500000624611e-01,6.264322916666875685e-01,6.229166666666874352e-01
5.368749999999999911e-01,8.322916666661875906e-01,1.000208333333312494e+00,9.620833333332501347e-01,8.835416666664375196e-01,8.722916666666249430e-01,8.908333333334373938e-01,7.739583333338749815e-01,6.912499999998125144e-01,5.810416666666874397e-01,6.183333333330623960e-01,5.693750000001874811e-01
2.608630952378812595e-01,5.633928571427500032e-01,7.135416666668750185e-01,7.299107142859374564e-01,7.997023809526250249e-01,7.837797619050627107e-01,7.043154761906248451e-01,6.561011904762500402e-01,5.406250000000000222e-01,4.886904761904375949e-01,5.778273809526249805e-01,5.394345238095625827e-01
3.826822916666874352e-01,4.947916666666875019e-01,5.549479166666874130e-01,5.082031249999374722e-01,5.566406250000623945e-01,6.289062500002501332e-01,5.683593750000625056e-01,5.260416666666249963e-01,4.744791666666874352e-01,3.354166666665624463e-01,3.138020833334375093e-01,2.347656250000625111e-01
2.147321428569937407e-01,5.693452380952500613e-01,8.441964285714376182e-01,8.989583333333750481e-01,9.084821428571250301e-01,7.522321428571874247e-01,6.611607142857499619e-01,7.360119047617500465e-01,7.772321428571249413e-01,7.669642857145001491e-01,6.866071428569373580e-01,5.627976190477500529e-01
1.854166666667062813e-01,2.501736111109937322e-01,3.072916666667124819e-01,4.015624999999374833e-01,4.182291666665561847e-01,4.053819444444374809e-01,4.319444444445624809e-01,4.263888888888749951e-01,4.779513888889375117e-01,5.362847222221874821e-01,6.217013888890001727e-01,7.282986111115626882e-01
2.238281249999999889e-01,2.772135416666250407e-01,3.087239583332687665e-01,3.368489583333750259e-01,3.947916666666875241e-01,3.985677083333750148e-01,4.132812499999999889e-01,4.497395833332500370e-01,4.809895833333125426e-01,5.498697916666249741e-01,6.121093749998125499e-01,6.312500000003126166e-01
2.950892857139375547e-01,4.638392857141875880e-01,7.022321428572498858e-01,7.909226190475625584e-01,8.953869047626874522e-01,9.031250000000000666e-01,8.119047619050000497e-01,7.712797619046874997e-01,6.620535714288749984e-01,6.101190476193124601e-01,5.291666666668750629e-01,4.520833333332500148e-01
5.520833333337499954e-02,8.515625000002501055e-02,1.296875000000375089e-01,2.351562500000187739e-01,2.890624999999374944e-01,2.260416666666437424e-01,2.088541666666875185e-01,1.515625000000062617e-01,1.367187499999812372e-01,9.791666666672499408e-02,1.156249999999187511e-01,1.174479166666875102e-01
1.618055555556187353e-01,3.045138888887499173e-01,3.274305555556249470e-01,4.282986111110312355e-01,3.395833333334125070e-01,2.524305555554750002e-01,1.947916666667299790e-01,2.152777777777374890e-01,2.223958333334062620e-01,3.024305555555750202e-01,3.550347222222000054e-01,4.083333333335625870e-01
0.000000000000000000e+00,0.000000000000000000e+00,0.000000000000000000e+00,0.000000000000000000e+00,0.000000000000000000e+00,0.000000000000000000e+00,0.000000000000000000e+00,0.000000000000000000e+00,0.000000000000000000e+00,0.000000000000000000e+00,0.000000000000000000e+00,0.000000000000000000e+00
3.066964285712499572e-01,5.172619047619375632e-01,6.229166666667500518e-01,7.578869047622499577e-01,9.078869047624373856e-01,9.483630952381251200e-01,8.684523809529375304e-01,9.735119047621874078e-01,1.056994047619687516e+00,1.075595238095375050e+00,9.327380952383125257e-01,8.202380952382499757e-01
3.337239583333750370e-01,3.368489583333125759e-01,4.595052083333749926e-01,6.468749999999374722e-01,6.826822916666249741e-01,5.997395833333124537e-01,5.639322916667499630e-01,5.626302083334373538e-01,5.864583333332500370e-01,6.686197916666876129e-01,6.809895833333123871e-01,7.015625000000000888e-01
0.000000000000000000e+00,6.111111111111874883e-02,2.840277777776000212e-01,3.986111111110312577e-01,4.222222222225625599e-01,4.472222222221250432e-01,3.128472222220625709e-01,1.902777777777375223e-01,0.000000000000000000e+00,0.000000000000000000e+00,0.000000000000000000e+00,0.000000000000000000e+00
2.174768518517437577e-01,2.543981481479719031e-01,3.009259259258124652e-01,3.789351851851249786e-01,3.958333333333124426e-01,3.306712962961250168e-01,2.601851851850000008e-01,2.938657407405624866e-01,3.644675925925188187e-01,3.831018518518125582e-01,4.903935185185563372e-01,5.618055555555625524e-01
2.479166666664375240e-01,5.482638888889376227e-01,7.225694444444374920e-01,7.074074074070625384e-01,7.283564814817500288e-01,7.574074074074375051e-01,8.611111111106248828e-01,8.475694444445625031e-01,8.542824074077499663e-01,9.750000000003750111e-01,1.046643518518500127e+00,9.583333333330624759e-01
2.036458333333124870e-01,3.641927083332500703e-01,5.165364583333125204e-01,5.449218749999374944e-01,6.281250000001250555e-01,6.735677083334375981e-01,6.341145833333124981e-01,6.492187500000625722e-01,6.131510416666874352e-01,7.891927083334375759e-01,9.088541666670626462e-01,8.516927083330626536e-01
0.000000000000000000e+00,3.027777777775624846e-01,5.763888888891250950e-01,6.498842592594999967e-01,6.399305555554375413e-01,5.047453703703125294e-01,3.799768518516249971e-01,1.273148148146874964e-03,0.000000000000000000e+00,0.000000000000000000e+00,0.000000000000000000e+00,1.335648148147312586e-01
0.000000000000000000e+00,4.999999999999999237e-03,1.208333333333562638e-02,1.468750000000187267e-02,1.322916666667499873e-02,1.151041666666875046e-02,1.432291666667081208e-02,2.843750000001875333e-02,2.489583333331250176e-02,2.604166666666249755e-02,1.609375000000000042e-02,1.348958333332500072e-02
9.166666666671437202e-02,2.108072916666062502e-01,3.933593749999999556e-01,5.207031250000000444e-01,6.048177083333750037e-01,6.700520833333125648e-01,6.744791666666873908e-01,5.182291666666249963e-01,4.493489583334374093e-01,4.264322916666249963e-01,5.140625000000812461e-01,3.335937500001249778e-01
2.966145833331687576e-01,7.124999999999375166e-01,9.580729166665000740e-01,1.096093750000000089e+00,1.094270833334374915e+00,9.312499999999374056e-01,7.072916666663936480e-01,0.000000000000000000e+00,0.000000000000000000e+00,0.000000000000000000e+00,6.093749999998124972e-02,1.338541666667500130e-01
8.365384615373124000e-02,1.409455128203062624e-01,1.907852564101499837e-01,3.266025641021875203e-01,3.681891025639374981e-01,3.411057692304999556e-01,3.250801282050000962e-01,3.737980769229374278e-01,4.487179487180624760e-01,4.837339743588749408e-01,5.489583333333750703e-01,5.495192307690625055e-01
2.163461538461624797e-02,7.660256410255750215e-02,2.038461538458125055e-01,3.421474358973125018e-01,4.883012820511876129e-01,5.084935897436249075e-01,4.282852564101250481e-01,3.557692307690624167e-01,3.039262820510999497e-01,4.238782051280624574e-01,5.241987179489999704e-01,5.873397435898124463e-01
2.675347222222687615e-01,5.626736111110001159e-01,7.665798611110624661e-01,8.907118055556875191e-01,9.889756944438751196e-01,1.004600694445437536e+00,1.055815972222750032e+00,1.050607638888437334e+00,1.228385416667375107e+00,1.322916666666750007e+00,1.418576388888125095e+00,1.414062500000624834e+00
1.375868055556168645e-01,3.010416666666625440e-01,4.794270833334374204e-01,6.334201388888750506e-01,7.047743055554998026e-01,7.047743055554999136e-01,6.688368055558748804e-01,6.388020833332500592e-01,6.454861111110625771e-01,7.177951388888750284e-01,7.902777777777499901e-01,7.777777777778751567e-01
1.277083333333062787e-01,2.849999999999375255e-01,3.112500000000187339e-01,3.693750000000625699e-01,4.562499999998956279e-01,4.181249999999374634e-01,3.499999999999562350e-01,3.139583333333544335e-01,3.997916666666874730e-01,5.064583333333750881e-01,6.599999999998749090e-01,7.900000000000625411e-01
1.163194444445187492e-01,2.637152777778124513e-01,3.567708333332375026e-01,4.571180555553124858e-01,5.354166666666875241e-01,4.928819444444375031e-01,4.486111111111500405e-01,4.947916666666875019e-01,6.376736111112499827e-01,7.663194444446250753e-01,9.663194444443126141e-01,1.013368055554812575e+00
0.000000000000000000e+00,2.291666666665000476e-02,1.036458333333312443e-01,2.539062500000875411e-01,6.368489583336249815e-01,3.576822916666874685e-01,2.441406250000000000e-01,2.535156250000000222e-01,2.333333333332937576e-01,2.863281249999374833e-01,3.614583333333125093e-01,2.121093750000437594e-01
0.000000000000000000e+00,4.895833333331250231e-02,1.372395833333105997e-01,1.617187499999125089e-01,3.101562499999937494e-01,2.645833333332899828e-01,1.578125000001250056e-01,0.000000000000000000e+00,0.000000000000000000e+00,0.000000000000000000e+00,0.000000000000000000e+00,5.208333333331250509e-03
0.000000000000000000e+00,2.720238095237562659e-01,6.166666666668124686e-01,7.656250000006248335e-01,7.415178571431249033e-01,8.126488095239999820e-01,7.656250000000000000e-01,0.000000000000000000e+00,0.000000000000000000e+00,0.000000000000000000e+00,0.000000000000000000e+00,2.160714285713249971e-01
2.145738636363937746e-01,2.594034090908937662e-01,3.775662878787499621e-01,4.678125000000625255e-01,4.552746212122499858e-01,5.039867424241875060e-01,5.054261363635623727e-01,4.846022727273125441e-01,4.378219696968750352e-01,4.654734848485624910e-01,4.495738636363125762e-01,4.278977272726437464e-01
2.486111111111500294e-01,4.670138888889625028e-01,5.190972222221125199e-01,6.124999999993124833e-01,6.013888888888749840e-01,6.274305555555125258e-01,6.010416666662438123e-01,4.211805555551249580e-01,4.670138888888749618e-01,7.142361111108561644e-01,1.094791666665562380e+00,1.137152777776562651e+00
1.578703703702781513e-01,3.306712962961250168e-01,4.442129629628749909e-01,4.918981481481250473e-01,5.732638888887499062e-01,5.313657407406250366e-01,4.965277777777499790e-01,5.386574074074373941e-01,5.881944444444375808e-01,7.771990740739997960e-01,8.728009259253749486e-01,9.079861111106874993e-01
2.813368055555749425e-01,5.204861111109999605e-01,6.454861111110000715e-01,7.949652777777500567e-01,8.901909722217499210e-01,7.952256944443125697e-01,7.552083333336250259e-01,8.196180555554375413e-01,8.611111111113125549e-01,9.307291666668126018e-01,1.009027777778125134e+00,9.807291666671875685e-01
2.424242424241875027e-01,6.237689393940624161e-01,7.892045454546248173e-01,8.564393939398750044e-01,9.200757575764999530e-01,9.580492424244375638e-01,8.910984848488124888e-01,8.692234848488125110e-01,8.691287878786251309e-01,9.788825757584375120e-01,1.052651515152500217e+00,1.045738636364500040e+00
1.577380952379999757e-01,2.059523809524624882e-01,2.002976190475562746e-01,1.610119047618562560e-01,1.601190476190562373e-01,1.330357142856875008e-01,1.172619047618750077e-01,1.339285714287499979e-03,1.041666666668750055e-03,8.630952380937499321e-03,0.000000000000000000e+00,5.089285714285000234e-02
3.096726190475311835e-01,4.538690476189375378e-01,4.845238095237499598e-01,5.306547619046250164e-01,5.345238095237500042e-01,4.135416666663749297e-01,4.403273809523750026e-01,4.049107142855625785e-01,4.092261904760625124e-01,4.319940476189998990e-01,5.989583333338124316e-01,6.105654761906250672e-01
3.999999999998749556e-01,4.674768518518750415e-01,6.002314814815623567e-01,6.039351851851875175e-01,5.587962962963124447e-01,6.134259259261249930e-01,5.616898148146874936e-01,5.270833333334374871e-01,6.266203703705000017e-01,7.586805555554999581e-01,8.590277777769999012e-01,8.702546296295624595e-01
5.625000000000000139e-02,2.541666666666249630e-01,3.427083333333750259e-01,3.583333333333750259e-01,3.000000000000625500e-01,1.375000000000000111e-01,1.343749999999999944e-01,2.677083333331062298e-01,1.354166666666687391e-01,3.020833333336062632e-01,3.552083333330000037e-01,4.614583333331875314e-01
3.918750000001250955e-01,7.166666666662500074e-01,9.162500000006249534e-01,9.300000000000001599e-01,9.160416666668748098e-01,8.014583333335625337e-01,6.852083333332499304e-01,7.129166666664999985e-01,7.249999999999999778e-01,7.697916666668750407e-01,8.741666666668124197e-01,8.299999999995000266e-01
3.730468750000000000e-01,6.257812499997500444e-01,7.848958333335626092e-01,8.042968749998125055e-01,8.052083333330624093e-01,7.903645833331873760e-01,8.437499999999997780e-01,8.058593749996251221e-01,6.860677083335624538e-01,6.777343750000623945e-01,8.324218749997499556e-01,8.079427083330000814e-01
2.602678571426937926e-01,5.172619047619374522e-01,6.678571428572499524e-01,7.425595238097498774e-01,8.089285714284373263e-01,7.241071428571249635e-01,6.568452380953125891e-01,5.891369047619374744e-01,4.961309523809374622e-01,3.522321428570812651e-01,4.604166666666250074e-01,4.455357142856250507e-01
3.112268518517500304e-01,5.410879629630001020e-01,7.937500000001249667e-01,8.241898148141250102e-01,8.239583333335624982e-01,7.752314814815622901e-01,6.277777777777500123e-01,6.353009259260624653e-01,5.641203703705001127e-01,5.531250000001248779e-01,5.178240740739999959e-01,5.724537037038750498e-01
3.057291666666874241e-01,3.545138888889249884e-01,5.276041666666875241e-01,6.788194444446874476e-01,8.710069444456876031e-01,8.355902777781251123e-01,7.850694444452499532e-01,7.184027777783749125e-01,7.555555555556875413e-01,7.210069444443749642e-01,7.605902777776873958e-01,6.958333333333750481e-01
2.951388888888749618e-01,4.336805555555874880e-01,6.166666666660624019e-01,7.968749999999374944e-01,8.937500000003749667e-01,7.295138888886875117e-01,6.284722222220374688e-01,6.243055555553749247e-01,6.375000000003187006e-01,8.083333333330625647e-01,8.312499999995000000e-01,7.666666666663749519e-01
2.145833333334187520e-01,6.591145833333750259e-01,8.050781249999374722e-01,8.613281249998125944e-01,7.996093750002499778e-01,7.535156249997500000e-01,7.752604166666874352e-01,6.688802083333749149e-01,5.826822916666249963e-01,4.678385416664375129e-01,5.330729166666249297e-01,5.325520833333748927e-01
4.390624999999999667e-01,6.999999999999374500e-01,7.129166666667499097e-01,7.373958333335000059e-01,7.741666666664999141e-01,8.013541666665624508e-01,7.506249999998749756e-01,7.138541666668749563e-01,5.641666666665624552e-01,4.557291666666874463e-01,6.957291666664999763e-01,6.241666666666876306e-01
0.000000000000000000e+00,0.000000000000000000e+00,0.000000000000000000e+00,0.000000000000000000e+00,0.000000000000000000e+00,0.000000000000000000e+00,0.000000000000000000e+00,0.000000000000000000e+00,0.000000000000000000e+00,0.000000000000000000e+00,0.000000000000000000e+00,0.000000000000000000e+00
0.000000000000000000e+00,0.000000000000000000e+00,0.000000000000000000e+00,0.000000000000000000e+00,0.000000000000000000e+00,0.000000000000000000e+00,0.000000000000000000e+00,0.000000000000000000e+00,0.000000000000000000e+00,0.000000000000000000e+00,0.000000000000000000e+00,0.000000000000000000e+00
1.490972222221312593e-01,2.209027777777312906e-01,2.856944444443499931e-01,4.472222222222499988e-01,6.269444444443750264e-01,6.536805555556874925e-01,5.821527777776250856e-01,5.665277777780000079e-01,5.099999999999375033e-01,4.955555555554999603e-01,5.518750000001250156e-01,6.146527777778124646e-01
3.104166666665125196e-01,3.734953703702812433e-01,3.878472222221250321e-01,5.243055555555625746e-01,7.488425925928126059e-01,7.590277777780000124e-01,6.368055555554373859e-01,5.596064814813751509e-01,4.776620370369374924e-01,4.359953703701875405e-01,5.361111111110438143e-01,6.233796296295626149e-01
3.562499999999811928e-01,4.809027777774562695e-01,4.638888888887624518e-01,5.510416666668750407e-01,7.343750000001250111e-01,6.454861111110625771e-01,4.819444444444374032e-01,4.086805555555061975e-01,4.628472222219999210e-01,4.510416666663625285e-01,5.902777777776188062e-01,7.017361111109376992e-01
1.171446078432250015e-01,1.932230392157687493e-01,3.587867647059999610e-01,4.937377450981875748e-01,7.346977124185625208e-01,8.135743464054373542e-01,7.589011437908750324e-01,6.975653594770625521e-01,7.598406862743749546e-01,8.852246732026873843e-01,9.237949346402500872e-01,8.577124183009998681e-01
2.130208333332875292e-01,3.449218749999999334e-01,5.727864583333125426e-01,7.325520833328750259e-01,9.277343750004376499e-01,9.869791666664999852e-01,9.473958333332500592e-01,8.524739583333125204e-01,8.208333333330624093e-01,9.417968749999374722e-01,1.094531250000249978e+00,1.239322916666624863e+00
2.216666666666250174e-01,2.522916666666250030e-01,2.893750000000000488e-01,2.825000000000437161e-01,2.481250000000437272e-01,2.052083333333312443e-01,1.204166666667062513e-01,5.208333333333750592e-02,8.541666666662499352e-03,0.000000000000000000e+00,8.958333333353749733e-03,1.620833333333750181e-01
3.499999999999999778e-01,4.145833333331938042e-01,5.208333333333061699e-01,5.961805555550625524e-01,5.854166666666500429e-01,5.333333333335000814e-01,5.336805555554625657e-01,4.465277777776874846e-01,3.451388888888125006e-01,3.020833333332500481e-01,4.333333333331874648e-01,4.944444444441875031e-01
9.444444444455626919e-02,1.769097222222500154e-01,2.493055555556687453e-01,3.392361111111250604e-01,4.793402777776874513e-01,5.071180555556250580e-01,4.435763888889625028e-01,4.947916666666249963e-01,3.246527777777375445e-01,3.267361111111937721e-01,4.187500000001250222e-01,4.251736111109999938e-01
1.972222222222374810e-01,2.467013888889999784e-01,2.296875000000250244e-01,3.911458333333813209e-01,4.229166666666250851e-01,4.307291666665625240e-01,3.182291666665875707e-01,2.876736111111874994e-01,2.276041666667125152e-01,2.402777777777375112e-01,3.848958333333750703e-01,3.777777777776062940e-01
6.536458333337499815e-02,1.330729166666706209e-01,1.341145833332937354e-01,2.054687500000437483e-01,2.888020833333106441e-01,2.718749999999813260e-01,2.510416666666687724e-01,1.934895833333356296e-01,2.020833333332687221e-01,3.218749999999813149e-01,3.583333333334375315e-01,3.861979166666250074e-01
1.619791666667312613e-01,3.192708333333125204e-01,5.255208333335624760e-01,5.677083333329374648e-01,5.526041666666874352e-01,4.255208333328124315e-01,4.994791666665207019e-01,4.130208333333562631e-01,5.369791666663936702e-01,6.265624999999375166e-01,6.661458333329999260e-01,8.875000000001874723e-01
8.791666666668751517e-02,1.420833333333518800e-01,2.316666666667124841e-01,4.239583333334375204e-01,5.060416666666250896e-01,4.199999999997687805e-01,2.668749999999394662e-01,2.318750000000437406e-01,2.633333333333749970e-01,3.083333333333312387e-01,3.285416666666874930e-01,5.614583333333749149e-01
9.635416666666250796e-02,1.993749999999812617e-01,3.419791666667499896e-01,3.746875000000624012e-01,3.995833333332500237e-01,4.337499999998750133e-01,3.642708333332499993e-01,3.302083333333750148e-01,3.051041666666437502e-01,3.322916666666874130e-01,4.792708333333562942e-01,5.165624999999188782e-01
1.012152777778687479e-01,1.769097222222750232e-01,2.958333333333562631e-01,4.954861111112124350e-01,6.111111111111250382e-01,5.722222222223124488e-01,5.659722222222437482e-01,5.821180555556187963e-01,5.545138888890001061e-01,6.486111111112501382e-01,7.838541666665626018e-01,7.590277777786250679e-01
2.928571428569374802e-01,3.523809523809249278e-01,4.913690476190625822e-01,5.468750000000001110e-01,5.718750000000000222e-01,5.116071428571249413e-01,4.162202380952311764e-01,4.200892857141875769e-01,3.821428571428124865e-01,3.261904761903436922e-01,4.683035714284999873e-01,4.627976190476250085e-01
4.235677083332499149e-01,6.011718749999999112e-01,7.054687500001873834e-01,8.050781250001249889e-01,7.624999999996251443e-01,6.983072916669998964e-01,7.118489583328123649e-01,7.050781250000626166e-01,6.095052083333748483e-01,5.223958333332500148e-01,5.622395833334375981e-01,5.617187500000624389e-01
1.285416666666875096e-01,2.937500000001437295e-01,4.385416666667500407e-01,6.539583333333125470e-01,7.143750000001249933e-01,7.089583333326435755e-01,5.920833333336875670e-01,5.110416666663561980e-01,4.808333333335813031e-01,5.495833333335625737e-01,6.391666666669373331e-01,5.643749999999999600e-01
2.843750000000812017e-01,5.484375000001874279e-01,5.005208333332937798e-01,6.541666666668748409e-01,7.984375000000436540e-01,6.484374999995624611e-01,6.765624999997311706e-01,5.739583333337500148e-01,6.026041666660999496e-01,7.520833333335624760e-01,7.687500000000813127e-01,6.619791666661873908e-01
4.977678571425813575e-02,9.345238095232813458e-02,1.777529761904187711e-01,2.421130952380000090e-01,2.314732142857062747e-01,2.162946428570405866e-01,1.746279761904125094e-01,1.384672619046749820e-01,1.203124999999562322e-01,1.004464285715162414e-01,1.060267857142624948e-01,1.054315476190937351e-01
1.424768518516812688e-01,2.604166666664249896e-01,3.806712962961312230e-01,4.476851851851250674e-01,4.568287037036874998e-01,4.763888888888124784e-01,4.324074074073749885e-01,3.187499999998125166e-01,2.057870370368437563e-01,1.633101851850250474e-01,1.878472222220374799e-01,2.146990740739687653e-01
2.338541666666687224e-01,4.200520833332500037e-01,5.286458333335625204e-01,5.721354166667501628e-01,5.588541666670000518e-01,5.861979166668750407e-01,3.937499999999374833e-01,1.041666666666875036e-03,0.000000000000000000e+00,0.000000000000000000e+00,3.252604166666062668e-01,7.130208333333124537e-01
1.788194444445187770e-01,2.789930555556625058e-01,4.255208333332499704e-01,4.505208333333750037e-01,5.062500000001249889e-01,5.730902777776873958e-01,5.423611111111875660e-01,5.425347222223436683e-01,5.260416666667500074e-01,6.133680555556876302e-01,7.218750000002498446e-01,7.645833333335000370e-01
3.072916666666437036e-01,4.699999999999999734e-01,4.018750000000624878e-01,4.333333333334375426e-01,4.575000000000186695e-01,4.974999999999999978e-01,4.781250000000625278e-01,2.704166666667043861e-01,0.000000000000000000e+00,0.000000000000000000e+00,3.854166666666874325e-02,9.437499999999998668e-02
1.216666666667062385e-01,2.870833333333125403e-01,4.806249999999186451e-01,5.808333333330000237e-01,6.727083333331249637e-01,7.427083333333749371e-01,6.864583333329374870e-01,6.039583333332937398e-01,4.995833333333125070e-01,4.360416666666019347e-01,4.318750000000625144e-01,3.964583333331875292e-01
3.111111111111500294e-01,6.078124999999998668e-01,7.767361111105626215e-01,8.399305555556875191e-01,7.949652777778125623e-01,7.078125000000624611e-01,7.465277777784375957e-01,6.965277777778750012e-01,6.321180555556875635e-01,5.404513888888750062e-01,5.592013888887499284e-01,5.836805555556249248e-01
3.714843749999581779e-01,7.765625000003750777e-01,9.199218749997499778e-01,9.503906249998750333e-01,9.260416666674375907e-01,8.416666666664375240e-01,8.735677083333749371e-01,8.752604166665000074e-01,7.360677083333124759e-01,5.815104166665624463e-01,5.372395833332500592e-01,5.579427083333124981e-01
2.215624999999999400e-01,4.523958333332500081e-01,5.669791666666874619e-01,7.062500000000624389e-01,9.109374999996249223e-01,9.456249999999374323e-01,8.776041666666249963e-01,7.986458333335624271e-01,6.848958333332499926e-01,5.724999999998126032e-01,6.133333333334999304e-01,6.144791666664999319e-01
3.044270833332687332e-01,3.949218750000187406e-01,6.009114583330625869e-01,6.791666666666874574e-01,7.623697916665623797e-01,7.576822916665625351e-01,6.480468749997502220e-01,6.110677083334374871e-01,6.294270833333124315e-01,5.729166666667498964e-01,6.031249999999999112e-01,5.957031250001249001e-01
3.522321428570687196e-01,5.744047619051250164e-01,7.104166666671248853e-01,7.436011904765623681e-01,7.497023809521250470e-01,7.489583333340750215e-01,7.401785714288122708e-01,7.876488095239998488e-01,7.703869047623125299e-01,7.150297619050623998e-01,7.366071428569375135e-01,6.690476190476438711e-01
2.592447916667500185e-01,4.860677083333750370e-01,5.945312499999999556e-01,6.227864583333124759e-01,6.578124999999375166e-01,7.066406250001875389e-01,6.769531250001248335e-01,6.233072916666251295e-01,6.499999999997498890e-01,6.718749999999374944e-01,7.449218749998124389e-01,6.727864583333751369e-01
2.654166666666437635e-01,4.054166666666250141e-01,5.437499999998749445e-01,6.372916666666874619e-01,7.026041666666875685e-01,7.065625000000624878e-01,7.076041666668126950e-01,6.398958333333125692e-01,6.264583333333125781e-01,5.759375000000001021e-01,6.150000000002500133e-01,5.933333333333750126e-01
1.458333333331250370e-01,2.471726190474937690e-01,3.688988095236249709e-01,4.425595238094375272e-01,4.979166666665000296e-01,4.569940476193750101e-01,3.188988095237937359e-01,0.000000000000000000e+00,0.000000000000000000e+00,0.000000000000000000e+00,2.104166666665437391e-01,3.404761904761500202e-01
3.362847222222437593e-01,3.895833333333812432e-01,5.170138888888125006e-01,6.494791666670001185e-01,7.267361111111250160e-01,7.293402777775001011e-01,7.151041666667500296e-01,6.635416666664374352e-01,7.611111111108749272e-01,6.289930555554998914e-01,5.923611111110624883e-01,5.800347222224375709e-01
7.766203703694686544e-02,1.585648148147249803e-01,2.046296296293874939e-01,2.020833333332499870e-01,2.252314814813624888e-01,2.417824074072000284e-01,1.399305555553906066e-01,0.000000000000000000e+00,0.000000000000000000e+00,0.000000000000000000e+00,1.053240740739374778e-02,7.349537037028749942e-02
3.168619791667062202e-01,5.488281249998749889e-01,6.355468750000625722e-01,6.449869791666874574e-01,6.416666666666874796e-01,6.442708333333750925e-01,6.419270833331249815e-01,6.517578124998750777e-01,5.652343749999374500e-01,3.887369791666874796e-01,3.376953124998750000e-01,2.919270833332500148e-01
1.408854166666874963e-01,3.257812499999812039e-01,6.416666666668749963e-01,7.606770833330623871e-01,7.783854166664374574e-01,6.355468749999999556e-01,4.084635416664999519e-01,0.000000000000000000e+00,0.000000000000000000e+00,0.000000000000000000e+00,1.940104166670625005e-02,5.195312500001874473e-02
0.000000000000000000e+00,1.732638888886937345e-01,3.666666666666124619e-01,4.756944444443312325e-01,6.989583333337499038e-01,7.677083333329374204e-01,5.934027777776874624e-01,0.000000000000000000e+00,0.000000000000000000e+00,0.000000000000000000e+00,2.500000000000000139e-02,1.309027777776874957e-01
3.582291666667499763e-01,4.172916666666875996e-01,5.785416666666248764e-01,7.041666666668748853e-01,6.941666666664999541e-01,6.807291666667498742e-01,7.208333333335000814e-01,7.391666666666875107e-01,7.195833333335623916e-01,7.054166666664374308e-01,6.841666666666248453e-01,7.245833333337501347e-01
8.740530303018125002e-02,2.254734848482437826e-01,3.018939393937500326e-01,3.645833333331249260e-01,3.750946969695436728e-01,3.626893939393124877e-01,3.486742424241249805e-01,3.289772727270623975e-01,2.870265151513687329e-01,3.123106060603124678e-01,3.799242424241249250e-01,4.665719696971250552e-01
3.590277777776625379e-01,6.463541666670000740e-01,7.760416666673124464e-01,7.118055555558748804e-01,7.031250000004375389e-01,7.699652777776876400e-01,7.140625000001875611e-01,5.666666666667999896e-01,5.060763888891249840e-01,4.605902777776686996e-01,6.407986111111247940e-01,7.225694444442499753e-01
1.816666666666437446e-01,3.885416666667499963e-01,4.793750000000624456e-01,4.445833333333749637e-01,4.652083333332688309e-01,4.385416666666875352e-01,3.764583333333124671e-01,3.102083333334186288e-01,1.585416666666293606e-01,2.968749999999813483e-01,3.920833333332500170e-01,5.408333333334374160e-01
2.093749999998187616e-01,4.349358974358749630e-01,6.236378205128749741e-01,6.620993589745001184e-01,6.301282051283124686e-01,6.266025641027499482e-01,5.000000000000625056e-01,3.818108974358187524e-01,3.707532051281875463e-01,4.375801282051249297e-01,6.451923076923125056e-01,7.312499999998124389e-01
4.510416666665625907e-01,5.538194444445188047e-01,6.059027777778750457e-01,5.196180555555000025e-01,5.723958333334375759e-01,5.927083333334592918e-01,5.777777777777500789e-01,5.222222222221249988e-01,4.064236111111374505e-01,4.602430555554999914e-01,6.133680555556875191e-01,6.527777777781250679e-01
2.305208333332706139e-01,3.320833333333749748e-01,4.048958333333124715e-01,4.401041666667500074e-01,4.828124999999375278e-01,4.277083333333749904e-01,4.044791666666250896e-01,4.733333333332687687e-01,5.078125000000000000e-01,5.433333333333124626e-01,6.503124999999376765e-01,5.701041666667499008e-01
1.376473063972937505e-01,2.744212962961562474e-01,4.471485690233749644e-01,5.017781986533125238e-01,5.255681818181874299e-01,4.820707070706250486e-01,4.319549663299250830e-01,3.514309764309374584e-01,3.299242424240624860e-01,3.642676767674563054e-01,5.598063973062500365e-01,7.708859427613750093e-01
1.581597222223750376e-01,3.019965277779375068e-01,4.664062500000000777e-01,5.336805555555624858e-01,5.509548611110626215e-01,5.269965277777499679e-01,4.370659722222500765e-01,4.039930555555000247e-01,3.059895833333000637e-01,2.505208333334187354e-01,4.265625000000000111e-01,6.197916666668124019e-01
2.078869047616312971e-01,2.430059523809499911e-01,4.019345238095687889e-01,6.062500000001874723e-01,6.034226190479377028e-01,4.904761904762499625e-01,5.275297619046249720e-01,6.029761904763750735e-01,5.531250000002498890e-01,5.971726190476250862e-01,5.492559523809374955e-01,5.456845238095625605e-01
2.388392857142187797e-01,3.489583333331874870e-01,3.727678571426875087e-01,4.302083333332187287e-01,4.046130952380437296e-01,3.656249999999937605e-01,4.257440476190000322e-01,3.796130952379999646e-01,4.431547619046249942e-01,4.806547619047499831e-01,5.186011904763124791e-01,4.964285714284999984e-01
4.557224025973750092e-01,7.460903679655624954e-01,7.931479978356875682e-01,7.607819264069376475e-01,8.352746212121249236e-01,8.701772186147500587e-01,8.969561688310625502e-01,8.936958874466874869e-01,7.755749458874374724e-01,6.586444805194998642e-01,5.828598484848750427e-01,5.887648809523124971e-01
2.941220238094999773e-01,4.686011904761250291e-01,4.870535714284999207e-01,4.843749999998749334e-01,5.537202380951249392e-01,5.583333333333124759e-01,5.433035714285624485e-01,5.249255952380000867e-01,4.369047619046875219e-01,2.941220238095625383e-01,2.364583333332187232e-01,2.241071428571000113e-01
9.004629629621874187e-02,3.113425925925624727e-01,6.071759259261250152e-01,7.927083333334374871e-01,8.771990740738125902e-01,8.074074074073750440e-01,6.187500000001249223e-01,5.695601851852500896e-01,4.546296296295625483e-01,3.858796296294999539e-01,4.210648148146250991e-01,4.043981481481249696e-01
9.479166666672500519e-02,2.514880952379875412e-01,4.175595238093750550e-01,5.194940476189374712e-01,5.357142857143750714e-01,5.205357142859374786e-01,4.453869047618124188e-01,3.653273809523562843e-01,3.202380952380062817e-01,2.833333333331375381e-01,3.196428571429187904e-01,3.413690476188937506e-01
4.993055555545312246e-02,7.187500000002498834e-02,1.351388888888374884e-01,1.821527777779124724e-01,2.299305555555850034e-01,2.436805555555624780e-01,2.563194444444437670e-01,2.566666666665581298e-01,2.742361111109999916e-01,3.151388888890249707e-01,3.713194444444812281e-01,3.840972222222124866e-01
6.729166666671249075e-02,2.002083333333750104e-01,3.158333333333562809e-01,3.610416666664999497e-01,3.881249999998124811e-01,4.047916666666250274e-01,5.266666666666249830e-01,5.877083333330624937e-01,5.737500000001248823e-01,7.189583333335625159e-01,8.839583333328749903e-01,8.745833333326248349e-01
1.339843750000374867e-01,3.332031250000437317e-01,4.190104166666249741e-01,5.652343750000000666e-01,6.968749999998750111e-01,7.196614583333750259e-01,5.528645833333125648e-01,5.000000000000623945e-01,5.322916666665187257e-01,7.285156250000625056e-01,8.535156249998125944e-01,9.665364583335623871e-01
1.016927083333312581e-01,2.335937499999375111e-01,4.231770833333124981e-01,5.578124999999999334e-01,5.911458333332499926e-01,5.772135416668126018e-01,5.222656249999375611e-01,4.574218749999999778e-01,3.872395833332061832e-01,2.847656250000250022e-01,2.390624999999375055e-01,2.717447916666687613e-01
1.456250000000687550e-01,1.431249999999581191e-01,2.383333333333312598e-01,2.895833333333124870e-01,3.258333333332706361e-01,3.708333333331687576e-01,2.845833333333313009e-01,2.460416666666186969e-01,2.531249999999793943e-01,2.754166666667312580e-01,2.274999999999562650e-01,1.943750000000649958e-01
0.000000000000000000e+00,0.000000000000000000e+00,0.000000000000000000e+00,0.000000000000000000e+00,0.000000000000000000e+00,0.000000000000000000e+00,0.000000000000000000e+00,0.000000000000000000e+00,0.000000000000000000e+00,0.000000000000000000e+00,0.000000000000000000e+00,0.000000000000000000e+00
3.450892857141875103e-01,4.052083333334438042e-01,4.434523809521250248e-01,5.860119047621250576e-01,6.778273809523124305e-01,7.058035714285000317e-01,6.785714285712499683e-01,6.209821428574374691e-01,4.998511904761875346e-01,4.874999999999374833e-01,6.889880952381876034e-01,7.894345238098123829e-01
2.997916666666062269e-01,4.370833333333750681e-01,5.991666666664375862e-01,7.977083333331437265e-01,7.518750000001875877e-01,6.885416666669998964e-01,5.691666666664999541e-01,4.768749999998750377e-01,4.333333333333125870e-01,5.252083333334375270e-01,7.308333333337501125e-01,8.241666666668749919e-01
9.745370370356873369e-02,1.792824074073124663e-01,2.728009259258312724e-01,4.041666666665937324e-01,5.944444444445626807e-01,5.723379629628124743e-01,5.326388888889375117e-01,4.842592592593374934e-01,4.152777777776187618e-01,4.591435185185000489e-01,5.167824074075625385e-01,5.300925925925624727e-01
1.700520833333125093e-01,2.264322916666249574e-01,3.410156249999562461e-01,4.365885416666874796e-01,5.329427083334374871e-01,5.563802083333125870e-01,5.358072916666873908e-01,4.924479166665624574e-01,4.467447916666875130e-01,4.515624999999999778e-01,4.022135416666875463e-01,3.822916666666875685e-01
3.620535714284374706e-01,5.281250000001249667e-01,6.739583333335623649e-01,7.647321428572501079e-01,8.691964285717501681e-01,8.227678571425001142e-01,6.315476190473126028e-01,5.623511904764999514e-01,4.833333333332499593e-01,4.077380952378749646e-01,4.818452380951250280e-01,3.162202380951625313e-01
4.487847222222500210e-01,6.508680555557501135e-01,7.343750000006874501e-01,7.602430555551875635e-01,7.925347222223124710e-01,8.248263888894374896e-01,6.947916666668124686e-01,6.605902777779999457e-01,5.657986111111251715e-01,5.262152777778126289e-01,5.227430555554999358e-01,4.218749999999375500e-01
1.097222222220437249e-01,2.616898148146937775e-01,4.649305555555000580e-01,6.349537037038124332e-01,6.600694444445001086e-01,6.167824074075625163e-01,5.895833333334999926e-01,5.234953703702500682e-01,4.296296296295000761e-01,3.128472222220999854e-01,3.249999999999750311e-01,2.962962962962500391e-01
4.114583333333125120e-02,9.404513888891249951e-02,2.238715277778562662e-01,3.171354166667499919e-01,4.276215277778124824e-01,4.720486111111250604e-01,3.490625000000625588e-01,2.598784722221437749e-01,2.065277777778687651e-01,1.277430555556687830e-01,1.297743055556125069e-01,1.067708333333437509e-01
2.548263888889812367e-01,4.573437500000625544e-01,5.258159722221875665e-01,5.901562499999999378e-01,6.151215277777500878e-01,6.121701388889375650e-01,6.645138888888749706e-01,6.774826388888123274e-01,6.079513888888750106e-01,6.196874999999375522e-01,6.822048611110624883e-01,6.693402777774374313e-01
4.722222222231437644e-02,1.796006944445781295e-01,3.348090277778125179e-01,4.131076388888375028e-01,4.331597222223124710e-01,3.815104166666437591e-01,3.344618055554687275e-01,1.411458333334562332e-01,2.064236111111500127e-01,2.593750000000624722e-01,2.881076388888312856e-01,3.627604166666124619e-01
1.656250000000187572e-01,2.927083333333124759e-01,4.424479166666249741e-01,5.877604166668751740e-01,5.526041666666251517e-01,4.721354166666875130e-01,4.958333333333750370e-01,4.085937500002938538e-01,4.018229166667687813e-01,5.164062500000624611e-01,5.252604166668749519e-01,5.622395833333124759e-01
2.770833333333375115e-01,5.385416666666874574e-01,5.577083333333124893e-01,5.674999999999562617e-01,7.629166666663750318e-01,8.220833333332500104e-01,6.893749999999999600e-01,5.206250000000000044e-01,5.118749999998749578e-01,4.568750000000000311e-01,3.472916666666875374e-01,2.377083333333562254e-01
3.361979166665437502e-01,6.124999999998750333e-01,6.424479166666063890e-01,6.174479166669168961e-01,6.580729166664375240e-01,7.382812500000000000e-01,7.440104166667499408e-01,7.075520833333125426e-01,5.893229166666874574e-01,5.127604166667499852e-01,4.460937500000000111e-01,3.421874999999581224e-01
1.431249999999562594e-01,4.127083333334374271e-01,6.183333333333124182e-01,6.833333333334375981e-01,6.714583333332500015e-01,5.464583333333125070e-01,5.260416666666876129e-01,5.474999999999374811e-01,5.518750000000437472e-01,4.352083333333937598e-01,4.197916666668125019e-01,3.704166666666249830e-01
2.039930555555356240e-01,4.277777777778249968e-01,5.928819444444999309e-01,6.628472222225000321e-01,7.020833333336875537e-01,7.239583333338125426e-01,6.468750000002498890e-01,6.314236111108125771e-01,5.887152777778125179e-01,6.128472222223748656e-01,7.927083333331874648e-01,7.383680555556249026e-01
3.949404761904374839e-01,5.793154761904374395e-01,7.104166666670624908e-01,7.450892857144373327e-01,7.242559523812500677e-01,7.901785714288125373e-01,8.706845238099374384e-01,9.288690476191249212e-01,1.015029761904562511e+00,1.076190476190125089e+00,1.082142857142437409e+00,1.064732142856562591e+00
2.269345238094437056e-01,4.077380952380625367e-01,4.877976190476249196e-01,5.668154761906250005e-01,5.651785714285624262e-01,5.282738095239375431e-01,5.040178571428125531e-01,4.806547619046874775e-01,5.269345238096250217e-01,5.211309523810624400e-01,6.593750000001250555e-01,7.000000000001250777e-01
3.321614583333125093e-01,4.486979166666875130e-01,6.989583333332499704e-01,7.658854166664373908e-01,7.402343750000625056e-01,6.705729166666875019e-01,6.372395833333748261e-01,6.114583333333749593e-01,5.779947916666875463e-01,4.154947916666875130e-01,5.858072916666249297e-01,6.399739583333750037e-01
2.052083333333125093e-01,3.033333333333562143e-01,4.004166666666250096e-01,5.293750000000624345e-01,4.514583333333749837e-01,4.243749999999375522e-01,3.785416666667312247e-01,3.089583333332874826e-01,2.212500000000437450e-01,1.802083333332956394e-01,1.839583333332499848e-01,2.206249999999562450e-01
5.357638888889375561e-01,7.357638888884374673e-01,7.052083333332501702e-01,8.065972222219874865e-01,6.638888888880623007e-01,7.902777777768125178e-01,7.475694444436874475e-01,8.579861111107499605e-01,1.037152777777125001e+00,1.079861111110874905e+00,1.056249999999437694e+00,9.961805555558752578e-01
2.554398148146312386e-01,3.541666666664374796e-01,5.008101851851249897e-01,5.523148148145624603e-01,5.502314814813125121e-01,5.557870370370625590e-01,5.761574074075624941e-01,6.346064814816250177e-01,5.728009259260623542e-01,5.577546296298124817e-01,5.966435185185000600e-01,6.365740740741250292e-01
3.454166666665625107e-01,8.143749999999999600e-01,9.564583333335625603e-01,1.063333333332874941e+00,1.033333333333749993e+00,1.010625000000875184e+00,1.007499999999562412e+00,8.781249999997499112e-01,7.908333333333751325e-01,8.235416666661874441e-01,7.541666666671250630e-01,6.249999999998123723e-01
2.384114583333125093e-01,3.608072916667500185e-01,4.723958333333124204e-01,4.795572916666249186e-01,4.445312499999999889e-01,4.325520833333749704e-01,4.234375000000623612e-01,2.773437500000625056e-01,0.000000000000000000e+00,0.000000000000000000e+00,1.819010416667312946e-01,3.367187500000625167e-01
2.379166666666875374e-01,4.487499999998750821e-01,6.272916666668125751e-01,8.620833333331250348e-01,7.856249999998123901e-01,6.550000000001875433e-01,6.470833333335624937e-01,5.341666666666875507e-01,5.374999999997500666e-01,5.929166666668749253e-01,6.264583333332500725e-01,5.606250000001873346e-01
0.000000000000000000e+00,1.932291666667124708e-01,4.752604166666624663e-01,6.170572916667500518e-01,7.565104166666249963e-01,7.058593750001875833e-01,4.704427083333749815e-01,1.432291666666250015e-03,0.000000000000000000e+00,0.000000000000000000e+00,0.000000000000000000e+00,3.837239583333499904e-01
5.482638888890625228e-01,7.041666666663749519e-01,6.784722222221999388e-01,8.114583333324375536e-01,9.499999999997498223e-01,9.680555555550000024e-01,8.690972222224374599e-01,6.166666666667499630e-01,4.847222222221811982e-01,9.145833333331250259e-01,1.068749999999562439e+00,9.565972222225000987e-01
3.778645833333124648e-01,7.624131944445624587e-01,9.668402777780624735e-01,9.194444444448749421e-01,9.573784722214376819e-01,1.098350694444749864e+00,1.170746527777999813e+00,1.061197916666499763e+00,9.989583333330623871e-01,1.022222222222874954e+00,9.430555555556249248e-01,9.463541666664999630e-01
9.557291666681248798e-02,2.546006944444499931e-01,5.730902777778749124e-01,7.512152777778750012e-01,8.305555555550626634e-01,7.305555555556250136e-01,6.826388888887499062e-01,6.598958333334374871e-01,5.552083333332500370e-01,4.393229166667499408e-01,3.508680555555187541e-01,3.250868055555812819e-01
2.175925925923812565e-01,3.623842592591000056e-01,5.260416666666249963e-01,6.853009259260623987e-01,6.866898148148750103e-01,6.304398148149374936e-01,6.061342592590623912e-01,5.374999999999373612e-01,5.071759259258750152e-01,4.672453703704375072e-01,3.664351851850000119e-01,3.993055555555563019e-01
2.206597222222562438e-01,3.512152777776874624e-01,6.140625000003123724e-01,7.196180555555000691e-01,6.112847222221250432e-01,5.166666666667499852e-01,4.578124999999375055e-01,3.678819444444437203e-01,3.866319444444688003e-01,4.373263888889249995e-01,5.217013888889375783e-01,4.498263888888937578e-01
2.291666666667499866e-02,7.057291666670625907e-02,1.455729166666624996e-01,1.661458333333937498e-01,1.463541666666687557e-01,1.442708333333562465e-01,1.539062499999812594e-01,0.000000000000000000e+00,0.000000000000000000e+00,0.000000000000000000e+00,3.411458333333125537e-02,1.114583333333750009e-01
1.802083333333124801e-02,1.315625000000418821e-01,3.281250000000625056e-01,5.647916666666875640e-01,6.294791666670001007e-01,6.546874999998749667e-01,6.788541666661875862e-01,6.268750000000625766e-01,5.560416666667500341e-01,3.687500000000000777e-01,3.379166666666688079e-01,3.057291666665812868e-01
5.651041666666875574e-02,8.294270833333125537e-02,1.779947916666374808e-01,2.803385416665999941e-01,3.404947916666687391e-01,2.747395833333374782e-01,2.497395833334187520e-01,0.000000000000000000e+00,0.000000000000000000e+00,0.000000000000000000e+00,1.117187500000668826e-01,2.583333333332875070e-01
1.733796296295062322e-01,3.424768518517562477e-01,3.739583333332999748e-01,5.157407407406875421e-01,5.234953703704374739e-01,4.871527777778124069e-01,4.642361111109999938e-01,5.299768518517500304e-01,5.711805555556250802e-01,6.703703703705625738e-01,7.909722222222499433e-01,8.226851851851250119e-01
3.422222222222687793e-01,6.058333333329999348e-01,7.080555555551873992e-01,7.522916666664374308e-01,7.158333333335624715e-01,6.712499999994561151e-01,5.929166666661874752e-01,5.722916666668125263e-01,3.695138888887937734e-01,2.829166666666250163e-01,2.010416666666687557e-01,3.078472222222062293e-01
1.804166666667500474e-01,4.427083333333750037e-01,6.991666666669562602e-01,8.577083333333751503e-01,8.481249999999372902e-01,8.508333333332498416e-01,7.914583333333123916e-01,6.952083333334999615e-01,6.220833333333125603e-01,4.087500000000625633e-01,4.785416666665813223e-01,5.795833333333124671e-01
2.669507575755875051e-01,3.841856060605000067e-01,4.973484848485625331e-01,5.348484848485625109e-01,6.040719696968750441e-01,5.933712121212498802e-01,5.335227272729375914e-01,4.836174242424375325e-01,5.588068181818750535e-01,6.572916666666250851e-01,7.503787878788750199e-01,8.249999999998749445e-01
0.000000000000000000e+00,0.000000000000000000e+00,0.000000000000000000e+00,0.000000000000000000e+00,0.000000000000000000e+00,0.000000000000000000e+00,0.000000000000000000e+00,0.000000000000000000e+00,0.000000000000000000e+00,0.000000000000000000e+00,0.000000000000000000e+00,0.000000000000000000e+00
1.371527777776343771e-01,1.880787037035500098e-01,2.105324074071843743e-01,2.973379629628749576e-01,4.112268518517624982e-01,3.789351851850188413e-01,3.149305555554187674e-01,3.685185185184374768e-01,4.592592592592499301e-01,6.300925925923124282e-01,8.784722222206250430e-01,9.174768518509375248e-01
1.045138888889062534e-01,2.581597222222312693e-01,4.100694444445000530e-01,6.253472222222500321e-01,6.944444444448123477e-01,6.282986111109375438e-01,4.633680555558187253e-01,0.000000000000000000e+00,0.000000000000000000e+00,1.041666666668750055e-03,6.819444444445624809e-01,9.088541666676251962e-01
1.503906249999562572e-01,2.486979166665624907e-01,3.490885416667687258e-01,5.276041666669999408e-01,6.932291666666250407e-01,7.395833333335624094e-01,6.348958333333124537e-01,6.085937500000000444e-01,7.390624999999999556e-01,8.386718750005627276e-01,9.623697916664375462e-01,9.171875000000624389e-01
2.674479166666249852e-01,3.372395833333124981e-01,3.791666666666250185e-01,2.309895833333312498e-01,1.888020833333062531e-01,1.833333333333106163e-01,2.015625000000250133e-01,1.184895833333750037e-01,6.119791666662498936e-02,2.239583333333124843e-02,2.578124999999999861e-02,3.880208333331250370e-02
2.807291666667500185e-01,3.972222222221874488e-01,4.342013888888749396e-01,4.071180555556124792e-01,4.864583333333125093e-01,4.524305555555624414e-01,3.560763888888749951e-01,2.994791666666874463e-01,2.911458333333374893e-01,2.071180555556000058e-01,2.732638888888749840e-01,2.885416666669249897e-01
1.431250000000625355e-01,1.455208333333750104e-01,2.719791666667499830e-01,3.363541666666249874e-01,4.205208333333125825e-01,4.217708333333749504e-01,3.027083333332500348e-01,2.514583333333750281e-01,2.916666666666875019e-01,2.832291666666250096e-01,2.932291666667500296e-01,2.957291666666250207e-01
3.841145833334375093e-01,3.695312500000625389e-01,4.944010416666249630e-01,6.341145833334375093e-01,6.225260416667499630e-01,6.539062500000000222e-01,6.279947916668749963e-01,5.214843750000000000e-01,5.303385416666875907e-01,4.765624999999374944e-01,4.414062499999375500e-01,3.833333333334375537e-01
4.791666666663124685e-02,1.038194444443750059e-01,1.930555555555687475e-01,3.104166666665374996e-01,3.326388888887125139e-01,2.295138888886625039e-01,2.923611111109875038e-01,3.357638888887937156e-01,3.434027777776656465e-01,2.753472222221624577e-01,3.315972222222500210e-01,3.284722222222625221e-01
1.884374999999312295e-01,3.577083333333124782e-01,5.229166666667499630e-01,6.065625000000625100e-01,6.640625000000000000e-01,6.495833333336250570e-01,6.111458333334375270e-01,5.529166666665625840e-01,5.576041666666875507e-01,6.428125000002500311e-01,7.239583333333126092e-01,7.579166666666874441e-01
3.430555555555626079e-01,4.871527777778123514e-01,6.024305555556249692e-01,6.840277777776251344e-01,7.703125000001873612e-01,8.300347222224375709e-01,7.232638888893375695e-01,5.868055555556249692e-01,5.057291666666874352e-01,6.421874999999375166e-01,8.079861111110000493e-01,8.659722222223127375e-01
1.912326388889375173e-01,3.492187500001249778e-01,4.315104166665624796e-01,4.863715277778123958e-01,4.497395833334375537e-01,4.768229166666875241e-01,4.765625000000000555e-01,4.782118055554374081e-01,3.875868055556249692e-01,3.884548611110000271e-01,5.400173611111875882e-01,7.368923611107499605e-01
2.932291666666250185e-01,4.354166666666062779e-01,5.619791666667499630e-01,5.765625000001874945e-01,7.312499999997499334e-01,6.619791666667500518e-01,7.390625000002500888e-01,5.666666666666437813e-01,4.510416666666874907e-01,5.453124999999999778e-01,7.729166666666874574e-01,9.171875000001251665e-01
1.161458333334218773e-01,2.696180555555375280e-01,4.921874999998749889e-01,6.782986111112500049e-01,8.565972222226252430e-01,7.354166666667499852e-01,6.475694444445000419e-01,6.182291666669375019e-01,5.086805555558124858e-01,3.097222222223312560e-01,2.461805555556356440e-01,2.423611111112437821e-01
6.343750000000000222e-01,8.212962962964376334e-01,9.288194444441248976e-01,8.706018518518124916e-01,8.298611111117502048e-01,8.341435185186875101e-01,7.606481481481249807e-01,7.819444444444374476e-01,6.228009259259373875e-01,6.417824074075625385e-01,6.069444444445000197e-01,6.822916666669376351e-01
1.039930555555687308e-01,1.929687499999750144e-01,2.881944444444875519e-01,3.628472222221250099e-01,4.123263888888749618e-01,3.490451388888125006e-01,3.350694444445812548e-01,2.530381944445188047e-01,2.152777777777624968e-01,2.243923611112837724e-01,3.212673611110000160e-01,3.769097222223437016e-01
1.178124999999250050e-01,2.309375000000437606e-01,3.219791666666437790e-01,3.525000000000625411e-01,3.349999999998937716e-01,3.385416666666249963e-01,2.996875000000375766e-01,2.926041666666875374e-01,3.467708333332500392e-01,3.005208333333937443e-01,4.037500000000437961e-01,4.938541666667500274e-01
7.747395833312500403e-03,1.595052083331250162e-02,1.425781249999812442e-02,2.194010416666875019e-02,5.130208333332687831e-02,8.437499999998125666e-02,9.557291666664999297e-02,8.613281249998311351e-02,9.433593750004373724e-02,7.096354166666250796e-02,6.679687500001250944e-02,9.869791666660625296e-02
7.574404761901250283e-02,1.363095238093937345e-01,2.971726190476250418e-01,5.032738095238126208e-01,6.065476190477498974e-01,5.724702380953750058e-01,5.139880952381250534e-01,5.200892857143124548e-01,4.492559523808125066e-01,4.052083333332875403e-01,4.136904761907375105e-01,4.419642857143125658e-01
1.255208333333143744e-01,2.084635416666686947e-01,3.451822916666687502e-01,4.358072916666874685e-01,4.990885416666875907e-01,5.291666666666875463e-01,5.654947916667500962e-01,5.351562500002499112e-01,5.471354166666249075e-01,5.399739583332500148e-01,6.080729166659561979e-01,5.712239583331250037e-01
1.621367521366375575e-01,3.393322649570624794e-01,4.878098290598125164e-01,5.446420940173125613e-01,5.696688034188125416e-01,5.683867521368749509e-01,5.991132478632812397e-01,5.931997863246499803e-01,5.569764957267501204e-01,5.467948717946875536e-01,5.646314102565000992e-01,5.675000000000625100e-01
5.875000000000000222e-01,6.447916666666249075e-01,6.702083333333749282e-01,6.064583333333124493e-01,8.024999999999374856e-01,8.547916666665625884e-01,8.006249999999376366e-01,6.004166666668124819e-01,5.214583333333312476e-01,6.408333333330811232e-01,8.337499999995000577e-01,8.816666666671250097e-01
3.454427083333125315e-01,3.743489583333750037e-01,4.500000000000625167e-01,5.039062500001250111e-01,6.476562500001249445e-01,7.221354166666875685e-01,6.812499999999999112e-01,6.054687500000625056e-01,6.175781250001249889e-01,7.998697916660000296e-01,9.229166666670001185e-01,9.372395833336250037e-01
3.278645833332500259e-01,6.880208333332499260e-01,8.057291666666874796e-01,8.023437499998750111e-01,8.091145833339999927e-01,7.929687500001875167e-01,6.953125000001875167e-01,5.968750000000437872e-01,4.479166666667062646e-01,3.638020833332312742e-01,3.596354166666875241e-01,2.914062499999374722e-01
6.458333333342500260e-02,1.458333333335000148e-01,2.192708333332500092e-01,1.781250000000000056e-01,1.536458333332499926e-01,2.406250000000000333e-01,2.609374999999999889e-01,2.020833333332500148e-01,2.526041666664999852e-01,2.098958333334999815e-01,1.213541666667500019e-01,8.489583333325000092e-02
2.119791666667687480e-01,3.276041666668937369e-01,4.333333333331061965e-01,4.947916666669812669e-01,6.208333333330624537e-01,5.755208333336250259e-01,4.723958333335813164e-01,3.927083333331062298e-01,4.447916666664187835e-01,6.255208333333750481e-01,8.333333333333123871e-01,8.958333333331874870e-01
1.773148148145874681e-01,2.148148148147031034e-01,3.137731481479375528e-01,3.437499999998750999e-01,4.050925925925000781e-01,4.133101851852249986e-01,3.222222222222062560e-01,1.613425925924312221e-01,1.494212962960562441e-01,1.532407407405937394e-01,2.496527777775562063e-01,4.239583333333437065e-01
1.606770833334000281e-01,1.815104166666875185e-01,2.104166666666874852e-01,2.688802083333750037e-01,3.867187500000000000e-01,3.876302083333125204e-01,2.889322916666249852e-01,2.338541666667937335e-01,1.785156250000000111e-01,2.076822916665249930e-01,3.579427083333106552e-01,4.694010416666874463e-01
3.522135416664375074e-02,1.122395833333062476e-01,2.757161458333124981e-01,4.066406250000624834e-01,4.642578125000624834e-01,4.843098958333749704e-01,4.317708333333124537e-01,3.981770833334999926e-01,3.819010416666875352e-01,5.029947916666874796e-01,7.484375000001874945e-01,8.724609375002501110e-01
1.654513888888125006e-01,2.833333333333124537e-01,4.057291666667499630e-01,4.510416666666249297e-01,4.451388888887251039e-01,4.751736111112125349e-01,3.809027777778750679e-01,4.163194444445062481e-01,2.958333333334874915e-01,2.395833333332375303e-01,3.977430555552312064e-01,6.442708333333750925e-01
2.026785714284249917e-01,3.053571428569999968e-01,4.281250000000000333e-01,5.434523809523751359e-01,5.110119047619374744e-01,4.380952380951250169e-01,4.400297619044999942e-01,4.181547619045313247e-01,3.281249999998749889e-01,3.577380952378750312e-01,4.983630952381874479e-01,6.308035714288875440e-01
1.913690476188749934e-01,1.903273809523749749e-01,2.318452380950812575e-01,2.741071428570874824e-01,2.492559523808687838e-01,2.726190476188750100e-01,2.596726190475937557e-01,2.117559523808937305e-01,2.392857142856874841e-01,1.808035714284812745e-01,2.261904761902750194e-01,2.510416666665312713e-01
1.062500000000343725e-01,1.663194444444374975e-01,1.246527777777968887e-01,1.416666666665874763e-01,2.947916666665625351e-01,3.267361111110311800e-01,2.163194444444375142e-01,0.000000000000000000e+00,0.000000000000000000e+00,0.000000000000000000e+00,5.208333333337500370e-02,1.142361111111249994e-01
1.186011904760218699e-01,2.223214285712125093e-01,2.927083333331155779e-01,3.245535714283125373e-01,4.107142857141250492e-01,4.964285714286248985e-01,4.842261904762499292e-01,4.802083333331875203e-01,3.248511904761312019e-01,2.497023809523437610e-01,2.321428571427687215e-01,2.217261904760062796e-01
1.023148148147093733e-01,1.930555555553874758e-01,2.054398148146812653e-01,2.569444444441687514e-01,2.792824074072500218e-01,2.871527777776812784e-01,2.989583333333187820e-01,2.233796296293906469e-01,2.192129629628375154e-01,2.226851851849499797e-01,1.656249999998062605e-01,1.293981481480624696e-01
2.044730392157937393e-01,3.667279411765625441e-01,4.874387254900000022e-01,5.288602941176875349e-01,5.030024509803125987e-01,5.187500000001249445e-01,5.165441176469375284e-01,4.866421568628750416e-01,4.727941176471874840e-01,4.328431372550624601e-01,4.089460784314374875e-01,3.452205882352750166e-01
1.622023809523749985e-02,3.541666666664375351e-02,7.336309523807499344e-02,1.215773809523500171e-01,1.517857142856437469e-01,1.702380952380624923e-01,1.849702380951875336e-01,9.970238095228750597e-02,9.211309523798123788e-02,9.374999999994687583e-02,1.278273809523125248e-01,1.650297619045624775e-01
2.021577380952437331e-01,3.445684523809374733e-01,4.927083333333125426e-01,5.127976190477498974e-01,4.906994047616999310e-01,4.808035714286874041e-01,3.997767857142875414e-01,3.445684523809436905e-01,3.141369047618811639e-01,3.833333333332500370e-01,5.374255952381249424e-01,5.460565476190624157e-01
2.030092592590624911e-01,2.956018518516875249e-01,3.908564814814374788e-01,4.259259259257999752e-01,4.670138888887499506e-01,4.266203703702937111e-01,3.956018518517499527e-01,4.031249999997499889e-01,4.032407407405624311e-01,3.815972222220624932e-01,4.179398148147499548e-01,4.018518518517499305e-01
2.383680555556875191e-01,3.633680555555999225e-01,4.460069444444374476e-01,5.614583333333749149e-01,7.619791666669375463e-01,7.987847222223750654e-01,7.387152777779375512e-01,6.812499999996187716e-01,5.923611111114376326e-01,6.460069444443750086e-01,7.399305555555001357e-01,5.501736111114376993e-01
3.873958333334375226e-01,7.555208333334376691e-01,7.939583333334374604e-01,8.215624999998125677e-01,8.786458333328750481e-01,8.455208333333747994e-01,8.256249999996250200e-01,7.637500000001876677e-01,6.953125000000625056e-01,6.571874999999561817e-01,5.610416666666249164e-01,4.004166666666686969e-01
3.669642857142562664e-01,7.616071428569373136e-01,9.313988095238751042e-01,9.645833333335624982e-01,9.776785714294373708e-01,9.287202380949998171e-01,9.037202380959374892e-01,8.385416666664375906e-01,7.794642857143126990e-01,6.930059523811250566e-01,5.123511904762501068e-01,3.797619047618812083e-01
4.489583333332499704e-01,6.825231481481250917e-01,7.324074074075626051e-01,6.715277777780001012e-01,7.303240740744373349e-01,7.290509259262499819e-01,6.637731481483749585e-01,6.594907407409374978e-01,5.743055555555625080e-01,5.134259259258124874e-01,4.760416666665625018e-01,4.159722222221374222e-01
7.754629629627811382e-02,1.763888888886499806e-01,1.844907407403937327e-01,2.038194444442625042e-01,2.269675925923375082e-01,2.223379629627937060e-01,2.217592592591249856e-01,2.071759259258187380e-01,2.216435185183687206e-01,2.629629629627562859e-01,3.275462962960000168e-01,3.898148148145625380e-01
1.696759259257937247e-01,2.895833333330625203e-01,3.118055555555437897e-01,4.092592592592499967e-01,4.557870370371938096e-01,4.204861111109687299e-01,4.134259259259001063e-01,3.795138888888562878e-01,3.805555555554312464e-01,4.755787037036562359e-01,5.945601851851874953e-01,6.049768518519375027e-01
0.000000000000000000e+00,1.661458333333418746e-01,5.661458333331688131e-01,7.984374999995623723e-01,9.692708333331873094e-01,7.210937499999375833e-01,5.101562499999374722e-01,0.000000000000000000e+00,0.000000000000000000e+00,0.000000000000000000e+00,4.184895833333938109e-01,9.559895833327500814e-01
3.899739583333124981e-01,5.266927083334375093e-01,6.684895833335625648e-01,7.980468750001874501e-01,8.135416666670624020e-01,7.763020833336874427e-01,6.152343750000000000e-01,0.000000000000000000e+00,0.000000000000000000e+00,0.000000000000000000e+00,0.000000000000000000e+00,3.576822916666687058e-01
2.673611111112499800e-02,1.291666666666874963e-01,1.982638888889125262e-01,3.625000000001905587e-01,5.065972222224063293e-01,6.045138888886250061e-01,6.236111111105311355e-01,4.871527777776875068e-01,5.277777777774312895e-01,6.458333333331874870e-01,6.635416666665625574e-01,6.298611111109375660e-01
2.881944444441249947e-02,4.166666666662499630e-02,1.472222222221687138e-01,2.656249999999499845e-01,3.388888888888624829e-01,3.493055555553749580e-01,2.874999999998750222e-01,2.315972222221312216e-01,1.350694444443500120e-01,9.305555555542188717e-02,1.374999999999375055e-01,1.711805555554375136e-01
0.000000000000000000e+00,0.000000000000000000e+00,3.529947916667249275e-01,5.865885416666249963e-01,7.240885416669999852e-01,7.348958333333124315e-01,5.838541666667500518e-01,4.492187499999999445e-01,4.192708333333748927e-01,3.669270833333750925e-01,3.924479166667500518e-01,4.354166666666874352e-01
5.586174242423750380e-01,7.606060606063126395e-01,8.643939393942499105e-01,7.892992424244376082e-01,7.774621212116875624e-01,8.229166666668126240e-01,7.447916666668750185e-01,6.878787878789375254e-01,4.915719696969312325e-01,3.533143939391250044e-01,4.116477272725312386e-01,4.613636363635624793e-01
2.358630952379374701e-01,3.744047619046937392e-01,5.879464285709437021e-01,6.979166666668750185e-01,7.242559523811250566e-01,6.866071428570624802e-01,6.580357142851249730e-01,6.976190476190625711e-01,5.706845238096250883e-01,6.205357142858125563e-01,6.854166666664999186e-01,6.796130952380624590e-01
2.142361111109981064e-01,4.786458333336937043e-01,6.633680555559686720e-01,7.421875000003125278e-01,8.277777777781876178e-01,7.614583333329999482e-01,7.486111111121125372e-01,7.536458333345622540e-01,5.763888888888563100e-01,7.092013888884374229e-01,6.173611111111937388e-01,6.095486111110625105e-01
2.932870370367499646e-01,4.290509259257500596e-01,5.358796296296249873e-01,6.878472222223750432e-01,6.837962962959999169e-01,7.174768518519373250e-01,6.981481481481874862e-01,6.006944444444375364e-01,5.818287037036874443e-01,6.039351851852500230e-01,7.361111111114374550e-01,8.371527777771250456e-01
0.000000000000000000e+00,3.847916666667312025e-01,5.812499999997685629e-01,7.674999999995624211e-01,7.637499999995812638e-01,8.068750000000187717e-01,7.393749999998125988e-01,6.964583333333750348e-01,4.558333333334374515e-01,4.308333333333956294e-01,7.218750000001064038e-01,5.945833333333749859e-01
2.027083333334187276e-01,3.056250000000624856e-01,3.710416666665437568e-01,3.802083333332937909e-01,3.352083333333563120e-01,3.864583333332499704e-01,4.393750000000000711e-01,4.302083333332937243e-01,4.343749999999999556e-01,3.322916666666875241e-01,3.272916666666875196e-01,2.672916666667062291e-01
3.362499999999999378e-01,4.297916666666874441e-01,5.322916666666437369e-01,5.358333333333750170e-01,5.497916666665624286e-01,4.766666666668750163e-01,3.618749999999374967e-01,0.000000000000000000e+00,0.000000000000000000e+00,0.000000000000000000e+00,1.845833333333750104e-01,2.818750000000813105e-01
1.825657894739874526e-02,2.088815789476500262e-02,8.020833333329729919e-02,2.885416666667062202e-01,4.901315789473250084e-01,5.445723684212500082e-01,5.178179824561249811e-01,3.991776315789187790e-01,2.600877192983687136e-01,1.584978070175562248e-01,7.351973684212499693e-02,4.632675438598749668e-02
8.107638888904186714e-02,2.081597222222312249e-01,3.647569444446562281e-01,4.986111111111874994e-01,7.317708333335001258e-01,7.256944444445001530e-01,6.414930555556250802e-01,4.904513888889375228e-01,3.168402777778044355e-01,2.375000000000531131e-01,2.581597222222125065e-01,3.527777777778750012e-01
1.227430555556062453e-01,3.366319444446875253e-01,4.503472222223124932e-01,5.274305555556250136e-01,6.131944444446875142e-01,6.319444444445625475e-01,4.574652777776249679e-01,3.685763888888875517e-01,2.711805555554812064e-01,1.949652777778987656e-01,2.076388888889812712e-01,2.670138888890000173e-01
