4.810457516339411432e-01,7.899782135070179123e-01,8.122004357290000254e-01,9.176470588221763425e-01,9.668845315894118997e-01,9.690631808265881553e-01,9.020697167749588408e-01,9.213507625268823054e-01,9.116557734206471864e-01,9.337690631786470519e-01,9.383442265781765101e-01,1.042483660128940892e+00
3.803104575161940781e-01,6.354575163394705628e-01,7.242647058825882889e-01,7.461601307186470633e-01,8.446078431369998807e-01,7.973856209155295582e-01,7.943627450962587044e-01,8.986111111110588467e-01,8.129084967327775413e-01,8.071078431382353591e-01,8.410947712427059297e-01,8.763071895419999313e-01
1.716666666666706031e-01,4.210784313725294270e-01,6.990196078433531524e-01,8.305882352939413238e-01,8.868627450978233684e-01,9.278431372544116984e-01,9.141176470589998937e-01,9.158823529405881736e-01,9.119607843141175341e-01,8.726470588237058568e-01,9.324509803924116991e-01,1.065098039215764736e+00
2.338935574228059033e-01,5.452380952381176149e-01,7.732492997197646378e-01,8.109243697479999735e-01,8.507002801125294056e-01,8.824929971989999844e-01,9.386554621851767033e-01,9.567226890754118029e-01,9.163865546220000269e-01,9.340336134459412687e-01,8.864145658268824945e-01,8.964985994398824154e-01
3.245098039214411867e-01,4.477124183005764535e-01,6.545751633980998463e-01,8.823529411759412078e-01,1.018627450980000182e+00,1.205228758169411662e+00,9.787581699337055685e-01,9.196078431357058713e-01,1.044444444443764608e+00,1.128431372547764600e+00,1.233006535946411519e+00,1.110784313724705763e+00
4.098039215686059000e-01,5.787990196078236504e-01,7.066176470587059999e-01,8.754901960784707837e-01,8.670343137254117316e-01,9.148284313728235473e-01,9.096813725485880520e-01,9.274509803927647456e-01,1.068259803921000062e+00,1.196691176471588181e+00,1.237500000000764988e+00,1.127450980392352919e+00
1.280637254901411670e-01,3.118872549019411911e-01,4.495098039214705521e-01,5.633578431371765172e-01,5.935049019605882492e-01,5.656862745098235612e-01,5.746323529411764275e-01,5.585784313727057970e-01,5.383578431372941786e-01,5.441176470586471803e-01,5.752450980389999247e-01,6.681372549018823603e-01
1.314950980392529389e-01,2.637254901961176290e-01,3.758578431371782380e-01,4.645833333335293580e-01,5.310049019610412202e-01,5.390931372548823930e-01,4.678921568627646965e-01,3.814950980392353697e-01,2.959558823528882221e-01,2.890931372548646294e-01,3.807598039216881780e-01,4.919117647058823817e-01
1.752941176470765028e-01,2.859803921567647400e-01,4.886274509804117150e-01,5.710784313725882910e-01,5.529411764705294274e-01,5.671568627451177846e-01,4.806862745098235967e-01,4.494117647059000520e-01,4.239215686273941075e-01,4.122549019607646414e-01,4.445098039215294450e-01,3.900000000000000133e-01
8.697478991587058450e-02,2.459383753499470859e-01,4.226890756301470153e-01,4.273109243697646997e-01,3.616246498600470538e-01,4.264705882352764488e-01,4.170868347340147553e-01,4.166666666667058205e-01,3.392156862744412082e-01,2.780112044817646955e-01,2.787114845938235552e-01,2.726890756302353114e-01
4.165441176470000562e-01,5.379901960783529669e-01,6.044117647059999987e-01,5.871323529409586683e-01,5.718137254900000910e-01,6.702205882351763844e-01,6.932598039215880359e-01,6.551470588235881465e-01,6.428921568625294292e-01,8.199754901956471942e-01,9.138480392158825349e-01,1.025490196078176597e+00
5.019607843133529201e-02,7.254901960782352000e-02,1.488235294116470320e-01,2.094117647058999776e-01,2.333333333334294823e-01,3.060784313725312122e-01,4.227450980392941093e-01,4.839215686274705996e-01,6.707843137255881105e-01,9.945098039230001463e-01,1.025882352940999942e+00,1.046274509803882369e+00
7.184873949574999141e-02,1.757703081231412057e-01,2.287114845940294294e-01,2.365546218487764307e-01,2.518207282912205414e-01,2.942577030811411865e-01,3.773109243697882476e-01,4.130252100838823770e-01,3.701680672268705119e-01,3.656862745097647083e-01,4.131652661064705856e-01,5.162464985995294242e-01
9.490196078433529858e-02,1.466666666666311958e-01,1.394117647058823461e-01,1.807843137254312171e-01,2.495098039215883079e-01,2.902941176470177354e-01,3.194117647058235532e-01,3.065686274509411002e-01,2.604901960784705706e-01,2.569607843137059477e-01,2.832352941176470851e-01,3.701960784314529129e-01
2.048039215686294212e-01,3.183333333332765136e-01,4.973529411764706087e-01,5.672549019607648901e-01,6.511764705881765147e-01,7.396078431370587403e-01,8.187254901962940368e-01,8.900980392154707044e-01,8.365686274507060372e-01,7.364705882352353683e-01,7.350000000001175593e-01,6.898039215685883851e-01
9.301470588232940706e-02,1.835784313724882488e-01,2.806372549020588192e-01,4.183823529411764830e-01,4.566176470590411207e-01,5.481617647057648313e-01,5.964460784308824870e-01,6.033088235293528889e-01,5.549019607843117541e-01,4.436274509803528887e-01,4.273284313725292938e-01,4.514705882352941235e-01
1.470588235295882534e-02,6.029411764705881749e-02,2.343137254902352695e-01,4.818627450978824611e-01,6.308823529414118170e-01,5.995098039219410868e-01,5.485294117645881373e-01,4.392156862745469903e-01,4.568627450981941895e-01,4.593137254902177058e-01,8.784313725492177705e-01,1.179901960784059067e+00
7.352941176462352013e-02,1.068627450979794113e-01,2.575163398691764916e-01,3.852941176470587870e-01,3.558823529410587994e-01,4.160130718953528595e-01,4.117647058823294404e-01,4.062091503266471171e-01,3.418300653594705252e-01,3.575163398690823224e-01,5.957516339867058308e-01,7.879084967311764665e-01
1.026470588235294246e-01,1.590196078431411753e-01,2.673529411765294683e-01,3.316666666666293617e-01,3.434313725489823166e-01,3.525490196078823746e-01,3.322549019607470844e-01,3.066666666665705532e-01,3.190196078430587723e-01,4.173529411764118069e-01,5.792156862745293511e-01,7.434313725489412050e-01
8.692810457506471022e-02,1.564270152502823807e-01,2.786492374726058929e-01,3.019607843134970437e-01,3.354030501087234550e-01,3.673202614377529263e-01,3.417211328974117390e-01,3.589324618735294514e-01,3.429193899779411914e-01,3.186274509801765298e-01,4.348583877994706137e-01,4.392156862744117651e-01
7.193627450975881299e-02,1.982843137254705901e-01,3.947303921568588447e-01,5.837009803921764384e-01,6.914215686270587247e-01,7.797794117647059986e-01,8.360294117651175805e-01,8.208333333327647585e-01,7.238970588234706627e-01,5.542892156863530317e-01,4.790441176470588425e-01,5.509803921568235952e-01
6.519607843135293013e-02,1.379901960783705972e-01,3.308823529411176745e-01,4.963235294113723661e-01,6.249999999999411582e-01,6.544117647057058340e-01,7.602941176473529961e-01,7.571078431363529315e-01,7.127450980393530422e-01,6.151960784313529329e-01,5.677696078431176963e-01,5.545343137254705734e-01
2.420343137255646926e-01,3.272058823529412352e-01,4.378676470588235281e-01,4.419117647058235510e-01,4.297794117645881706e-01,4.825980392156471455e-01,4.667892156862353814e-01,4.464460784314118746e-01,4.943627450981176730e-01,5.410539215685292724e-01,5.578431372548822154e-01,5.363970588235293935e-01
2.466911764705882193e-01,3.664215686274706063e-01,5.484068627452353129e-01,5.707107843138645720e-01,6.578431372547060008e-01,6.834558823529411908e-01,6.539215686274706396e-01,6.045343137255294597e-01,5.384803921568234175e-01,5.198529411764705177e-01,6.250000000000000000e-01,6.882352941176471672e-01
1.361853832441911882e-01,2.300356506236941323e-01,3.662210338681177180e-01,4.867201426023999855e-01,5.036541889481176426e-01,5.114973262032941337e-01,5.302139037434117075e-01,4.947415329770000203e-01,4.949197860963529538e-01,6.088235294118823360e-01,7.668449197862352573e-01,9.066844919788237256e-01
1.070889894417529353e-01,1.835595776770011511e-01,2.416289592759176541e-01,2.751885369529706304e-01,2.976621417797117863e-01,2.996229260933470639e-01,3.128959276016176627e-01,3.022624434385765002e-01,2.640271493210764597e-01,3.555052790346940883e-01,4.671945701357881897e-01,5.606334841631176458e-01
1.763725490196293988e-01,3.457843137254117405e-01,4.462745098038823910e-01,5.527450980392353275e-01,6.443137254902352451e-01,6.372549019607646192e-01,6.067647058823529838e-01,6.173529411764706598e-01,6.189215686275294503e-01,5.974509803922940510e-01,8.215686274509410580e-01,9.648039215690588088e-01
2.208683473389117802e-01,4.253501400560588119e-01,4.507002801119999735e-01,4.415966386554058820e-01,4.310924369747058948e-01,4.201680672268235939e-01,4.182072829130294433e-01,3.694677871146705983e-01,3.182072829129882208e-01,4.121848739495529435e-01,6.697478991598823095e-01,9.105042016811175642e-01
4.517156862745294599e-01,6.431372549019411800e-01,7.719362745098234946e-01,8.187499999997644995e-01,8.392156862744705181e-01,8.388480392161177246e-01,8.339460784311176766e-01,7.149509803921765272e-01,6.582107843132940506e-01,6.355392156862942343e-01,7.181372549019411355e-01,7.348039215685880921e-01
2.516339869276470673e-02,5.098039215682352576e-02,7.189542483651176208e-02,9.248366013065292823e-02,1.767973856207941119e-01,2.692810457514528966e-01,2.852941176469411255e-01,2.356209150325411783e-01,1.274509803920058915e-01,5.163398692802351891e-02,1.101307189540588205e-01,1.493464052285294053e-01
1.787114845936941254e-01,2.568627450978235305e-01,3.761904761902353234e-01,6.487394957987059341e-01,7.509803921565293416e-01,7.883753501399413111e-01,7.991596638657648688e-01,8.436974789915294703e-01,9.334733893559413742e-01,1.001820728290294005e+00,9.236694677869410341e-01,8.058823529415293230e-01
1.894117647059412046e-01,4.509803921566706286e-01,6.647058823528058102e-01,8.086274509809999733e-01,9.872549019611764898e-01,1.028431372549235556e+00,1.209411764705647263e+00,1.272549019609412024e+00,1.315490196078058949e+00,1.362156862745294239e+00,1.336666666666646908e+00,1.273137254901941295e+00
1.463235294118058749e-01,3.002450980391941360e-01,3.642156862743335388e-01,4.549019607841176538e-01,4.620098039215882468e-01,4.674019607842941348e-01,4.698529411767648489e-01,4.622549019607647414e-01,4.223039215685706060e-01,4.367647058823529993e-01,5.007352941174528782e-01,4.696078431371764617e-01
2.637254901959941167e-01,5.648459383751941454e-01,6.142857142856472663e-01,7.060224089638234002e-01,6.913165266107059725e-01,7.156862745099410450e-01,7.457983193277647471e-01,7.249299719888235849e-01,6.892156862747059742e-01,6.411764705880000914e-01,7.257703081239970100e-01,7.457983193277059053e-01
2.526960784314293829e-01,2.870098039216470998e-01,3.343137254903117972e-01,4.443627450980000004e-01,4.694852941178234706e-01,5.162990196078235394e-01,5.754901960784118975e-01,5.671568627450764843e-01,5.354166666667058427e-01,5.949754901961764597e-01,7.215686274508236187e-01,7.495098039219412200e-01
1.129901960784705922e-01,1.882352941177058980e-01,2.100490196077823557e-01,2.563725490196470669e-01,4.350490196078235505e-01,4.884803921568824370e-01,4.308823529409999686e-01,4.164215686276881989e-01,4.009803921566470475e-01,4.632352941177235728e-01,5.526960784314116637e-01,6.669117647058412368e-01
1.252100840335235166e-01,3.081232492994705474e-01,5.026610644258823202e-01,6.249299719888234961e-01,6.033613445378235296e-01,5.509803921568823259e-01,4.864145658262352123e-01,4.277310924368235567e-01,4.336134453781176901e-01,3.554621848738470091e-01,4.485994397759998642e-01,4.920168067227647102e-01
1.330532212884117695e-02,6.498599439769704722e-02,1.042016806722353001e-01,1.099439775909352990e-01,1.301120448178235411e-01,1.149859943976441201e-01,8.809523809518235438e-02,9.061624649852942359e-02,1.023809523809117716e-01,9.985994397760883379e-02,8.501400560210588264e-02,6.400560224081176808e-02
1.034313725490999952e-01,1.874183006535764806e-01,4.307189542483529365e-01,7.210784313725824290e-01,8.753267973862355333e-01,8.271241830069412382e-01,7.723856209147058616e-01,7.841503267977059100e-01,8.272875816992941722e-01,9.034313725498237524e-01,8.627450980389410606e-01,9.160130718953528595e-01
1.239215686274882239e-01,1.505882352941412261e-01,1.794117647059235432e-01,3.905882352941941194e-01,7.437254901958822995e-01,8.872549019605882048e-01,7.874509803919411688e-01,8.921568627447060695e-01,7.854901960780587000e-01,8.092156862746471280e-01,9.237254901966472920e-01,1.039411764706882346e+00
7.598039215705881984e-03,8.823529411764705760e-03,1.186274509804293997e-01,3.149509803921941020e-01,5.872549019607645748e-01,6.973039215684115888e-01,5.149509803922177609e-01,3.664215686274311934e-01,4.220588235293529222e-01,3.404411764706293808e-01,2.921568627450999989e-01,1.960784313725665029e-01
7.438725490195881307e-02,2.713235294117647411e-01,6.981004901960589093e-01,1.011703431373117690e+00,1.070404411763941077e+00,1.024142156861941100e+00,9.832107843136469461e-01,9.616421568617058435e-01,9.427696078430000126e-01,9.293504901961177067e-01,9.313725490191764322e-01,9.759191176477060026e-01
1.838235294115470389e-02,1.205882352941176627e-01,2.188725490196293810e-01,5.191176470587823832e-01,8.127450980393530200e-01,9.024509803927646123e-01,8.688725490190000178e-01,8.122549019605881382e-01,7.411764705881176418e-01,6.821078431370588557e-01,7.455882352939412483e-01,8.512254901965881082e-01
2.253676470587646918e-01,3.292892156862353703e-01,3.401960784313352582e-01,3.180147058823705741e-01,3.441176470588058756e-01,3.877450980391764501e-01,4.303921568625882488e-01,4.655637254901589528e-01,4.473039215686664405e-01,4.670343137254706067e-01,6.175245098038234515e-01,6.691176470587060221e-01
2.026143790847235171e-01,3.637254901960000342e-01,4.062091503269411596e-01,4.594771241826559049e-01,6.209150326798236197e-01,5.633986928102353575e-01,5.006535947710588630e-01,6.169934640522352076e-01,5.581699346406235884e-01,5.398692810457648150e-01,6.980392156865617981e-01,8.418300653579999793e-01
2.872549019606882026e-01,4.502450980392940783e-01,5.718137254901176636e-01,5.938725490196470336e-01,5.477941176471193829e-01,5.357843137255118293e-01,5.529411764707646837e-01,5.421568627448235533e-01,5.539215686274704398e-01,5.850490196080000427e-01,8.649509803922353912e-01,7.999999999999412026e-01
2.330065359475117504e-01,2.546840958603294180e-01,2.431372549018588347e-01,2.925925925924471316e-01,2.716775599126058927e-01,2.999999999998588240e-01,3.254901960782352610e-01,3.427015250544705460e-01,3.897603485838234683e-01,5.373638344227058550e-01,6.976034858388234783e-01,7.217864923750001438e-01
3.236383442265293731e-01,4.578431372548824041e-01,5.619825708061174652e-01,5.508714596951176379e-01,5.584967320261765567e-01,5.293028322439411459e-01,4.740740740740588821e-01,4.468409586055294147e-01,5.514161220043528600e-01,6.562091503270588433e-01,7.774509803922352580e-01,8.371459694991176814e-01
3.166666666667059538e-01,5.394117647058235265e-01,6.715686274509411469e-01,6.972549019605884801e-01,6.692156862744705892e-01,6.664705882350587807e-01,4.582352941176471295e-01,4.643137254901176791e-01,5.129411764705881227e-01,6.245098039216646635e-01,7.996078431377647844e-01,8.229411764706471288e-01
1.743464052288106192e-01,2.549019607844235091e-01,3.400326797382352551e-01,3.578431372552294820e-01,4.336601307190588450e-01,4.534313725491235236e-01,3.861111111110412386e-01,2.888888888890235318e-01,2.125816993465176330e-01,2.166666666666764440e-01,2.794117647058235177e-01,3.627450980391176971e-01
1.978129713423764646e-01,2.725490196077999805e-01,3.496229260934941574e-01,3.509049773755234525e-01,3.802413273003588112e-01,4.125188536953235396e-01,3.730015082956765204e-01,3.349924585218647666e-01,2.748114630465646746e-01,2.022624434388241299e-01,2.429864253392823303e-01,2.762443438912882687e-01
1.714285714284705942e-01,3.240896358542852962e-01,4.205882352940588653e-01,5.413165266105293139e-01,5.568627450980587756e-01,5.956582633056470844e-01,6.159663865544706685e-01,5.799719887963528109e-01,5.711484593837471424e-01,4.984593837532706462e-01,5.701680672265883043e-01,5.344537815129412062e-01
1.740196078430235327e-01,3.530637254902352362e-01,4.843137254902353250e-01,6.192401960781763748e-01,6.884803921568822815e-01,6.161764705880589110e-01,6.096813725490587421e-01,6.596813725489411029e-01,7.057598039215293717e-01,6.877450980392353364e-01,6.911764705880000248e-01,7.367647058820587791e-01
1.799999999999411793e-01,3.464705882352706601e-01,4.799999999998235123e-01,5.684313725490589553e-01,6.713725490195292522e-01,8.033333333331176274e-01,9.209803921564704288e-01,9.952941176475882390e-01,8.692156862750588520e-01,7.647058823525293425e-01,8.496078431369236128e-01,9.117647058819412509e-01
1.827731092435529725e-01,3.254901960784118420e-01,3.645658263305175950e-01,4.536414565824881673e-01,4.505602240896176558e-01,4.550420168068058935e-01,5.488795518207058022e-01,5.759103641457470335e-01,6.221288515404117536e-01,6.186274509804823296e-01,6.021008403359939809e-01,6.184873949579998698e-01
5.012254901962941850e-02,1.215686274509411718e-01,1.931372549018823548e-01,2.448529411763529229e-01,2.408088235294117696e-01,2.571078431372570416e-01,2.874999999999823252e-01,2.751225490196076429e-01,2.560049019606647214e-01,2.832107843137823822e-01,3.675245098039411906e-01,3.745098039214705410e-01
1.697478991594235376e-01,3.991596638655882656e-01,6.477591036415881742e-01,7.023809523811176403e-01,6.281512605043528819e-01,6.319327731092352352e-01,5.932773109245292886e-01,6.528011204482353502e-01,7.966386554627646888e-01,9.189075630255884031e-01,1.016946778712588317e+00,9.166666666674704311e-01
5.506535947717353108e-02,3.553921568627352312e-01,7.003267973859411688e-01,7.888888888887646278e-01,8.555555555557058378e-01,8.640522875827649774e-01,9.462418300651177505e-01,8.946078431375292794e-01,8.993464052286471722e-01,9.032679738562353622e-01,8.995098039217058750e-01,9.259803921575294750e-01
1.029411764706058691e-01,3.819852941177058203e-01,6.898284313725884243e-01,7.924019607841175095e-01,8.178921568631764005e-01,8.677696078431176296e-01,8.640931372550587630e-01,8.481617647055292863e-01,8.556372549018235185e-01,8.458333333329411952e-01,9.023284313727647499e-01,1.003676470587705705e+00
2.474789915964705767e-01,3.137254901957646780e-01,3.259103641454118017e-01,3.232492997195882123e-01,3.110644257702352977e-01,3.707282913164999805e-01,4.302521008403058511e-01,4.401960784312353159e-01,4.696078431371764617e-01,4.742296918766470415e-01,5.532212885152941739e-01,6.084033613445294364e-01
1.558823529412529385e-01,2.495098039215881969e-01,2.943627450979411364e-01,3.656862745097823608e-01,4.056372549019412466e-01,3.933823529414706144e-01,4.242647058822940909e-01,4.955882352940587654e-01,3.946078431372394002e-01,3.887254901963117515e-01,4.752450980391764723e-01,4.294117647056252540e-01
2.483660130719294312e-01,2.998366013072941705e-01,3.346405228758793649e-01,3.936274509804117416e-01,3.728758169934706102e-01,3.679738562091764420e-01,4.039215686273530115e-01,3.926470588234705628e-01,3.820261437908234470e-01,3.805555555555352742e-01,3.723856209150000485e-01,3.643790849674705123e-01
0.000000000000000000e+00,0.000000000000000000e+00,0.000000000000000000e+00,0.000000000000000000e+00,0.000000000000000000e+00,1.985294117647059056e-02,6.127450980388234741e-02,5.367647058823529077e-02,4.975490196076470112e-02,5.808823529411764885e-02,7.867647058823529216e-02,5.784313725488235414e-02
3.075630252097765749e-01,8.200280112051175907e-01,9.319327731091177069e-01,8.803921568623236382e-01,9.873949579834705448e-01,1.063305322128588193e+00,1.068907563025470742e+00,1.146358543418176223e+00,1.186554621847764945e+00,1.165266106442823357e+00,1.184873949579176466e+00,1.224229691877705806e+00
2.212009803921764772e-01,5.501225490197059198e-01,7.427696078435293003e-01,7.747549019601176479e-01,7.617647058821175321e-01,7.476715686276470541e-01,7.057598039215883245e-01,7.235294117647058654e-01,7.715686274508822828e-01,7.975490196077645866e-01,8.178921568625882044e-01,8.704656862737057965e-01
7.124183006538235829e-02,2.663398692808999768e-01,4.467320261438235129e-01,4.032679738561705807e-01,5.382352941172882099e-01,6.091503267970351798e-01,4.388888888888410889e-01,2.849673202613940970e-01,2.058823529411117348e-01,1.996732026142823690e-01,3.836601307188058918e-01,4.879084967319118338e-01
1.613289760348059210e-01,3.259259259258235342e-01,4.715686274510588194e-01,5.343137254902941002e-01,5.169934640520000846e-01,5.431372549017647877e-01,5.478213507625294687e-01,5.215686274509999665e-01,3.995642701523530183e-01,4.666666666666941521e-01,5.576252723311176940e-01,6.699346405229411605e-01
1.218954248364470666e-01,2.713507625272234547e-01,4.921568627451176070e-01,6.045751633985881890e-01,6.827886710241175550e-01,7.596949891068822680e-01,8.185185185186470980e-01,7.784313725489412361e-01,8.367102396512352547e-01,9.642701525047646660e-01,1.056427015249529422e+00,1.087254901960058806e+00
8.995098039214116659e-02,2.265931372549412071e-01,4.621323529411765496e-01,6.039215686274705952e-01,7.612745098038823377e-01,8.276960784312352715e-01,7.441176470586471359e-01,7.346813725494705238e-01,8.349264705886471072e-01,9.791666666665295171e-01,1.034068627451117495e+00,9.955882352939411373e-01
9.172113289759410704e-02,1.775599128539087912e-01,3.069716775597353120e-01,4.328976034858236233e-01,5.396514161220001826e-01,5.161220043572941618e-01,5.338779956427059936e-01,4.764705882351764621e-01,4.907407407407646249e-01,5.872549019608235277e-01,7.672113289755295717e-01,8.369281045748235837e-01
4.362745098041176210e-03,2.602941176470588078e-02,3.852941176470587453e-02,4.387254901957059194e-02,4.676470588239411974e-02,4.142156862746469714e-02,4.279411764703527910e-02,3.823529411764706176e-02,4.691176470591176123e-02,5.671568627452724942e-02,6.044117647062940968e-02,4.950980392155118065e-02
1.332107843137470826e-01,2.458333333332941295e-01,3.867647058824117967e-01,4.028186274509999998e-01,3.477941176470176754e-01,3.861519607843176827e-01,4.546568627450588984e-01,3.789215686274883255e-01,3.990196078430587878e-01,4.613970588235294934e-01,4.731617647058234954e-01,3.988970588235294379e-01
7.328431372548824263e-02,5.171568627452941685e-02,3.539215686274705952e-01,7.715686274510586973e-01,7.615196078428825288e-01,6.105392156865294684e-01,5.411764705878647774e-01,4.218137254900235500e-01,4.475490196077647753e-01,4.914215686272587758e-01,5.634803921569412344e-01,5.480392156863352904e-01
9.336349924577647119e-02,2.095776772245529496e-01,4.128959276015882196e-01,5.819004524887645413e-01,6.717948717949412396e-01,6.865761689292353420e-01,6.587481146307059277e-01,6.103318250378823029e-01,5.588989441932942226e-01,6.029411764705292498e-01,5.938914027149999608e-01,6.523378582202941089e-01
1.297134238307941223e-02,1.396681749622382396e-01,3.380844645548353178e-01,4.913273001508234872e-01,5.725490196079411342e-01,6.359728506787647451e-01,6.521870286577646780e-01,5.788084464554118513e-01,5.391402714931764484e-01,5.479638009050589176e-01,6.690045248869411765e-01,7.206636500754116659e-01
2.665032679738235100e-01,5.466503267972941948e-01,8.707516339864117549e-01,1.038807189542647169e+00,1.113562091502235507e+00,1.144771241829294128e+00,1.213888888887705741e+00,1.339379084965882427e+00,1.406617647059411835e+00,1.442238562091764820e+00,1.449836601307646911e+00,1.382924836602352991e+00
1.200163398693882277e-01,3.015522875817058801e-01,5.415032679738235322e-01,6.998366013072354619e-01,7.096405228759530281e-01,7.063725490198295986e-01,7.239379084964293609e-01,7.472222222221177601e-01,8.414215686268234906e-01,8.341503267973527924e-01,8.693627450987058136e-01,8.008169934639999266e-01
1.462745098039176517e-01,2.560784313725705807e-01,3.039215686274294170e-01,3.498039215685294079e-01,3.772549019608235632e-01,4.466666666667823415e-01,4.162745098038823643e-01,4.162745098039412062e-01,4.872549019605884046e-01,5.905882352938236490e-01,5.705882352944118274e-01,5.282352941176471361e-01
2.862745098040529457e-01,5.950980392157059207e-01,6.452614379086469842e-01,7.140522875816470716e-01,7.898692810464705838e-01,7.637254901964116716e-01,7.398692810459411850e-01,8.392156862740000056e-01,9.442810457512941236e-01,1.013398692812000013e+00,1.132189542483058808e+00,1.059313725490176550e+00
2.457107843136235314e-01,3.500000000000000333e-01,3.275735294117235741e-01,3.765931372549587985e-01,3.661764705881764836e-01,3.312500000002764899e-01,3.044117647058823817e-01,3.366421568627058769e-01,2.687499999999588551e-01,2.203431372549646827e-01,1.731617647059058573e-01,1.354166666666647145e-01
2.946078431372941009e-01,4.188725490198058621e-01,4.017156862745294155e-01,4.024509803924705698e-01,3.970588235291353518e-01,4.196078431374882789e-01,4.563725490195882362e-01,4.365196078434706028e-01,3.411764705882353033e-01,3.093137254901353606e-01,3.188725490194117551e-01,2.887254901961175957e-01
1.904761904760000069e-01,5.880952380957058523e-01,7.436974789919998940e-01,8.331932773112943336e-01,8.603641456580001234e-01,8.773109243697646553e-01,8.512605042019999457e-01,8.494397759105882795e-01,8.890756302514707388e-01,8.682072829130000891e-01,8.595238095245116838e-01,8.256302521010882023e-01
2.326737967913705685e-01,4.000445632798823037e-01,5.921122994652352478e-01,6.832263814615882058e-01,6.627896613192940656e-01,6.563992869875294733e-01,5.920231729055294156e-01,6.170588235295295654e-01,5.822370766487645621e-01,5.911675579323529828e-01,6.206327985738235853e-01,6.019429590017647547e-01
1.307189542481941302e-01,3.235294117646500545e-01,5.281045751632529317e-01,7.019607843133528480e-01,9.519607843134118008e-01,9.359477124179998997e-01,8.849673202615884193e-01,8.114379084958175392e-01,7.669934640519999736e-01,8.539215686274705952e-01,1.044117647058235177e+00,1.095751633986470575e+00
9.858387799559999165e-02,3.395424836600705598e-01,5.547930283225294135e-01,7.093681917213529031e-01,8.452069716773530361e-01,7.741830065360586488e-01,7.555555555551176639e-01,7.676470588230588366e-01,7.516339869280587171e-01,8.986928104572942111e-01,1.026470588233529213e+00,1.102941176470588314e+00
2.165849673203588677e-01,5.480392156862942121e-01,7.205882352940587987e-01,8.452614379082353802e-01,8.757352941178823125e-01,8.650326797382941191e-01,9.410947712416470878e-01,9.088235294117648078e-01,9.658496732021765174e-01,1.023447712418588118e+00,1.084068627450411881e+00,1.030065359476647124e+00
2.018716577538528789e-01,4.688057040997646863e-01,6.169340463459999091e-01,6.992869875222939013e-01,7.781639928698235176e-01,7.857397504461764992e-01,8.260249554374706760e-01,8.229055258469410994e-01,9.292335115867647044e-01,1.012210338682941302e+00,1.050713012479235431e+00,1.022014260250176276e+00
8.067226890747059009e-02,1.343137254901470568e-01,1.927170868346352595e-01,1.585434173668705815e-01,1.259103641455176503e-01,1.473389355742000251e-01,1.446778711483470981e-01,1.761904761903353156e-01,1.960784313724117656e-01,1.995798319326764769e-01,2.784313725489529490e-01,3.225490196080294525e-01
1.222689075629147248e-01,2.651260504200588786e-01,3.742296918766469527e-01,4.165266106442352956e-01,5.077030812325764586e-01,4.654061624648235251e-01,4.291316526610000626e-01,5.063025210084706185e-01,4.834733893557647266e-01,5.522408963584705122e-01,7.563025210085881911e-01,7.767507002804118210e-01
5.051198257080588006e-01,6.356209150327059021e-01,6.864923747277059674e-01,8.044662309367646147e-01,7.226579520698234171e-01,7.435729847495881062e-01,8.323529411762352614e-01,8.436819172107058451e-01,8.253812636168823547e-01,9.441176470583529934e-01,1.003812636163941008e+00,9.652505446619410456e-01
8.235294117647058709e-02,1.882352941177058980e-01,2.754901960784705839e-01,4.333333333331588211e-01,3.313725490196882117e-01,2.774509803922176054e-01,2.539215686274706174e-01,2.872549019608647280e-01,2.558823529412352915e-01,1.715686274509999887e-01,2.823529411764705843e-01,2.499999999999411582e-01
2.343137254901176691e-01,3.650980392157235910e-01,4.166666666666887786e-01,6.113725490195883738e-01,6.166666666662942164e-01,6.027450980389998936e-01,7.007843137253528809e-01,7.786274509800000798e-01,8.723529411767646513e-01,9.780392156856470010e-01,1.064901960783529500e+00,1.012941176470235183e+00
1.964460784313940833e-01,2.971813725489823588e-01,4.387254901960588871e-01,6.544117647058411702e-01,7.290441176468234197e-01,7.653186274508824161e-01,8.269607843137646297e-01,8.167892156867059272e-01,8.446078431372354700e-01,8.302696078429411264e-01,7.919117647057646314e-01,8.276960784312941133e-01
2.644257703079411770e-01,3.816526610645177287e-01,4.103641456581763602e-01,5.253501400561176871e-01,5.894957983194705209e-01,6.973389355744705753e-01,8.033613445378235962e-01,6.528011204484116536e-01,6.253501400563529211e-01,6.607843137257058963e-01,6.393557422970587156e-01,7.429971988800588845e-01
3.654684095859412341e-01,5.260348583878233786e-01,6.418300653595292449e-01,7.186274509805999910e-01,7.132897603487058369e-01,6.556644880175881429e-01,7.241830065358234592e-01,6.352941176471764706e-01,5.873638344227058994e-01,5.654684095861177706e-01,6.068627450981766147e-01,6.968409586056472094e-01
4.813725490196646972e-01,6.462418300658234749e-01,7.905228758164702940e-01,7.908496732023528875e-01,8.560457516338234596e-01,8.434640522874117252e-01,8.707516339868822675e-01,8.624183006539413165e-01,7.581699346410001317e-01,7.066993464050589369e-01,8.313725490198824453e-01,7.722222222223528165e-01
6.232026143785293071e-01,7.689542483655765759e-01,9.751633986929411080e-01,9.447712418295879377e-01,1.027777777777470591e+00,1.091830065358823321e+00,9.356209150321764811e-01,8.607843137254705956e-01,8.875816993457648074e-01,8.261437908489410731e-01,7.549019607842353263e-01,7.196078431370588335e-01
8.823529411758823660e-02,1.226715686274294365e-01,2.796568627450941591e-01,4.204656862744293733e-01,5.275735294117647189e-01,5.220588235294294499e-01,5.666666666667647956e-01,5.251225490195292611e-01,4.515931372548412370e-01,4.894607843137059322e-01,5.509803921569411678e-01,6.225490196078822258e-01
2.664705882353117783e-01,4.070588235294705926e-01,4.548039215686058845e-01,4.922549019607647125e-01,4.721568627450588029e-01,4.269607843136471459e-01,4.644117647058823573e-01,4.314705882352352084e-01,3.766666666665882124e-01,3.791176470587647174e-01,3.867647058823530104e-01,4.228431372549411038e-01
0.000000000000000000e+00,0.000000000000000000e+00,0.000000000000000000e+00,0.000000000000000000e+00,0.000000000000000000e+00,0.000000000000000000e+00,0.000000000000000000e+00,0.000000000000000000e+00,0.000000000000000000e+00,0.000000000000000000e+00,2.139037433152941349e-03,5.258467023170588020e-03
0.000000000000000000e+00,0.000000000000000000e+00,0.000000000000000000e+00,0.000000000000000000e+00,0.000000000000000000e+00,0.000000000000000000e+00,0.000000000000000000e+00,0.000000000000000000e+00,0.000000000000000000e+00,0.000000000000000000e+00,0.000000000000000000e+00,0.000000000000000000e+00
1.490196078430941207e-01,2.985620915033000422e-01,4.283006535947058158e-01,6.521568627451175271e-01,7.754901960784117421e-01,7.908496732027057163e-01,8.509803921571764684e-01,8.607189542484118272e-01,8.257516339872353894e-01,8.396732026145293792e-01,8.992156862745882551e-01,8.999999999999410694e-01
1.898692810455529789e-01,2.948801742917411262e-01,4.001089324617647103e-01,5.918300653592352134e-01,7.481481481480000140e-01,9.483660130723527981e-01,1.057516339868764588e+00,9.457516339861177235e-01,8.413943355121764611e-01,8.815904139425883024e-01,8.838779956423529205e-01,9.318082788669412864e-01
2.068627450979794169e-01,3.133986928103765224e-01,2.078431372548294187e-01,2.856209150325058621e-01,5.450980392155881926e-01,6.571895424832352450e-01,7.686274509801764854e-01,8.205882352941176183e-01,7.545751633982940021e-01,7.016339869281765784e-01,7.013071895425704305e-01,7.254901960776470871e-01
1.246866589772529649e-01,2.034525182622588246e-01,3.631026528258236019e-01,6.526105344097646865e-01,9.179469434831174501e-01,9.441637831595294239e-01,9.611418685123529482e-01,9.678662053054706282e-01,1.031180315263646952e+00,1.013587081890529262e+00,9.988043060360001224e-01,9.112418300654705483e-01
1.732843137253764765e-01,3.278186274509000131e-01,5.805147058824706718e-01,8.025735294117647411e-01,9.153186274509411691e-01,9.408088235297059621e-01,9.507352941171177685e-01,9.835784313735881357e-01,1.020343137254823507e+00,1.106372549020058882e+00,1.103676470588823566e+00,1.062867647059176690e+00
6.647058823529412852e-02,9.509803921568824037e-02,1.203921568627058791e-01,1.447058823529999982e-01,1.539215686274293948e-01,1.047058823529411764e-01,1.092156862744941004e-01,1.149019607842941271e-01,1.352941176471176565e-01,3.184313725490000024e-01,6.282352941176468919e-01,7.543137254902942956e-01
9.444444444444115294e-02,1.519607843135882264e-01,1.859477124181823648e-01,2.921568627450588096e-01,4.209150326790705443e-01,3.241830065357411694e-01,3.470588235294118085e-01,3.696078431371646600e-01,4.493464052285647270e-01,5.320261437908235802e-01,6.702614379082939555e-01,8.366013071894117248e-01
1.176470588235529469e-01,1.410130718955647511e-01,2.426470588235882520e-01,2.921568627452000300e-01,3.534313725490764169e-01,5.205882352939158464e-01,5.249999999999999112e-01,4.717320261438823770e-01,4.591503267973352509e-01,3.462418300653588576e-01,4.179738562091882548e-01,5.295751633986471862e-01
5.947712418306470850e-02,1.000000000000158679e-01,1.854575163399470594e-01,2.310457516341176409e-01,3.232026143791765227e-01,4.125816993464705984e-01,4.037581699347059239e-01,4.531045751634352747e-01,4.338235294118117369e-01,3.826797385621046876e-01,4.111111111111176997e-01,4.415032679737529442e-01
1.151960784313706132e-02,1.183823529411411890e-01,1.676470588235705883e-01,2.776960784313706188e-01,2.977941176471176066e-01,2.409313725490411784e-01,2.465686274510000275e-01,2.183823529411176578e-01,2.580882352940764846e-01,3.397058823529823246e-01,3.698529411764706065e-01,4.031862745097647416e-01
1.019607843136882408e-01,2.519607843137841585e-01,5.112745098041352465e-01,5.421568627452940659e-01,6.892156862738824108e-01,6.191176470588235503e-01,7.485294117648823020e-01,6.843137254900000244e-01,6.735294117648823464e-01,6.426470588232942038e-01,8.794117647058824483e-01,1.064215686275000294e+00
4.294117647066705845e-02,9.058823529411763609e-02,1.768627450981176130e-01,2.949019607843117452e-01,3.170588235294471424e-01,2.490196078431588245e-01,2.845098039214882246e-01,1.974509803921941364e-01,1.499999999999470923e-01,2.754901960784293946e-01,4.466666666665882746e-01,6.190196078428235049e-01
1.355882352939999647e-01,2.082352941176823513e-01,3.404901960784117443e-01,4.438235294115882024e-01,5.017647058823528905e-01,4.821568627450587563e-01,4.415686274510000064e-01,4.685294117647059164e-01,4.338235294117646634e-01,4.318627450979412030e-01,4.854901960783529202e-01,5.059803921568646334e-01
2.534313725491294522e-01,4.812091503268234871e-01,5.841503267974117453e-01,6.080065359477060394e-01,7.437908496732351660e-01,7.836601307197059718e-01,7.109477124188234853e-01,6.975490196083529160e-01,5.699346405230588664e-01,5.352941176471766038e-01,6.936274509807057731e-01,8.351307189544118215e-01
3.183473389354294358e-01,4.547619047618824406e-01,5.348739495797645294e-01,5.946778711484705937e-01,6.473389355743528473e-01,6.288515406163530663e-01,6.612044817927645868e-01,6.245098039215881691e-01,4.904761904761764102e-01,4.833333333331176762e-01,6.089635854344117583e-01,6.687675070032352842e-01
3.240196078431352156e-01,4.569852941174881722e-01,6.745098039215293717e-01,7.562500000004117595e-01,8.471813725494119485e-01,9.330882352940587099e-01,8.631127450978824944e-01,7.697303921570001206e-01,7.290441176464707018e-01,7.377450980391763169e-01,8.221813725487647773e-01,7.387254901957058806e-01
4.327450980391764901e-01,6.133333333331175696e-01,7.272549019607842391e-01,9.468627450977057380e-01,9.154901960782940717e-01,8.500000000002941869e-01,8.309803921567059382e-01,9.196078431371177420e-01,9.221568627450589251e-01,8.447058823527059390e-01,8.694117647059411702e-01,7.588235294121177255e-01
4.843137254904117950e-01,7.083333333334117521e-01,8.730392156858234332e-01,9.588235294118824248e-01,1.047058823529470439e+00,1.030882352941000057e+00,1.047058823528882465e+00,8.132352941175294836e-01,7.529411764707647503e-01,7.666666666664704310e-01,8.044117647056470144e-01,9.029411764708236143e-01
4.537815126050000203e-02,7.990196078427941329e-02,9.306722689073884669e-02,1.621848739495647118e-01,2.439775910364470890e-01,2.668067226889705990e-01,3.378851540614529192e-01,3.329131652660764495e-01,2.778011204481235508e-01,2.499299719889412075e-01,2.235294117647782242e-01,2.322128851540294359e-01
1.033769063179646730e-01,1.974945533767882566e-01,2.449891067536735523e-01,3.009803921565999962e-01,2.879084967319411881e-01,3.031590413942352735e-01,3.051198257079411058e-01,2.499999999997646882e-01,2.755991285401764856e-01,2.552287581698470809e-01,2.583877995641734593e-01,3.007625272330823329e-01
1.448529411764706010e-01,2.281862745098411638e-01,3.683823529411588416e-01,5.279411764707059307e-01,5.308823529414705700e-01,4.174019607843528767e-01,4.433823529411982101e-01,5.330882352939999569e-01,6.485294117644293532e-01,6.742647058825882445e-01,8.612745098041765246e-01,8.911764705875883097e-01
1.638888888889588336e-01,4.065359477123528520e-01,6.697712418300588721e-01,7.919934640523529357e-01,8.052287581699413277e-01,8.094771241834118891e-01,8.361111111108822103e-01,8.633986928115883197e-01,8.147058823532352667e-01,8.132352941175295946e-01,8.200980392154119114e-01,8.339869281044116622e-01
1.443137254901941113e-01,2.670588235294117374e-01,2.837254901961175912e-01,3.345098039215705921e-01,2.968627450979823279e-01,3.745098039215883357e-01,3.954901960783528958e-01,3.635294117645705425e-01,3.305882352940588964e-01,3.545098039215705543e-01,4.835294117645882461e-01,5.154901960785118753e-01
1.660784313725705841e-01,2.898039215685881964e-01,3.976470588237647208e-01,4.872549019609413445e-01,5.358823529411352871e-01,5.690196078431766225e-01,5.721568627447469746e-01,5.350980392153352749e-01,5.017647058824530326e-01,5.003921568625881999e-01,5.860784313724881622e-01,5.339215686276470585e-01
3.429738562090588472e-01,5.117647058823528994e-01,6.588235294119411112e-01,7.714052287587646051e-01,8.013071895426471247e-01,7.127450980394115509e-01,7.488562091505882590e-01,7.416666666665293617e-01,7.014705882351763844e-01,7.439542483661766292e-01,7.813725490197058754e-01,7.763071895428235170e-01
2.571078431372941231e-01,4.214460784312352715e-01,6.033088235294704615e-01,7.218137254905883093e-01,7.263480392159411547e-01,7.101715686277059181e-01,6.465686274510589193e-01,6.425245098037059011e-01,6.504901960784118531e-01,6.384803921568235063e-01,7.373774509804118527e-01,7.072303921567059115e-01
2.881372549019411977e-01,4.257843137255293287e-01,5.414705882352353061e-01,6.934313725491176861e-01,7.015686274510589682e-01,6.835294117645291934e-01,6.354901960784706816e-01,6.182352941174706906e-01,6.330392156863531294e-01,7.228431372550589984e-01,7.767647058822940709e-01,7.913725490200587132e-01
3.496323529411765052e-01,5.395833333333530657e-01,6.484068627451177180e-01,7.465686274508824827e-01,6.993872549021177276e-01,7.475490196078823368e-01,8.067401960784117421e-01,7.873774509806471533e-01,8.307598039225880804e-01,7.974264705883529203e-01,7.856617647058824483e-01,7.579656862745294266e-01
2.595238095237705767e-01,4.205882352941176516e-01,4.843137254903529532e-01,5.333333333334118187e-01,5.499999999999412026e-01,6.144257703083058075e-01,6.362745098044705339e-01,6.563025210085293715e-01,6.914565826334116982e-01,8.113445378156470822e-01,8.985994397765884045e-01,9.105042016804115734e-01
3.339460784312940911e-01,4.919117647059412235e-01,5.412990196078822924e-01,6.246323529411175191e-01,5.921568627451765376e-01,6.595588235293528001e-01,6.991421568624704985e-01,6.946078431376471185e-01,6.937499999997646105e-01,7.557598039215293051e-01,8.051470588235293269e-01,7.475490196077647642e-01
1.959803921568646912e-01,2.583333333331941373e-01,3.374509803921764695e-01,4.169607843137058123e-01,4.356862745098823986e-01,5.043137254901765010e-01,5.356862745098823764e-01,5.363725490195881962e-01,5.206862745098824741e-01,5.778431372548823441e-01,6.794117647058822707e-01,7.517647058823528905e-01
5.042016806718235822e-02,9.691876750701175491e-02,2.110644257701029258e-01,3.225490196077558935e-01,3.485994397757176677e-01,4.464985994397059343e-01,5.359943977591233866e-01,5.060224089637116451e-01,4.733893557421705589e-01,4.554621848739999757e-01,5.682072829130587754e-01,6.715686274515884069e-01
1.841503267974823610e-01,2.516339869281276620e-01,3.758169934641046872e-01,4.683006535947646931e-01,4.815359477123999365e-01,5.364379084967647593e-01,6.096405228758117190e-01,6.756535947715294199e-01,6.772875816997059317e-01,7.276143790849411985e-01,8.508169934646470089e-01,8.620915032678821976e-01
7.941176470574706769e-02,1.863834422656058809e-01,2.431372549018999962e-01,2.384531590413411506e-01,2.095860566448529416e-01,1.869281045750500192e-01,1.745098039214588725e-01,2.065359477122176435e-01,2.201525054463647491e-01,2.093681917209528898e-01,3.104575163397705895e-01,4.625272331154470784e-01
3.988970588233704817e-02,1.166053921568823426e-01,2.150735294118235330e-01,4.167279411764705510e-01,5.447916666665882923e-01,5.493872549020000218e-01,4.887254901960000897e-01,4.166053921568823037e-01,3.389705882353353239e-01,3.604166666665882257e-01,3.684436274509823583e-01,3.964460784314706165e-01
4.656862745104118489e-02,8.786764705888235050e-02,1.555147058822899664e-01,2.491421568627646965e-01,3.420343137254117094e-01,3.670343137253940236e-01,4.911764705884706927e-01,5.029411764702940157e-01,4.477941176467057360e-01,3.435049019611176035e-01,3.433823529412747266e-01,3.813725490195117862e-01
3.758169934641176352e-02,1.062091503267941217e-01,2.647058823528646854e-01,4.960784313720588701e-01,7.101307189537646725e-01,7.052287581697970209e-01,6.098039215683528358e-01,6.633986928100586988e-01,7.359477124182942642e-01,6.830065359470000041e-01,6.999999999999175770e-01,7.771241830064704592e-01
2.875490196078470673e-01,7.285294117647647116e-01,8.163725490193528556e-01,8.338235294114116902e-01,7.999019607843723678e-01,8.592156862749410484e-01,9.206862745096469069e-01,9.432352941172941208e-01,9.115686274514118725e-01,8.831372549020001239e-01,9.475490196076471472e-01,1.017549019607705718e+00
4.438502673798234988e-02,5.873440285198000543e-02,1.133689839571358632e-01,1.673796791441564957e-01,2.248663101603529668e-01,3.331550802138411593e-01,2.986631016041941256e-01,3.109625668447058566e-01,3.082887700531764530e-01,3.533868092689706475e-01,4.973262032085881690e-01,5.945632798575293254e-01
1.934640522877470736e-01,3.516339869282588682e-01,5.338235294117648078e-01,5.669934640524116887e-01,5.833333333336470083e-01,6.478758169932352651e-01,5.826797385620000602e-01,6.138888888892353179e-01,5.473856209150000929e-01,6.490196078432353133e-01,8.109477124187057795e-01,9.599673202614117384e-01
1.003921568627017813e-01,2.064705882352941280e-01,4.498039215687058556e-01,4.313725490196646528e-01,4.229411764705883203e-01,4.347058823528823779e-01,4.768627450980588156e-01,3.933333333332941217e-01,2.880392156862588426e-01,4.874509803923529061e-01,6.731372549019412066e-01,7.741176470586471625e-01
1.650075414779411387e-01,2.386123680239529976e-01,3.806184012064705580e-01,5.070889894419412514e-01,5.183257918551177346e-01,4.694570135747058726e-01,4.894419306181763685e-01,4.571644042231176042e-01,4.529411764704116550e-01,6.091251885369999286e-01,7.138763197587061349e-01,7.626696832586471464e-01
1.011437908496999882e-01,2.037581699345646924e-01,2.338235294118000129e-01,2.861111111110882232e-01,2.866013071895588404e-01,2.954248366013529359e-01,3.125816993463823579e-01,3.655228758170000480e-01,4.800653594771175925e-01,5.637254901961765707e-01,6.725490196081176375e-01,7.315359477124706578e-01
2.580392156862529318e-01,5.304901960784704773e-01,7.021568627450587297e-01,7.161764705882353033e-01,7.920588235292354007e-01,7.442156862742941303e-01,7.553921568625883154e-01,7.997058823527058991e-01,7.202941176472941187e-01,7.147058823526470928e-01,8.235294117644117451e-01,8.959803921572352392e-01
1.531491384431764857e-01,3.342840166367646582e-01,4.000990295105293915e-01,4.345910081202941089e-01,4.673598732419999568e-01,5.765795206971763287e-01,5.093087740148822817e-01,4.741929094868824190e-01,4.748564072091766008e-01,5.338978015447646275e-01,6.988512576749411620e-01,8.061695385223530685e-01
1.241013071894823405e-01,1.906862745097941403e-01,1.754084967320882205e-01,2.509803921569058183e-01,3.304738562091582565e-01,4.319444444444706654e-01,3.758169934639294385e-01,3.336601307190588672e-01,3.022058823530587857e-01,4.024509803921882400e-01,7.139705882352940236e-01,8.870915032671176093e-01
1.158263305321647202e-01,2.235294117646176582e-01,4.504201680671765518e-01,5.620448179271763101e-01,6.197478991598235343e-01,6.467787114844707475e-01,5.448179271708822879e-01,5.565826330533529820e-01,5.812324929973529120e-01,6.567226890759412239e-01,8.282913165268235289e-01,8.698879551835294599e-01
1.871148459381764828e-01,2.985994397757648078e-01,4.043417366945293856e-01,4.333333333332941018e-01,4.371148459382352969e-01,4.175070028012117795e-01,4.417366946779117676e-01,4.455182072828235973e-01,4.866946778711529475e-01,5.322128851541175765e-01,6.152661064426472315e-01,7.089635854343528942e-01
2.435574229691182535e-01,4.175897631779411645e-01,5.683919022154706457e-01,7.084351922588233430e-01,7.480010185897058017e-01,7.526292335119412202e-01,7.419531448944706176e-01,7.729755538581765117e-01,7.215304303540588382e-01,6.961548255667058260e-01,8.061433664377056774e-01,8.939648586708235367e-01
1.920168067227059072e-01,2.227591036414765246e-01,2.490896358544352762e-01,2.456582633053529252e-01,3.216386554621176730e-01,3.635154061624705779e-01,3.489495798318235087e-01,3.334733893557058626e-01,2.458683473389293994e-01,2.341036414565588475e-01,2.491596638655705631e-01,3.259803921568646956e-01
2.750544662306941279e-01,4.786492374729411914e-01,6.401960784314117969e-01,6.831154684097646701e-01,6.837690631808235331e-01,7.647058823527647098e-01,7.971677559916470202e-01,7.357298474950588751e-01,6.998910675382941093e-01,6.126361655774118509e-01,6.778867102397058142e-01,7.221132897604706224e-01
2.505602240895234978e-01,3.379551820726648392e-01,4.901960784313529329e-01,5.591036414567647217e-01,5.974789915970588616e-01,6.179271708684705988e-01,6.189075630254118332e-01,5.680672268907646094e-01,6.028011204482941476e-01,5.766106442578236013e-01,5.362745098039999325e-01,4.841736694678823172e-01
3.921568627452940575e-03,9.281045751635292121e-03,1.666666666667646762e-02,2.405228758169411854e-02,5.464052287578764072e-02,1.060130718953947032e-01,2.266666666666599939e-01,4.216339869281176544e-01,6.054248366011764082e-01,7.558169934642354759e-01,8.293464052287059518e-01,7.660784313727646566e-01
3.921568627450763844e-02,8.843137254904118172e-02,1.613725490195882517e-01,3.621568627450764688e-01,5.447058823528999616e-01,5.815686274509412890e-01,6.011764705880001669e-01,7.237254901962354436e-01,1.028431372549058809e+00,1.227450980392353008e+00,1.237843137255058901e+00,1.100980392157294263e+00
1.140931372548840972e-01,4.015931372548411371e-01,6.115196078432940663e-01,7.921568627446469169e-01,9.528186274509998777e-01,9.493872549019412022e-01,9.091911764697646614e-01,8.979166666663116469e-01,9.720588235306469871e-01,1.048161764706294408e+00,1.053921568628294114e+00,1.145220588235352777e+00
5.784313725485881741e-02,1.985294117647470602e-01,4.068627450980588089e-01,6.131127450979411142e-01,7.095588235292354939e-01,7.102941176473529516e-01,7.137254901957058584e-01,6.593137254902177169e-01,5.471813725488234859e-01,5.727941176471764706e-01,6.140931372548236178e-01,6.202205882352941346e-01
1.021568627450194222e-01,1.988235294118059215e-01,3.927450980392722668e-01,4.880392156862353170e-01,5.007843137254706090e-01,5.125490196078646976e-01,5.090196078431176163e-01,4.750980392156471943e-01,4.990196078431763937e-01,4.774509803923530082e-01,4.607843137254117871e-01,3.860784313725882932e-01
1.624649859944117883e-02,6.582633053215881935e-02,2.708683473388117102e-01,4.675070028009999934e-01,5.303921568627059102e-01,6.098039215687059977e-01,6.387955182077647009e-01,6.490196078431763604e-01,5.798319327731175088e-01,4.928571428570940327e-01,3.957983193277294642e-01,4.039215686273529005e-01
2.801120448177059075e-01,5.235294117648235934e-01,6.180672268910000211e-01,6.845938375348823435e-01,7.040616246503529352e-01,7.337535014004705758e-01,8.515406162469999485e-01,8.186274509805882005e-01,7.361344537818823586e-01,7.324929971991764877e-01,7.939775910366471123e-01,8.488795518211175173e-01
4.815686274510175280e-01,5.717647058822352690e-01,6.882352941180589490e-01,7.670588235298412272e-01,8.086274509803529353e-01,8.180392156862351660e-01,8.325490196079998739e-01,8.643137254898821675e-01,7.935294117646060075e-01,8.260784313718823046e-01,9.192156862748823709e-01,8.564705882354707311e-01
2.083877995642235414e-01,2.873638344225176167e-01,4.765795206971177866e-01,6.234204793025881486e-01,7.244008714601177790e-01,7.470588235294707280e-01,7.277777777780001234e-01,7.586056644878821364e-01,6.627450980393528868e-01,6.607843137254056920e-01,6.564270152504116940e-01,6.384531590414119773e-01
2.865196078431176963e-01,4.180147058824117412e-01,5.106617647058235843e-01,5.724264705882352589e-01,6.515931372548823264e-01,6.129901960784706061e-01,5.761029411764705399e-01,6.116421568627059546e-01,6.622549019607645304e-01,6.357843137255293486e-01,6.539215686277646267e-01,5.879901960786471093e-01
1.067226890755235413e-01,2.123249299718411864e-01,2.689075630250059024e-01,3.539215686272941808e-01,4.641456582633707306e-01,5.089635854341176824e-01,6.068627450980588200e-01,6.666666666664116114e-01,6.133053221287647627e-01,6.345938375353530336e-01,6.536414565826470513e-01,5.774509803919410933e-01
1.470588235295235136e-01,2.098039215686294257e-01,2.852941176470882856e-01,3.892156862743000878e-01,4.521241830064764988e-01,5.253267973853529282e-01,5.583333333335294135e-01,5.921568627450588540e-01,5.991830065367294011e-01,6.246732026142352012e-01,7.080065359482352605e-01,6.259803921570588070e-01
1.795206971677735241e-01,4.821350762527059630e-01,7.254901960786470649e-01,8.618736383444706162e-01,9.513071895417058998e-01,8.955337690627648284e-01,8.599128540307061641e-01,8.410675381260588335e-01,8.014161220043529710e-01,7.340958605664704706e-01,6.591503267974117009e-01,7.777777777779999457e-01
3.014705882356294442e-02,9.939542483664705330e-02,2.372385620915294369e-01,3.175163398693530148e-01,4.243137254903941447e-01,4.918954248366295134e-01,5.415359477124707110e-01,5.497549019608235499e-01,4.035457516339823747e-01,3.099673202615470524e-01,3.049999999999235545e-01,2.838888888888823625e-01
3.181862745099646173e-01,8.129575163398236048e-01,9.420098039215294428e-01,9.457352941172940675e-01,9.728267973847060102e-01,9.551633986917645869e-01,9.895261437913528413e-01,9.294444444446469111e-01,8.814379084965295874e-01,9.140522875817059800e-01,8.534640522872353197e-01,8.544444444445292719e-01
1.116830065359764868e-01,2.508986928104353642e-01,4.231209150326293855e-01,4.749999999998236744e-01,4.321078431374117956e-01,4.435457516340458595e-01,4.965686274509999443e-01,4.463235294118235719e-01,3.963235294117057883e-01,4.679738562093530563e-01,6.048202614381351649e-01,7.297385620919999427e-01
1.269607843137782188e-01,2.257352941175882199e-01,3.794117647058646847e-01,5.245098039216470331e-01,5.142156862746469770e-01,5.188725490193941692e-01,4.372549019608629739e-01,4.004901960783705528e-01,4.134803921568411256e-01,5.174019607845294910e-01,7.154411764705881360e-01,7.470588235298823987e-01
1.107843137255294236e-01,1.690196078431176474e-01,1.737254901961176323e-01,1.625490196078058780e-01,2.199999999999293909e-01,2.413725490196647616e-01,3.045098039215882735e-01,3.584313725490000380e-01,3.947058823528235005e-01,4.613725490197058132e-01,5.133333333334293425e-01,4.725490196078824257e-01
1.691176470588235184e-02,7.230392156864706710e-02,1.183823529411411613e-01,2.169117647060000154e-01,2.914215686274100325e-01,3.924019607841353063e-01,4.987745098039411684e-01,4.862745098038234737e-01,4.448529411762529584e-01,4.749999999999999778e-01,5.335784313725705497e-01,5.884803921570588292e-01
1.215686274509823334e-01,2.017647058823353046e-01,2.496078431372958650e-01,3.374509803920588413e-01,3.643137254901176458e-01,3.960784313725294048e-01,4.262745098040588432e-01,3.939215686277235950e-01,5.115686274514117393e-01,6.788235294121763852e-01,6.770588235297647639e-01,5.607843137254528987e-01
1.941176470588587832e-01,2.406862745098117540e-01,2.795751633986864881e-01,4.093137254901588196e-01,4.661764705886057847e-01,5.514705882354705713e-01,6.166666666668824126e-01,6.473856209154705832e-01,7.434640522879412128e-01,8.434640522879998104e-01,8.197712418301763559e-01,7.111111111113530558e-01
1.901960784313706243e-01,3.925770308121941943e-01,7.022408963587057906e-01,7.554621848732940848e-01,7.004201680670001373e-01,6.854341736700000354e-01,7.858543417369997508e-01,8.354341736694117504e-01,9.203081232501763020e-01,1.007422969188941142e+00,1.155462184872764864e+00,1.171288515404294017e+00
2.459383753499882475e-01,4.499999999998234301e-01,5.085434173669411972e-01,5.051820728291176454e-01,5.728291316527059918e-01,6.696078431374705708e-01,6.408963585433529175e-01,6.345938375351765082e-01,6.470588235298234681e-01,8.382352941181178130e-01,8.872549019615880717e-01,9.274509803915294004e-01
1.312499999999588163e-01,1.943627450981764704e-01,2.846813725488823166e-01,4.908088235294116863e-01,5.716911764706470445e-01,5.894607843139412218e-01,6.128676470588235725e-01,6.226715686272352723e-01,5.930147058822941020e-01,6.946078431374704820e-01,9.480392156862352815e-01,1.066544117647235224e+00
3.372549019613940713e-02,7.156862745096058409e-02,1.166666666666646979e-01,2.021568627451411637e-01,1.756862745097235168e-01,1.898039215686058989e-01,1.984313725490588209e-01,1.896078431372588413e-01,1.615686274510352849e-01,2.282352941176629402e-01,4.117647058823354356e-01,4.645098039215883046e-01
6.277777777778587032e-01,8.535947712418234801e-01,8.666666666654118112e-01,8.843137254895293564e-01,9.222222222218235954e-01,7.964052287583353040e-01,7.712418300643854030e-01,8.535947712412353949e-01,8.424836601300588201e-01,9.316993464048235474e-01,9.980392156861178643e-01,1.061111111111058714e+00
4.376906318081176805e-01,6.490196078428234205e-01,6.983660130721764947e-01,7.495642701521176843e-01,7.232026143787058103e-01,7.467320261439410745e-01,7.871459694992353207e-01,8.033769063181763759e-01,7.953159041395880813e-01,8.245098039216470776e-01,8.455337690634117109e-01,8.848583877991177404e-01
2.086274509804117994e-01,3.056862745098806178e-01,4.409803921568236085e-01,6.539215686276470541e-01,6.911764705884119175e-01,7.250980392161175958e-01,7.294117647058235843e-01,7.041176470588825786e-01,8.127450980385882984e-01,9.576470588231177361e-01,1.002156862744882471e+00,9.588235294121764118e-01
1.622549019608058585e-01,2.868872549019587659e-01,3.962009803921764939e-01,4.767156862744705847e-01,4.737745098039999880e-01,4.258578431372353479e-01,4.351715686275293704e-01,3.545343137254529098e-01,4.564950980390588553e-01,6.623774509804118971e-01,4.348039215685881587e-01,3.549019607843352242e-01
2.507843137255529320e-01,4.223529411763706221e-01,6.105882352941176539e-01,7.517647058824118433e-01,6.856862745094706169e-01,6.152941176469411966e-01,6.635294117645293976e-01,7.352941176468824613e-01,8.145098039211765562e-01,1.053529411765117496e+00,9.874509803926470042e-01,8.592156862741764378e-01
4.852941176468823087e-02,9.632352941171176686e-02,2.090686274510588361e-01,3.604166666667058538e-01,5.224264705882940563e-01,7.049019607840001367e-01,7.582107843135295067e-01,7.707107843137059877e-01,7.827205882356470523e-01,9.415441176472940654e-01,1.060416666666823327e+00,1.062377450980352966e+00
1.519607843135646896e-01,2.761437908495352755e-01,4.669934640519735614e-01,4.509803921568000251e-01,6.029411764700000065e-01,6.722222222224293331e-01,8.316993464049998730e-01,9.313725490187646505e-01,9.957516339861766097e-01,1.068954248365176385e+00,1.075163398691705963e+00,1.063725490194999734e+00
5.468137254901765942e-01,7.794934640525292835e-01,8.859477124187059571e-01,9.665032679751764944e-01,1.033251633987882556e+00,1.091911764705352894e+00,1.033333333333411819e+00,9.614379084962942912e-01,1.009232026142764749e+00,9.483660130719412384e-01,9.290849673202941084e-01,1.042238562092823395e+00
1.241013071894811887e-01,3.982843137255176469e-01,6.540032679738234656e-01,7.829248366009411431e-01,7.994281045750589731e-01,8.068627450977645665e-01,8.173202614377645947e-01,8.365196078431764715e-01,8.124183006532941231e-01,7.463235294116471463e-01,7.486111111107058846e-01,7.995098039217646280e-01
2.159041394337176956e-01,4.592592592591528966e-01,6.078431372549999434e-01,6.881263616558822571e-01,6.898692810457647262e-01,6.981481481482352258e-01,7.360566448803528283e-01,7.199346405230588886e-01,7.875816993466470128e-01,7.699346405231175527e-01,7.565359477126470944e-01,7.639433551196471717e-01
2.124183006535882157e-01,3.643790849674117815e-01,5.058823529413529752e-01,6.106209150326469270e-01,5.869281045751176817e-01,5.781045751634118490e-01,5.299019607843530322e-01,6.000000000001176614e-01,6.173202614380000064e-01,6.879084967319410993e-01,7.338235294121764341e-01,7.346405228757647565e-01
6.985294117645292344e-02,1.004901960784294196e-01,1.575980392157470544e-01,2.093137254902176780e-01,2.372549019607823606e-01,2.955882352939235846e-01,2.997549019607823606e-01,2.676470588234705628e-01,3.230392156863529096e-01,2.296568627450764066e-01,3.024509803920999995e-01,3.463235294117881780e-01
6.029411764704117188e-02,1.662745098038588554e-01,3.060784313725117833e-01,4.354901960784117732e-01,4.884313725491000180e-01,5.328431372550177514e-01,5.551960784314705633e-01,5.756862745099412537e-01,6.123529411763529717e-01,5.484313725491766212e-01,5.088235294122176455e-01,4.714705882352942523e-01
1.167892156862176262e-01,2.383578431372117834e-01,4.071078431372353590e-01,5.762254901960587317e-01,6.629901960784118087e-01,6.780637254898236321e-01,7.665441176471174956e-01,8.172794117639411438e-01,8.111519607845883995e-01,7.044117647057058784e-01,6.797794117642942391e-01,6.519607843140001746e-01
2.732026143788823247e-01,5.171023965142352852e-01,5.911764705884117177e-01,6.971677559916471534e-01,7.196078431374705042e-01,6.430283224401176501e-01,5.815904139435295050e-01,6.233115468408823023e-01,6.534858387798236912e-01,8.760348583878233564e-01,9.528322440079414202e-01,9.129629629630587884e-01
1.437254901960588471e-01,3.415686274509235343e-01,3.946405228760175854e-01,3.416993464055470553e-01,3.543790849672353027e-01,3.620261437908217084e-01,3.003267973856294515e-01,2.149673202614705569e-01,1.527450980392176805e-01,1.329411764705764887e-01,1.380392156862940978e-01,1.383006535947688131e-01
2.515686274510000042e-01,4.439215686274117778e-01,5.384313725487648306e-01,8.537254901965293241e-01,8.652941176472351836e-01,6.399999999996470734e-01,5.009803921568235507e-01,5.284313725490764613e-01,5.352941176471588403e-01,5.403921568627645389e-01,6.856862745101764967e-01,8.635294117642944300e-01
2.069518716576058959e-01,4.578431372547647760e-01,5.652406417114117509e-01,6.669340463460587953e-01,7.248663101605883341e-01,7.644385026742941402e-01,7.596256684495293898e-01,7.560606060612352630e-01,7.143493761142940546e-01,7.576648841359999720e-01,7.847593582888234831e-01,8.045454545457058071e-01
0.000000000000000000e+00,0.000000000000000000e+00,0.000000000000000000e+00,0.000000000000000000e+00,0.000000000000000000e+00,0.000000000000000000e+00,0.000000000000000000e+00,0.000000000000000000e+00,0.000000000000000000e+00,0.000000000000000000e+00,0.000000000000000000e+00,0.000000000000000000e+00
7.483660130714119008e-02,1.801742919388323871e-01,3.557734204790176102e-01,6.884531590410000179e-01,1.000108932461293731e+00,9.783224400873529181e-01,9.546840958590000481e-01,1.013834422657764467e+00,9.766884531571177197e-01,9.919389978198822622e-01,1.106862745097294320e+00,1.134531590412411362e+00
1.482026143790705630e-01,2.720588235293882051e-01,4.428104575163529510e-01,6.031045751634706020e-01,7.411764705887059490e-01,7.826797385621174774e-01,7.238562091504118223e-01,8.194444444447646081e-01,1.025163398691705918e+00,1.088235294117470442e+00,1.170915032681293821e+00,1.157352941175470384e+00
1.705882352941805735e-01,3.019607843137059322e-01,4.122549019607646970e-01,5.397058823529411464e-01,6.863970588232939374e-01,6.120098039214117991e-01,6.089460784313529551e-01,6.838235294116470353e-01,7.617647058821763739e-01,8.683823529405881869e-01,8.975490196080587735e-01,8.317401960784116532e-01
1.936274509804117652e-02,8.504901960786470649e-02,1.220588235294294138e-01,1.323529411764470809e-01,1.977941176470194018e-01,2.156862745099805689e-01,2.700980392157059096e-01,3.252450980392353475e-01,1.664215686274705674e-01,1.382352941176706040e-01,9.975490196076472471e-02,7.598039215682352021e-02
3.562091503270587572e-02,1.189542483660352978e-01,1.730392156864294095e-01,3.001633986928705644e-01,4.640522875819411697e-01,5.137254901958823172e-01,4.807189542487058098e-01,4.709150326798235420e-01,3.700980392158940702e-01,3.215686274510941578e-01,3.351307189542647169e-01,3.741830065359412205e-01
2.117647058822587636e-01,3.360784313726057904e-01,3.751960784312941000e-01,4.116666666665882435e-01,4.064705882353528699e-01,4.997058823528823246e-01,5.881372549018822893e-01,5.797058823529999128e-01,4.941176470588234393e-01,4.349019607843530033e-01,3.981372549019588369e-01,4.096078431371352746e-01
2.796568627451764266e-01,4.459558823529411464e-01,5.648284313725882022e-01,5.687500000000000888e-01,6.350490196079412453e-01,7.464460784312352271e-01,7.680147058827059281e-01,7.327205882354117517e-01,6.905637254898235877e-01,6.562500000001766365e-01,7.453431372551175826e-01,7.140931372546470701e-01
8.986928104567941389e-02,1.444444444443588049e-01,3.362745098035882507e-01,4.310457516339999962e-01,4.467320261436059092e-01,4.411764705881176529e-01,4.424836601305882633e-01,4.529411764705941756e-01,5.330065359475176789e-01,5.552287581695881657e-01,4.228758169935999955e-01,4.588235294112469886e-01
2.131372549019630025e-01,3.924509803921176765e-01,6.142156862747057966e-01,6.950980392156471677e-01,6.997058823529997973e-01,7.113725490195882406e-01,6.465686274509412357e-01,6.333333333334117965e-01,6.587254901959999076e-01,6.863725490196470602e-01,7.850000000000000311e-01,9.044117647062351883e-01
3.614379084967647149e-01,5.093137254902352362e-01,6.513071895427058333e-01,7.053921568630000527e-01,6.944444444447647191e-01,7.872549019612943288e-01,6.686274509805293365e-01,7.120915032675881884e-01,6.728758169933529709e-01,8.107843137257058075e-01,9.738562091503529805e-01,1.037908496732764529e+00
1.269607843138646774e-01,1.884803921568999896e-01,3.115196078431823334e-01,4.531862745097059442e-01,4.508986928103529412e-01,5.157679738561765648e-01,5.147875816993529030e-01,4.816993464051764762e-01,4.969771241829353814e-01,5.285947712418823663e-01,7.710784313727058192e-01,9.773692810459998492e-01
1.122549019608235360e-01,2.573529411764705621e-01,3.240196078430764848e-01,4.911764705885294235e-01,6.715686274510000997e-01,8.470588235292353385e-01,8.343137254902353028e-01,7.308823529415706677e-01,6.098039215685664427e-01,5.676470588233706316e-01,9.999999999994119149e-01,1.187745098039294289e+00
6.813725490210587044e-02,9.526143790850000181e-02,8.218954248362941861e-02,1.681372549020205831e-01,2.320261437909882651e-01,2.820261437909235558e-01,2.285947712418705813e-01,1.380718954248353059e-01,2.297385620914205728e-01,2.011437908496882532e-01,2.235294117648000123e-01,4.957516339870470801e-01
2.020697167754117729e-01,3.673202614379411646e-01,4.791938997822940416e-01,5.877995642702352752e-01,6.535947712419587496e-01,6.767973856206469518e-01,7.215686274509411913e-01,7.561002178650000349e-01,7.232026143792352757e-01,7.364923747276470589e-01,8.517429193904118012e-01,9.135076252715295109e-01
2.718137254902353028e-01,5.076797385620588354e-01,6.276960784314118413e-01,6.163398692811764557e-01,5.463235294117058105e-01,5.716503267975294733e-01,5.587418300654117820e-01,4.394607843137646741e-01,4.163398692809411883e-01,3.883169934641117482e-01,4.362745098040881619e-01,6.563725490197058754e-01
1.930392156862705821e-01,3.759803921568823371e-01,3.799019607842529234e-01,4.010784313725117012e-01,4.113725490197059353e-01,3.953921568627646876e-01,3.720588235294117752e-01,2.984313725490587710e-01,2.798039215686293768e-01,3.006862745099235235e-01,4.888235294116470842e-01,7.250980392157060361e-01
3.799019607842940745e-03,1.966911764705294580e-02,4.785539215686470532e-02,8.210784313733530959e-02,1.351715686275706263e-01,2.401348039215293884e-01,3.007352941176471006e-01,3.769607843137058878e-01,3.674019607843529434e-01,3.082107843136471237e-01,3.274509803922940887e-01,3.550245098038822822e-01
9.551820728285881357e-02,2.329131652659353069e-01,4.507002801120881808e-01,6.564425770310587938e-01,8.117647058827058837e-01,8.969187675073529986e-01,9.546218487397060137e-01,9.365546218495882647e-01,8.837535014005880596e-01,8.128851540624704164e-01,8.252100840346470179e-01,8.750700280108235640e-01
8.676470588239412751e-02,1.421568627451353095e-01,2.965686274509823361e-01,4.834558823529412908e-01,7.017156862746469770e-01,8.881127450979998672e-01,9.109068627447057809e-01,8.931372549017647655e-01,9.909313725488236857e-01,1.056127450981117599e+00,1.156985294117999885e+00,1.085784313725058681e+00
1.093061840120711919e-01,1.489190548013647197e-01,2.737807943688823631e-01,4.795676219206647661e-01,6.808798391154118335e-01,8.628255404725883038e-01,9.519356460531767095e-01,9.214580191051763292e-01,1.001271995979176266e+00,1.082589240824999743e+00,1.115977878330588258e+00,1.014801407741588113e+00
4.411764705884294729e-02,1.333333333332764603e-01,1.794117647059000065e-01,1.972549019607647280e-01,4.149019607843941748e-01,5.537254901961174980e-01,5.856862745097057843e-01,7.243137254899412181e-01,8.145098039213529706e-01,8.860784313724705541e-01,9.196078431364116401e-01,9.366666666670591113e-01
9.607843137262353506e-02,2.248774509804117860e-01,3.455882352941176405e-01,4.203431372548235845e-01,5.153186274509411469e-01,5.791666666665882257e-01,6.807598039216470331e-01,8.426470588235295267e-01,9.318627450977646776e-01,1.038357843137411862e+00,1.035416666666941099e+00,9.412990196075883276e-01
1.357843137254899912e-01,2.605392156862529895e-01,4.002450980392529556e-01,3.745098039214293517e-01,2.406862745098217460e-01,2.112745098038999736e-01,2.127450980392176227e-01,1.590686274509999776e-01,1.480392156862352648e-01,1.004901960784705950e-01,9.068627450984705074e-02,2.544117647058823373e-01
1.906249999999999889e-01,2.083333333332499926e-01,1.718750000000000000e-01,1.083333333335000093e-01,4.999999999992500721e-02,5.937499999999999722e-02,1.203125000000000028e-01,1.036458333332500037e-01,7.604166666675001018e-02,6.666666666667500629e-02,6.770833333324999259e-02,6.770833333324999259e-02
3.171568627450587763e-01,5.004901960784706727e-01,4.044117647060234688e-01,6.524509803924704032e-01,7.098039215691764880e-01,6.098039215682352632e-01,6.504901960781763748e-01,7.990196078425294557e-01,7.602941176472352014e-01,7.514705882351764288e-01,9.421568627449412592e-01,1.005392156862823683e+00
7.647058823520587467e-02,1.067538126360764589e-01,2.173202614377529873e-01,2.993464052285999544e-01,3.336601307187940790e-01,2.969498910674058800e-01,2.592592592590940992e-01,2.622004357297059163e-01,2.751633986925294262e-01,3.337690631806586872e-01,4.605664488017059410e-01,5.541394335512941360e-01
3.835784313723529515e-02,6.458333333335293525e-02,1.123774509803723565e-01,1.738970588235058956e-01,2.818627450980412119e-01,2.893382352941352709e-01,2.397058823528999683e-01,2.262254901961176512e-01,2.376225490194706080e-01,2.645833333332747173e-01,3.587009803921765161e-01,4.386029411764117980e-01
7.420343137249235665e-02,1.186274509804546851e-01,2.136029411766117436e-01,3.862745098039588321e-01,5.904411764705882470e-01,6.462622549018823825e-01,6.208946078431765159e-01,6.354779411766470210e-01,6.090073529411175191e-01,7.084558823531764693e-01,8.054534313726470218e-01,8.001838235293530222e-01
2.436274509804353117e-01,2.527777777778235646e-01,3.107843137255176247e-01,3.908496732026941478e-01,4.173202614378529463e-01,5.101307189543529130e-01,5.532679738565293714e-01,5.248366013069413194e-01,5.648692810455882007e-01,5.980392156862942565e-01,7.772875816994588849e-01,9.163398692806471457e-01
1.065826330530823540e-01,2.224089635852412039e-01,3.114845938374823375e-01,4.352941176471176177e-01,4.494397759103999634e-01,4.847338935577882868e-01,5.187675070026176449e-01,5.047619047618234767e-01,4.351540616245853643e-01,4.983193277309998503e-01,8.550420168074117644e-01,9.760504201686472925e-01
8.571428571424999365e-02,1.257703081231764664e-01,1.701680672267470718e-01,2.014005602239411774e-01,2.596638655461764311e-01,3.002801120447647909e-01,2.425770308121912022e-01,2.736694677869353498e-01,2.232492997198206042e-01,2.676470588232941483e-01,3.575630252100000517e-01,4.436974789913823991e-01
5.751633986923528757e-02,1.209150326796352842e-01,1.539215686274117700e-01,1.761437908496941152e-01,1.235294117646588141e-01,1.552287581698823526e-01,2.104575163398823834e-01,1.941176470588235059e-01,1.686274509803941113e-01,2.245098039215235319e-01,3.464052287582587986e-01,4.382352941175411409e-01
8.669467787098235345e-02,1.768907563022911744e-01,2.589635854339764620e-01,3.760504201679559233e-01,4.780112044816706152e-01,5.309523809525295013e-01,5.572829131650353096e-01,5.478991596642941442e-01,4.907563025212706154e-01,4.240896358544412048e-01,4.987394957983529165e-01,4.789915966385793755e-01
7.450980392148233433e-02,1.068627450979411642e-01,7.701525054453529917e-02,6.056644880164117201e-02,6.906318082779999701e-02,9.673202614369999508e-02,1.093681917209764626e-01,1.506535947711764856e-01,1.787581699345294484e-01,2.075163398691117767e-01,3.345315904139469776e-01,3.766884531588234886e-01
1.972895040369999631e-01,2.395617070356470535e-01,2.530565167244118174e-01,3.040945790082353328e-01,3.118800461361176946e-01,3.775663206458235721e-01,3.538062283738235281e-01,3.249134948097058828e-01,3.501153402538235149e-01,5.114763552480589004e-01,7.108996539791175850e-01,6.955017301037059729e-01
4.033613445376470208e-02,9.145658263296471691e-02,1.191876750699176341e-01,1.319327731091882172e-01,1.502801120448176153e-01,1.728291316526470445e-01,2.103641456582411862e-01,1.761904761904235228e-01,1.806722689074294064e-01,1.997198879551118078e-01,2.330532212884529331e-01,2.970588235293529777e-01
2.071428571427999799e-01,3.896358543417646758e-01,5.016106442575294366e-01,6.104341736700588106e-01,6.177170868348234034e-01,5.927871148459411543e-01,6.141456582633528782e-01,5.810924369748234897e-01,5.478291316525880639e-01,5.038515406161352406e-01,5.864145658262353011e-01,6.155462184874704867e-01
8.355119825703527514e-02,2.049019607841058577e-01,2.883442265794058934e-01,3.326797385618235348e-01,3.776688453159411374e-01,4.352941176466940676e-01,4.461873638341881110e-01,4.763616557733529877e-01,4.909586056643528984e-01,4.058823529409117392e-01,3.958605664486469777e-01,4.081699346405295303e-01
2.171568627451676281e-01,3.442810457515705913e-01,5.405228758171763959e-01,5.702614379085294560e-01,6.532679738561765204e-01,7.439542483657353156e-01,8.462418300650587089e-01,8.148692810458234570e-01,7.251633986931058651e-01,6.418300653595293559e-01,6.784313725490117575e-01,6.723856209150588237e-01
1.213725490195823598e-01,3.706862745098411516e-01,4.717647058825470419e-01,4.715686274511764475e-01,5.353921568632353800e-01,5.180392156862941855e-01,5.715686274510000109e-01,5.917647058823529704e-01,4.969607843136059078e-01,4.799019607843353352e-01,4.855882352938823976e-01,4.674509803921941264e-01
7.703081232482940355e-02,2.238095238096352579e-01,2.682072829133529401e-01,2.794117647059412013e-01,2.928571428570000412e-01,3.233893557421764764e-01,3.791316526609941340e-01,4.289915966385118296e-01,3.950980392157941168e-01,3.169467787115706758e-01,2.633053221287264822e-01,2.850140056020000201e-01
1.420479302830706114e-01,2.647058823528323224e-01,3.246187363833706319e-01,4.184095860564705505e-01,5.018518518519999860e-01,5.226579520697560710e-01,5.686274509803529442e-01,5.465141612199411192e-01,5.751633986928235132e-01,7.417211328974118167e-01,8.452069716781764885e-01,7.183006535947645821e-01
6.830065359474705999e-02,1.595860566446705986e-01,2.269063180826441650e-01,3.126361655771882631e-01,3.412854030497647351e-01,3.376906318080588054e-01,4.154684095857764103e-01,3.953159041393646822e-01,3.403050108930470441e-01,4.088235294116470686e-01,4.470588235292941581e-01,5.245098039216471442e-01
1.908496732024882458e-01,3.091503267971764113e-01,4.316993464051236407e-01,6.480392156864117625e-01,6.566448801743528518e-01,6.199346405230589108e-01,5.732026143792353645e-01,5.623093681917059605e-01,5.493464052287646560e-01,6.434640522876470259e-01,7.556644880172351808e-01,8.019607843136471459e-01
1.225490196078294347e-01,6.098039215687059977e-01,9.132352941178822903e-01,9.156862745104117352e-01,8.605392156860001140e-01,8.463235294111765006e-01,8.698529411768235464e-01,8.009803921567058005e-01,7.774509803918236983e-01,7.642156862748824553e-01,9.313725490195884360e-01,9.808823529412942221e-01
2.196078431372747164e-01,3.661764705882529780e-01,5.578431372548823264e-01,6.183823529411176523e-01,6.443627450982176708e-01,6.759803921567058005e-01,6.903186274508824605e-01,6.927696078432942217e-01,7.526960784318236231e-01,7.740196078435295224e-01,8.291666666666470675e-01,8.775735294117646967e-01
1.398692810455882674e-01,2.032679738561411487e-01,4.091503267973470859e-01,6.738562091499353812e-01,7.379084967308822129e-01,7.875816993461765003e-01,8.137254901954705799e-01,8.470588235286472534e-01,8.679738562094118093e-01,7.718954248359409798e-01,6.882352941175764460e-01,6.565359477122941767e-01
1.137254901959705994e-01,2.009803921568558971e-01,2.450980392155647225e-01,3.611111111106882765e-01,3.702614379081529683e-01,3.748366013068087921e-01,5.068627450977647442e-01,4.215686274509941045e-01,5.225490196074704663e-01,5.490196078430470417e-01,5.183006535947823901e-01,5.343137254901764166e-01
2.283088235293941060e-01,3.285539215685882586e-01,4.767156862743529011e-01,5.981617647060000209e-01,5.867647058824116968e-01,6.269607843137059433e-01,6.264705882352353816e-01,6.191176470588822811e-01,5.899509803921766382e-01,5.389705882353530431e-01,5.779411764703705767e-01,7.172794117647059986e-01
1.605169340461765071e-01,2.799465240639764652e-01,4.152406417111175752e-01,4.933155080215293475e-01,5.614081996436470767e-01,5.835115864527057328e-01,5.430481283422943228e-01,5.255793226381175742e-01,5.196078431373528650e-01,5.348484848485882681e-01,5.823529411765883124e-01,7.065062388593530418e-01
4.091036414565294432e-01,6.281512605047058218e-01,7.231092436978234783e-01,8.322128851542941463e-01,8.417366946782351977e-01,7.135854341738234741e-01,7.128851540619411953e-01,7.556022408968824378e-01,8.026610644258823646e-01,8.460784313727648387e-01,8.705882352945294445e-01,7.847338935577060637e-01
4.215686274510000442e-01,6.926470588232822578e-01,7.769607843141411729e-01,8.741830065365293612e-01,7.833333333334765447e-01,8.238562091506351770e-01,9.104575163405763671e-01,9.589869281035295900e-01,9.045751633993529550e-01,8.294117647055646581e-01,7.398692810465236080e-01,7.491830065361410051e-01
2.746187363832940931e-01,6.303921568629412553e-01,7.859477124185292318e-01,8.631808278871764273e-01,9.503267973842350891e-01,8.875816993462942728e-01,8.464052287579411082e-01,8.368191721135294081e-01,8.753812636161766303e-01,8.763616557736471080e-01,8.396514161217647487e-01,9.194989106753528318e-01
1.643137254901352873e-01,2.588235294118235719e-01,3.066666666666471031e-01,3.021568627451176603e-01,3.286274509803117638e-01,3.364705882353529742e-01,3.333333333332941795e-01,2.558823529409823272e-01,2.219607843137647307e-01,2.362745098039588099e-01,2.958823529411940823e-01,3.411764705882940896e-01
9.568627450981001537e-02,2.560784313725664729e-01,2.413725490195882672e-01,3.064705882352529720e-01,2.827450980391353341e-01,2.376470588235529702e-01,2.845098039215294139e-01,3.001960784312940889e-01,3.296078431372353457e-01,3.854901960785294679e-01,3.405882352940587943e-01,3.376470588235293557e-01
2.449019607843705426e-01,3.201960784312530284e-01,4.837254901961176579e-01,5.674509803920765316e-01,6.178431372547059652e-01,7.719607843140000591e-01,7.450980392155293064e-01,7.623529411762939301e-01,6.615686274512353471e-01,5.296078431374706685e-01,5.807843137255295218e-01,6.168627450979411453e-01
1.295149638804117716e-02,2.167182662540411558e-02,8.436532507737058706e-02,2.837461300307764778e-01,5.825593395254705653e-01,6.842105263158234640e-01,7.052115583075293515e-01,7.009803921569410790e-01,6.374097007223530342e-01,6.030443756450587500e-01,5.657378740968236341e-01,6.269349845201177551e-01
4.117647058825293915e-02,1.807189542484676781e-01,3.656862745099411782e-01,5.839869281045881877e-01,8.779411764709412758e-01,9.511437908488824533e-01,9.080065359472940800e-01,8.846405228760588768e-01,9.441176470585295188e-01,8.052287581697645802e-01,6.903594771237646643e-01,8.821895424842940425e-01
6.715686274520470123e-02,1.609477124184294505e-01,2.717320261438341267e-01,3.616013071895529118e-01,5.403594771240588512e-01,6.589869281046469851e-01,6.375816993466472127e-01,6.313725490200470247e-01,6.155228758170001591e-01,5.998366013072942149e-01,5.374183006536470408e-01,5.529411764704705856e-01
