0.000000000000000000e+00,5.595679012346110870e-01,9.636831275712778311e-01,1.120987654320555471e+00,1.153292181068833244e+00,1.155041152263000193e+00,1.046090534978944442e+00,0.000000000000000000e+00,0.000000000000000000e+00,0.000000000000000000e+00,6.815843621396666663e-01,1.089403292179444094e+00
0.000000000000000000e+00,4.136188271606109357e-01,8.015432098766666069e-01,9.638888888892778173e-01,1.048804012345777581e+00,9.689814814822219624e-01,8.689814814813889843e-01,0.000000000000000000e+00,0.000000000000000000e+00,0.000000000000000000e+00,6.320601851851666009e-01,9.665509259263890263e-01
5.110185185183888645e-01,5.270370370370000002e-01,6.251851851852222586e-01,7.455555555555555269e-01,7.944444444447777975e-01,8.010185185186666779e-01,8.022222222219999033e-01,7.407407407405556254e-01,6.990740740740001291e-01,7.010185185186110779e-01,7.897222222222778365e-01,9.761111111117224404e-01
4.447089947087778938e-01,4.202380952379444756e-01,5.324074074075556551e-01,6.063492063492222917e-01,6.653439153441111920e-01,6.244708994709999850e-01,6.129629629631110355e-01,6.063492063490000250e-01,5.768518518520555638e-01,6.707671957673334573e-01,7.887566137570000135e-01,8.308201058198332323e-01
3.503086419751499370e-01,4.540123456790109979e-01,6.237654320987110479e-01,7.077160493823889675e-01,9.537037037029443276e-01,1.020061728394222156e+00,9.515432098758888069e-01,9.743827160480889038e-01,1.056481481480610940e+00,1.159259259259277863e+00,1.158333333333110948e+00,1.135493827161277780e+00
2.866898148147777325e-01,4.157407407407777145e-01,5.527777777777778123e-01,7.682870370369998536e-01,9.574074074073887219e-01,9.728009259261666264e-01,8.501157407405001143e-01,7.819444444442222864e-01,8.693287037038334164e-01,1.047106481482222406e+00,1.175115740740221959e+00,1.175925925926111226e+00
8.541666666666278274e-02,1.699074074073333440e-01,3.013888888888888729e-01,4.513888888889445727e-01,4.976851851851666897e-01,5.162037037036666387e-01,4.525462962963149871e-01,4.769675925926110671e-01,5.368055555555554248e-01,6.508101851850555120e-01,7.518518518521667415e-01,6.711805555557778247e-01
2.277777777777388879e-01,3.508101851852221675e-01,4.381944444444999531e-01,4.502314814813332955e-01,4.634259259259445041e-01,4.672453703703888239e-01,4.692129629629999688e-01,3.554398148148722458e-01,3.568287037036667053e-01,3.843749999999999667e-01,5.303240740741833603e-01,6.170138888888333506e-01
0.000000000000000000e+00,1.499074074073927787e-01,3.587962962962777946e-01,5.036111111111667427e-01,6.277777777777777679e-01,6.719444444443332110e-01,5.713888888886667905e-01,5.264814814815554911e-01,4.880555555555722291e-01,4.296296296297221762e-01,4.279629629629998488e-01,4.292592592591111256e-01
0.000000000000000000e+00,4.775132275129444909e-02,1.551587301586722090e-01,3.041005291003500144e-01,3.369047619047832454e-01,3.164021164020778265e-01,2.379629629628944587e-01,0.000000000000000000e+00,0.000000000000000000e+00,0.000000000000000000e+00,0.000000000000000000e+00,8.809523809521666027e-02
4.211805555555000469e-01,5.998842592592221745e-01,6.918981481483887919e-01,7.289351851850000008e-01,7.328703703701666683e-01,7.148148148148888437e-01,6.743055555556111136e-01,7.182870370372776980e-01,8.021990740742778181e-01,8.622685185186109713e-01,9.624999999993890665e-01,1.001157407407444744e+00
2.349999999999611011e-01,4.518518518517594673e-01,5.805555555555554914e-01,6.979629629634443999e-01,7.677777777777222701e-01,7.925925925928333227e-01,7.250000000000556000e-01,6.707407407404444299e-01,7.762962962965557212e-01,9.953703703702222461e-01,1.109629629629444558e+00,1.053333333332944433e+00
7.354497354487223026e-02,1.917989417987333300e-01,3.439153439151666491e-01,4.091269841268332930e-01,4.458994708993667122e-01,4.064814814813889066e-01,2.924603174601666522e-01,1.138888888888583417e-01,9.880952380936666724e-02,1.055555555554388986e-01,3.871693121691167083e-01,5.239417989417778365e-01
6.305555555553335467e-02,1.674074074074444196e-01,2.120370370369999979e-01,2.396296296294833372e-01,2.951851851851111097e-01,3.199999999999610933e-01,3.483333333332777615e-01,3.795370370370722557e-01,3.753703703704278083e-01,4.185185185184999712e-01,4.740740740740722048e-01,5.228703703707054951e-01
2.143518518519055560e-01,4.527777777777778900e-01,5.704629629628887866e-01,6.800000000002780487e-01,6.399074074072779172e-01,6.349074074073887131e-01,5.945370370368888713e-01,5.630555555554999092e-01,5.359259259259444574e-01,5.643518518517223193e-01,6.939814814814999622e-01,7.921296296296665984e-01
1.119212962963166830e-01,2.254629629628683296e-01,2.878472222222611676e-01,3.342592592592943945e-01,3.512731481481667362e-01,3.986111111111499961e-01,3.734953703704461114e-01,3.668981481481666251e-01,3.401620370370555535e-01,3.456018518518889082e-01,5.015046296295389006e-01,5.093749999998888889e-01
1.194444444444072162e-01,4.115740740741110626e-01,6.337962962962778724e-01,6.439814814816666733e-01,6.740740740744833870e-01,5.657407407407223365e-01,4.476851851850722208e-01,4.824074074071832974e-01,4.245370370371666091e-01,4.749999999998889000e-01,6.629629629630946486e-01,8.620370370370554758e-01
1.601851851851111008e-01,3.746913580247333009e-01,4.947530864197056122e-01,4.731481481481999984e-01,6.108024691352222924e-01,5.120370370368165780e-01,4.685185185186055978e-01,4.154320987654277486e-01,2.799382716048889330e-01,2.996913580245499920e-01,4.629629629629998799e-01,6.027777777770166878e-01
5.078703703703888461e-01,6.513888888888889062e-01,6.297222222221665611e-01,4.937037037036666742e-01,5.982407407406666877e-01,6.232407407407778432e-01,6.177777777778333812e-01,5.825000000001666622e-01,4.475000000000555200e-01,4.114814814813889665e-01,6.222222222222222321e-01,6.573148148147223147e-01
2.625514403290278853e-01,4.036008230451111345e-01,5.163580246913332950e-01,5.360082304527220565e-01,5.018518518518333416e-01,5.098765432099443551e-01,5.275720164609444263e-01,4.731481481481667473e-01,4.080246913578888246e-01,3.826131687241111634e-01,3.944444444442222197e-01,3.932098765430555032e-01
2.106481481481444484e-01,3.109953703704444461e-01,2.984953703703888128e-01,4.008101851852777786e-01,5.569444444444445752e-01,5.298611111110554939e-01,5.006944444442777975e-01,3.780092592591850487e-01,3.490740740741111181e-01,3.357638888888333506e-01,4.690972222221111987e-01,5.089120370371833513e-01
9.594907407411110145e-02,1.804398148148333159e-01,3.072916666667611096e-01,3.783564814815555399e-01,4.292824074073889329e-01,4.728009259259054464e-01,4.649305555555554581e-01,3.954861111109444494e-01,3.119212962963666680e-01,2.538194444444278330e-01,3.320601851851111008e-01,4.390046296296999939e-01
3.559027777777222790e-01,5.187500000000555556e-01,7.045138888888887729e-01,7.842592592593332634e-01,7.339120370371110536e-01,7.128472222222778099e-01,6.358796296296110873e-01,5.906249999999445555e-01,5.704861111111111382e-01,4.675925925927221227e-01,5.130787037039444831e-01,5.263888888888500484e-01
1.960648148148722292e-01,3.097222222221277521e-01,3.796296296296110540e-01,4.538194444443333087e-01,5.053240740740555514e-01,4.953703703703887795e-01,4.740740740741110626e-01,4.513888888888334394e-01,4.461805555555000136e-01,4.568287037037222498e-01,4.430555555555555913e-01,3.825231481480554363e-01
2.414983164982221764e-01,3.218013468011276523e-01,4.210437710435555037e-01,4.810606060605555068e-01,5.319023569022777176e-01,4.738215488215555826e-01,4.215488215488333856e-01,4.276094276092777813e-01,4.702020202020000261e-01,5.868686868688333114e-01,7.570707070708888597e-01,7.978114478115000407e-01
1.889601139599944302e-01,2.381766381765388907e-01,2.794159544158277275e-01,3.455128205127666052e-01,3.815527065526666539e-01,3.871082621082361230e-01,3.433048433048777048e-01,3.150997150995500373e-01,2.814814814813444421e-01,3.188746438745555523e-01,3.822649572648333383e-01,4.344017094017777469e-01
3.013888888888166528e-01,4.122222222222777233e-01,6.276851851851666941e-01,7.463888888890555240e-01,7.796296296294442651e-01,6.804629629629443954e-01,5.883333333333333748e-01,5.279629629629445375e-01,5.526851851852222497e-01,6.052777777778333146e-01,7.017592592592776235e-01,8.243518518518332394e-01
3.177248677246389263e-01,3.666666666666110741e-01,4.584656084654444852e-01,5.317460317461111252e-01,5.433862433863888564e-01,5.440476190476666307e-01,5.146825396825556176e-01,4.317460317460221630e-01,4.612433862434944798e-01,4.644179894181445500e-01,5.691798941800000344e-01,7.042328042331668092e-01
1.768518518518277793e-01,3.258101851852056585e-01,4.490740740740000181e-01,5.907407407407221367e-01,6.353009259260000707e-01,6.462962962964444724e-01,5.047453703703334016e-01,5.552083333333331927e-01,5.119212962962778057e-01,5.446759259259833508e-01,6.690972222221667209e-01,6.545138888889999729e-01
0.000000000000000000e+00,3.086419753083333509e-03,5.185185185182222128e-02,1.280864197529444359e-01,1.472222222221111210e-01,1.478395061727777737e-01,1.256172839505611261e-01,1.120370370369222074e-01,1.148148148147888764e-01,1.148148148146833220e-01,9.722222222215555487e-02,7.469135802465000362e-02
1.939153439151555525e-01,2.395502645501110806e-01,3.730158730156499236e-01,5.256613756614999522e-01,6.060846560843332620e-01,5.873015873014998389e-01,5.470899470899445172e-01,5.402116402118890548e-01,6.726190476191111767e-01,7.978835978840554954e-01,8.391534391532776693e-01,7.965608465612777911e-01
1.949999999999611489e-01,4.266666666665944185e-01,6.359259259258889241e-01,8.066666666675000874e-01,8.424074074068890194e-01,8.951851851849443875e-01,9.187037037046111854e-01,1.004814814813685064e+00,1.068888888888888555e+00,1.102962962963183413e+00,1.144444444445000153e+00,1.007592592592611247e+00
2.120370370370555646e-01,4.018518518519444416e-01,6.122685185182776824e-01,6.539351851853888453e-01,7.469907407407778699e-01,7.865740740738332848e-01,7.196759259260000485e-01,6.796296296297776873e-01,5.187499999999833911e-01,4.557870370370556423e-01,5.326388888891667728e-01,5.854166666666666963e-01
3.291005291005277278e-01,6.411375661376667034e-01,8.578042328043332665e-01,8.776455026453889863e-01,1.014947089947222159e+00,9.924603174603888744e-01,9.071428571431111587e-01,8.182539682538332304e-01,6.902116402120557215e-01,7.231481481486110585e-01,8.494708994717221628e-01,7.873015873018889277e-01
3.848379629629999354e-01,8.506944444448334419e-01,9.680555555558889580e-01,9.331018518517777416e-01,8.675925925927778781e-01,8.140046296292777761e-01,8.340277777783334789e-01,7.145833333335555038e-01,6.083333333333335036e-01,4.483796296296110317e-01,4.168981481482389451e-01,5.218749999999445777e-01
2.194444444444277886e-01,5.835648148148165903e-01,8.300925925924445004e-01,9.203703703706112016e-01,9.395833333326112369e-01,8.004629629628889909e-01,7.319444444442222419e-01,7.046296296298332207e-01,5.967592592591278722e-01,4.173611111111110716e-01,4.212962962962776836e-01,5.627314814818722422e-01
2.178571428570000024e-01,4.287037037036666165e-01,5.502645502648332299e-01,5.626984126980555390e-01,5.781746031745443881e-01,5.374338624338332870e-01,5.417989417991111445e-01,5.509259259258889596e-01,4.420634920633332854e-01,4.080687830688056184e-01,4.485449735447832875e-01,4.075396825395556366e-01
3.108465608463888835e-02,7.433862433856111562e-02,1.085978835977722406e-01,1.287037037035916875e-01,1.293650793649222530e-01,9.735449735439999364e-02,7.433862433858334784e-02,8.108465608455556195e-02,1.034391534390555617e-01,8.399470899468336471e-02,1.051587301586666690e-01,9.087301587294444039e-02
1.234567901236055670e-01,2.274691358026778021e-01,4.145061728394999756e-01,6.158950617284444373e-01,7.983024691361665370e-01,7.864197530867778063e-01,6.910493827166112046e-01,5.745370370373888980e-01,5.182098765432221477e-01,6.162037037037778608e-01,8.276234567906113337e-01,8.742283950621111410e-01
5.296296296296112288e-02,1.616666666667016805e-01,2.868518518517834126e-01,5.449999999997389155e-01,8.559259259258888974e-01,7.859259259258333241e-01,6.975925925928333493e-01,6.062962962960555258e-01,4.820370370368333157e-01,6.229629629627777554e-01,8.751851851849277164e-01,9.366666666670554475e-01
3.240740740740555292e-02,6.643518518516498828e-02,2.437499999999444555e-01,3.548611111111110716e-01,4.518518518520555083e-01,4.784722222220388899e-01,4.391203703703721595e-01,2.793981481482072926e-01,2.793981481479222428e-01,1.895833333333888926e-01,1.995370370370388724e-01,2.062499999999999611e-01
1.323495370371111091e-01,3.105324074073332885e-01,5.491319444444443532e-01,6.803240740740554848e-01,7.101851851852222230e-01,6.896412037037223941e-01,6.648148148147776659e-01,6.526620370371110091e-01,6.196180555555553804e-01,7.392939814815000510e-01,8.832175925926667448e-01,9.173032407406664923e-01
4.328703703705555350e-02,1.648148148147610959e-01,4.460648148148500525e-01,7.583333333335555704e-01,7.719907407405555144e-01,6.831018518517610882e-01,5.745370370367761659e-01,1.388888888889444270e-03,0.000000000000000000e+00,0.000000000000000000e+00,3.995370370370555091e-01,6.418981481481111917e-01
1.565972222222388743e-01,2.583333333332944459e-01,4.056712962963333613e-01,4.703703703703333572e-01,4.018518518518333638e-01,3.511574074074444440e-01,3.591435185185555268e-01,3.620370370370555313e-01,3.237268518517777971e-01,4.539351851851666786e-01,6.511574074074445440e-01,6.216435185184446821e-01
3.141975308642221965e-01,4.787037037036667164e-01,5.827160493821667009e-01,5.287037037033444076e-01,5.830246913576278001e-01,5.703703703696665350e-01,5.916666666664611718e-01,4.679012345677777684e-01,4.685185185184555512e-01,4.530864197530000137e-01,6.339506172835555065e-01,7.669753086419442978e-01
2.460648148148499859e-01,5.030092592590721390e-01,6.960648148148887993e-01,6.821759259257611507e-01,6.976851851851111341e-01,7.206018518516665861e-01,7.668981481480000584e-01,7.722222222220556098e-01,6.930555555555555358e-01,6.689814814814999400e-01,9.085648148140553770e-01,8.483796296296666206e-01
3.033950617281555018e-01,4.946502057612777725e-01,6.344650205765000051e-01,6.890946502057223588e-01,6.646090534981667908e-01,6.294238683128888789e-01,5.984567901231666598e-01,6.738683127573333875e-01,5.980452674897223098e-01,4.468106995883333044e-01,5.488683127570554987e-01,5.916666666665000296e-01
2.813786008228778002e-01,3.257201646089055158e-01,4.706790123456668362e-01,5.314814814814444732e-01,5.927983539094999754e-01,6.367283950617775856e-01,6.375514403294445520e-01,5.918724279831667490e-01,5.627572016461667159e-01,7.372427983541111063e-01,8.216049382718333405e-01,8.209876543211666045e-01
3.396296296295595041e-01,4.705555555555556158e-01,5.649999999999999467e-01,6.207407407405555189e-01,6.459259259258334218e-01,6.209259259258889108e-01,6.425925925926111448e-01,5.277777777777776791e-01,5.314814814816668509e-01,6.831481481481667117e-01,8.377777777776110879e-01,8.031481481480001738e-01
2.672839506171555413e-01,4.188271604938333392e-01,4.625000000000556444e-01,5.705246913581112356e-01,6.388888888889998618e-01,5.674382716052611686e-01,5.598765432099443995e-01,5.817901234569443636e-01,5.154320987653333574e-01,5.158950617284667750e-01,5.882716049384444368e-01,5.993827160492000150e-01
2.418803418801055427e-01,4.423789173787222029e-01,6.131054131053332856e-01,6.963675213673889974e-01,6.700854700855000123e-01,6.475783475784999688e-01,6.072649572646110494e-01,6.240740740738888181e-01,6.473646723647777934e-01,6.383190883191445231e-01,6.608974358974166741e-01,5.775641025641665705e-01
3.335978835979055979e-01,4.648148148147778214e-01,5.574074074073888108e-01,6.500000000003889333e-01,6.391534391535554915e-01,6.824074074078333441e-01,6.051587301588887691e-01,5.071428571427222254e-01,3.859788359788889345e-01,3.406084656082777884e-01,4.641534391534443693e-01,5.293650793657220799e-01
4.045138888889610596e-01,5.672453703703888017e-01,6.449074074077221219e-01,6.831018518518332527e-01,7.951388888886110617e-01,8.452546296303887763e-01,8.248842592595001522e-01,7.914351851844443342e-01,6.710648148148333769e-01,6.446759259257223151e-01,8.415509259258888708e-01,8.417824074071110774e-01
6.731481481477611384e-01,9.044444444440554731e-01,1.046666666667000145e+00,9.772222222221110810e-01,1.094444444444444553e+00,1.151851851852222275e+00,1.096666666666611167e+00,8.759259259260554487e-01,5.427777777775556478e-01,5.200000000000000178e-01,6.733333333328890280e-01,6.738888888890720574e-01
2.383597883597500244e-01,4.338624338625000076e-01,5.518518518518888971e-01,5.828042328042778442e-01,7.809523809530000138e-01,7.809523809521666804e-01,7.567460317462221253e-01,7.038359788362887892e-01,4.960317460317777982e-01,5.226190476191110434e-01,6.537037037036110831e-01,6.685185185187223489e-01
3.932870370371667201e-01,5.145833333334999260e-01,5.212962962963333391e-01,5.141203703703889349e-01,5.005787037036666387e-01,5.209490740740556625e-01,5.268518518518888749e-01,5.128472222222222321e-01,4.613425925926110671e-01,4.665509259257778485e-01,4.886574074074444551e-01,4.805555555555554581e-01
1.212962962961694480e-01,4.507936507936666781e-01,7.166666666671112074e-01,7.744708994711665406e-01,8.923280423277221152e-01,8.002645502646666964e-01,7.160052910054445219e-01,6.583333333334444593e-01,7.341269841269446594e-01,7.406084656084443996e-01,8.481481481480001028e-01,8.164021164022222665e-01
2.066358024690944373e-01,2.530864197530055537e-01,3.800925925925555671e-01,4.248456790123944504e-01,3.979938271605000244e-01,4.337962962963888280e-01,4.192901234566110968e-01,5.078703703704445793e-01,5.763888888889998618e-01,6.774691358023888776e-01,7.672839506177221436e-01,8.569444444442777531e-01
1.782407407406666477e-01,2.596064814814277866e-01,3.371527777777221790e-01,3.790509259259999819e-01,4.039351851851498698e-01,4.603009259260555930e-01,4.993055555555555025e-01,4.678240740741667070e-01,4.979166666666110519e-01,6.909722222221109655e-01,7.890046296296111539e-01,8.231481481486666585e-01
1.784391534389333234e-01,3.632275132275388230e-01,5.458994708994443501e-01,6.564814814816110067e-01,7.506613756613886856e-01,7.739417989421110144e-01,7.186507936514443529e-01,6.796296296297221762e-01,6.205026455027222720e-01,6.041005291006110722e-01,6.686507936507777305e-01,6.399470899470556251e-01
4.259259259261111152e-02,5.671296296294444511e-02,1.363425925925777493e-01,2.724537037037777498e-01,3.550925925923499871e-01,4.233796296296277184e-01,3.967592592592388834e-01,3.493055555555000247e-01,3.108796296296667538e-01,2.557870370370389224e-01,2.594907407406833455e-01,2.993055555557778691e-01
1.787037037037889076e-01,1.777777777779544210e-01,2.015432098766000157e-01,3.313271604937777504e-01,4.009259259259388974e-01,4.276234567901222028e-01,3.918209876542777526e-01,3.404320987653721708e-01,2.850308641975500268e-01,3.305555555554722247e-01,3.895061728394166312e-01,3.538580246914111438e-01
0.000000000000000000e+00,0.000000000000000000e+00,0.000000000000000000e+00,0.000000000000000000e+00,0.000000000000000000e+00,0.000000000000000000e+00,0.000000000000000000e+00,0.000000000000000000e+00,0.000000000000000000e+00,0.000000000000000000e+00,0.000000000000000000e+00,0.000000000000000000e+00
3.677248677248388109e-01,5.727513227513333360e-01,6.817460317460555252e-01,7.568783068783333512e-01,8.338624338623890075e-01,8.411375661376667701e-01,8.900793650791667400e-01,9.279100529100000605e-01,8.906084656083889106e-01,1.006613756614333166e+00,1.058597883597111045e+00,1.092460317460722585e+00
3.068287037037388809e-01,3.990740740741111070e-01,5.179398148148333103e-01,6.276620370372221203e-01,7.090277777779445678e-01,6.196759259257778041e-01,5.320601851853332676e-01,5.868055555558333580e-01,7.121527777777222346e-01,7.636574074067777884e-01,8.195601851847776897e-01,9.045138888888332174e-01
0.000000000000000000e+00,1.364197530862611141e-01,3.583333333332776593e-01,5.086419753084444606e-01,6.206790123457555097e-01,4.882716049382777590e-01,4.774691358024443777e-01,2.370370370369944413e-01,3.086419753083332967e-04,0.000000000000000000e+00,0.000000000000000000e+00,0.000000000000000000e+00
2.193415637859111034e-01,3.494855967076666570e-01,4.418724279834445046e-01,4.934156378601667892e-01,4.762345679011110722e-01,3.968106995883333710e-01,4.019547325102222901e-01,4.691358024690611139e-01,4.551440329217777414e-01,4.665637860078832855e-01,6.492798353909443598e-01,7.532921810697777998e-01
3.651234567900555339e-01,5.990740740741109516e-01,7.699588477362777628e-01,7.898148148143333547e-01,7.699588477366666739e-01,8.800411522633333483e-01,8.938271604940000170e-01,9.104938271598889132e-01,9.612139917694444424e-01,1.016460905349444666e+00,1.085802469134944603e+00,1.028189300410722096e+00
1.862268518517816718e-01,4.103009259258889041e-01,5.696759259258333818e-01,6.571759259261111819e-01,7.793981481483333029e-01,7.442129629627778353e-01,7.387731481481111251e-01,7.807870370372221869e-01,8.706018518522220528e-01,9.583333333324444148e-01,9.273148148145556879e-01,9.592592592588887745e-01
0.000000000000000000e+00,2.670781893001666352e-01,6.239711934157776696e-01,7.573045267487221732e-01,7.870370370373334090e-01,6.490740740743888848e-01,4.402263374485556602e-01,8.230452674888887911e-04,0.000000000000000000e+00,0.000000000000000000e+00,0.000000000000000000e+00,2.549382716047999820e-01
2.268518518516666853e-03,2.962962962965000249e-03,5.740740740740555952e-03,1.009259259259610852e-02,1.231481481481111126e-02,1.398148148148333457e-02,1.513888888889444381e-02,7.175925925922223107e-03,6.527777777777777311e-03,1.592592592592222134e-02,2.212962962964444558e-02,2.250000000000555722e-02
7.627314814815165656e-02,1.950231481481666806e-01,3.453703703704444350e-01,4.924768518518333194e-01,5.425925925924999227e-01,5.306712962961499525e-01,5.013888888887776396e-01,4.342592592592778300e-01,4.111111111111276917e-01,3.785879629629443910e-01,4.380787037036666387e-01,3.482638888888888173e-01
3.087962962962611524e-01,7.342592592596668410e-01,1.043981481481277784e+00,1.129629629629833376e+00,1.071759259259277952e+00,8.981481481477777695e-01,7.555555555557221803e-01,0.000000000000000000e+00,0.000000000000000000e+00,0.000000000000000000e+00,5.763888888892777784e-02,1.319444444446500053e-01
1.351139601139666746e-01,2.411680911678977801e-01,3.269943019940555473e-01,4.485754985755499580e-01,5.606125356128888182e-01,4.992165242165000905e-01,4.881766381766666218e-01,4.335470085470556345e-01,4.235042735042222617e-01,5.061965811964443951e-01,5.793447293449444091e-01,6.225783475785000576e-01
5.156695156697555654e-02,1.006410256409583232e-01,2.389601139600611157e-01,4.183048433047222292e-01,5.391025641027221704e-01,5.436609686609999992e-01,4.797720797721667929e-01,3.901709401707778024e-01,4.084045584043888288e-01,4.995014245014445797e-01,6.334757834760557094e-01,7.573361823365000189e-01
3.647376543209444599e-01,5.763117283950556224e-01,8.793209876541110415e-01,1.112808641974389001e+00,1.175231481482055695e+00,1.223688271604444378e+00,1.112499999998999956e+00,1.071990740741555426e+00,1.253395061727778037e+00,1.357561728395555445e+00,1.409413580247222519e+00,1.388194444445555620e+00
1.915123456790166767e-01,4.041666666666111629e-01,6.228395061728332349e-01,7.686728395065554054e-01,8.542438271601109356e-01,8.111882716050554665e-01,7.873456790124443438e-01,6.852623456788889955e-01,6.787808641975554558e-01,6.893518518516668081e-01,7.242283950617222077e-01,7.236111111112777383e-01
1.140740740741333359e-01,2.161111111110183558e-01,3.425925925926278093e-01,4.137037037038888698e-01,4.672222222220944188e-01,4.524074074073889395e-01,4.275925925925738724e-01,3.618518518517778726e-01,3.748148148147610881e-01,5.059259259258888086e-01,6.738888888890554041e-01,9.777777777771663459e-01
1.087962962962911034e-01,3.373456790123889326e-01,5.337962962963332947e-01,7.063271604934999726e-01,7.694444444449444198e-01,8.211419753083333273e-01,7.922839506172777435e-01,8.115740740737776848e-01,9.401234567909444451e-01,1.035339506172833657e+00,9.875000000008332668e-01,9.780864197536109916e-01
0.000000000000000000e+00,2.708333333335555607e-02,1.575231481480722229e-01,2.854166666665722829e-01,5.420138888888889062e-01,3.506944444444611286e-01,3.085648148148333325e-01,2.856481481481277784e-01,3.009259259259277619e-01,2.961805555556276670e-01,4.046296296296276740e-01,3.946759259259055574e-01
0.000000000000000000e+00,3.611111111111111466e-02,1.456018518518333305e-01,1.840277777778111246e-01,2.365740740740166492e-01,2.136574074074999718e-01,1.930555555554611114e-01,0.000000000000000000e+00,0.000000000000000000e+00,0.000000000000000000e+00,0.000000000000000000e+00,3.773148148146111130e-02
0.000000000000000000e+00,3.461640211640555354e-01,7.260582010583888080e-01,8.288359788360000202e-01,8.130952380957112702e-01,8.551587301590721779e-01,8.067460317464001385e-01,0.000000000000000000e+00,0.000000000000000000e+00,0.000000000000000000e+00,0.000000000000000000e+00,4.256613756616667299e-01
2.522643097641277810e-01,3.362037037036666454e-01,4.279377104375555740e-01,4.790993265993332972e-01,4.820707070706277686e-01,4.694360269360000615e-01,4.129882154882221768e-01,4.984343434342222712e-01,4.512626262627222884e-01,4.843518518520000815e-01,5.225673400673332969e-01,5.414478114478887827e-01
2.262345679011333599e-01,4.416666666665001184e-01,4.617283950615223009e-01,6.657407407403332922e-01,8.694444444442778197e-01,7.941358024687779071e-01,7.496913580244444208e-01,6.561728395063222141e-01,7.188271604930556169e-01,9.040123456782779288e-01,9.478395061718889458e-01,1.111111111111388716e+00
1.512345679010555499e-01,3.324074074072445040e-01,4.402263374486666270e-01,5.918724279831667490e-01,7.190329218106666920e-01,6.764403292181112581e-01,6.416666666668332519e-01,6.070987654318888982e-01,7.221193415638889057e-01,9.720164609046110238e-01,1.094238683126611100e+00,1.133539094647166623e+00
1.685185185185233414e-01,4.947530864199445322e-01,8.418981481478887696e-01,1.002700617283555751e+00,1.033487654321611160e+00,1.013580246912888727e+00,9.169753086421111865e-01,8.906635802470554975e-01,8.912037037028333053e-01,9.942901234565556523e-01,1.010725308641777787e+00,1.011033950616833321e+00
2.436868686867722511e-01,6.221380471383333166e-01,7.443602693603333931e-01,8.902356902359443991e-01,9.678451178456108916e-01,9.449494949502224017e-01,9.478956228962776009e-01,9.212962962975557168e-01,8.989057239061111204e-01,9.728114478126109743e-01,1.031565656566666656e+00,1.028619528620722257e+00
1.314814814813666799e-01,1.767195767195972045e-01,1.685185185184722156e-01,2.374338624338000192e-01,1.804232804231389042e-01,1.566137566136555359e-01,1.354497354495888817e-01,6.878306878325000234e-03,3.439153439149999700e-03,9.259259259277777786e-04,1.415343915341666682e-02,1.149470899470388940e-01
2.109788359788222212e-01,3.255291005289110973e-01,3.863756613756444414e-01,4.125661375659444019e-01,4.449735449735111037e-01,4.220899470898887840e-01,4.617724867726111238e-01,5.265873015871666007e-01,4.029100529098888495e-01,5.157407407407776923e-01,6.829365079367777369e-01,6.417989417989444778e-01
4.255144032919999098e-01,4.802469135800555566e-01,5.559670781892777081e-01,5.634773662551110229e-01,6.284979423871666082e-01,6.613168724279445687e-01,6.588477366255001133e-01,6.643004115227223449e-01,8.705761316873332767e-01,9.330246913583333246e-01,1.013888888887833239e+00,1.012551440328722130e+00
3.240740740738888570e-02,5.370370370373889202e-02,2.416666666665555352e-01,5.592592592592611211e-01,6.037037037038166520e-01,6.888888888888500261e-01,6.203703703707389439e-01,3.240740740740388759e-01,2.333333333333722226e-01,2.731481481482055385e-01,5.074074074074443885e-01,4.601851851847778008e-01
4.050000000000721911e-01,7.044444444443889175e-01,8.888888888886666839e-01,9.696296296296667006e-01,1.026481481481333446e+00,1.061666666666333025e+00,9.703703703699443350e-01,8.953703703702223793e-01,8.288888888892778084e-01,9.096296296297220474e-01,9.522222222226111032e-01,9.074074074075555441e-01
4.579861111111667160e-01,7.789351851852222008e-01,8.886574074077221441e-01,9.217592592588891298e-01,9.300925925936111005e-01,9.151620370367778978e-01,9.261574074075556995e-01,9.127314814811666732e-01,8.388888888886667505e-01,7.532407407405554700e-01,8.152777777777777679e-01,8.312500000000555556e-01
2.929894179892527095e-01,5.925925925924999671e-01,7.420634920637777521e-01,8.633597883596110245e-01,9.046296296299443096e-01,7.801587301587776802e-01,7.473544973551110582e-01,6.718253968253889985e-01,6.126984126986110279e-01,5.706349206349611292e-01,5.945767195768332236e-01,6.379629629628889020e-01
3.578189300410555274e-01,6.313786008231666580e-01,8.101851851856110009e-01,9.177983539091665310e-01,8.986625514397221792e-01,8.163580246903888726e-01,7.721193415635555501e-01,7.508230452674445887e-01,6.475308641977222113e-01,5.901234567902222672e-01,5.602880658437221495e-01,5.510288065844445304e-01
3.347222222221111765e-01,5.743827160493890638e-01,5.662037037038333276e-01,7.712962962963889613e-01,9.424382716051111775e-01,7.680555555554443581e-01,7.373456790124444105e-01,6.279320987654999353e-01,5.574074074075777707e-01,6.297839506173333879e-01,8.527777777778332569e-01,8.322530864200555767e-01
3.564814814814083466e-01,7.064814814816666733e-01,6.901234567899998673e-01,9.567901234561669854e-01,1.097839506172111124e+00,1.011728395061277652e+00,8.913580246901666726e-01,7.901234567900722316e-01,7.515432098756665846e-01,8.438271604937779280e-01,9.604938271603887801e-01,8.376543209871666340e-01
2.701388888888722750e-01,6.898148148148889325e-01,8.275462962961110946e-01,8.532407407405554478e-01,8.037037037033332165e-01,7.596064814817777844e-01,7.714120370369998980e-01,7.756944444443332198e-01,6.579861111112776939e-01,4.594907407407054500e-01,5.209490740740555514e-01,5.622685185184443935e-01
4.979629629631110443e-01,7.342592592592777079e-01,6.998148148146110525e-01,6.325000000000555733e-01,8.005555555557777314e-01,8.620370370372225644e-01,8.172222222222221832e-01,6.840740740740555159e-01,5.657407407407778477e-01,4.934259259259444197e-01,5.528703703705001304e-01,5.101851851850554009e-01
0.000000000000000000e+00,1.683501683500000096e-04,4.040404040405555681e-03,0.000000000000000000e+00,0.000000000000000000e+00,0.000000000000000000e+00,0.000000000000000000e+00,0.000000000000000000e+00,0.000000000000000000e+00,0.000000000000000000e+00,0.000000000000000000e+00,0.000000000000000000e+00
0.000000000000000000e+00,0.000000000000000000e+00,0.000000000000000000e+00,0.000000000000000000e+00,0.000000000000000000e+00,0.000000000000000000e+00,0.000000000000000000e+00,0.000000000000000000e+00,0.000000000000000000e+00,0.000000000000000000e+00,0.000000000000000000e+00,0.000000000000000000e+00
1.622839506171811497e-01,2.528395061727944371e-01,4.287654320988333323e-01,4.914814814814444377e-01,5.764814814815555355e-01,6.443209876543334325e-01,6.172839506172776991e-01,5.663580246913333394e-01,5.861111111111111382e-01,7.156172839507221051e-01,7.658024691358332747e-01,8.295679012342778158e-01
2.294238683127333700e-01,4.483539094649168222e-01,5.340534979425277662e-01,6.091563786010723014e-01,7.804526748971388761e-01,7.368312757202222230e-01,6.429012345678887241e-01,5.822016460905555801e-01,5.230452674897222431e-01,5.847736625516111175e-01,7.258230452671110555e-01,7.498971193415555625e-01
3.675925925926277760e-01,4.623456790123444127e-01,4.151234567900000116e-01,5.851851851849998454e-01,6.586419753086111273e-01,6.070987654317777649e-01,5.040123456788777601e-01,4.987654320987778833e-01,5.481481481483888585e-01,5.231481481480000362e-01,6.061728395063890051e-01,6.660493827162722313e-01
1.318663761802483514e-01,1.987037037037055753e-01,3.980936819173331864e-01,7.654429920117776787e-01,8.826688453158333392e-01,9.291285403056109837e-01,9.159803921572223784e-01,8.627668845314444557e-01,8.817138707331667602e-01,9.149600580972223618e-01,9.322004357301110211e-01,8.704538852574998931e-01
2.048611111111666716e-01,4.296296296295555872e-01,7.707175925923890336e-01,1.067245370369722002e+00,1.189699074075000196e+00,1.228009259259611241e+00,1.118634259259500219e+00,1.044328703703277794e+00,1.042476851852000230e+00,1.073611111112055427e+00,1.116435185184500023e+00,1.127199074073666818e+00
3.111111111111499739e-01,4.324074074073889218e-01,4.107407407407039357e-01,3.612962962962610880e-01,3.481481481481444873e-01,2.770370370370555668e-01,1.798148148148372427e-01,8.444444444446111420e-02,5.111111111113167405e-02,2.425925925927778157e-02,2.314814814813110841e-02,3.835185185185555068e-01
3.922839506172555724e-01,5.580246913578332801e-01,5.148148148145944569e-01,5.867283950616111188e-01,7.111111111105555826e-01,7.478395061729999904e-01,6.268518518518333416e-01,5.500000000000555556e-01,4.691358024691112405e-01,3.978395061727333371e-01,6.484567901229444375e-01,7.787037037032221720e-01
1.081790123457805480e-01,1.851851851852555630e-01,2.410493827162000224e-01,3.580246913579443468e-01,5.625000000000500711e-01,6.135802469138889048e-01,4.702160493827778343e-01,3.882716049383889145e-01,3.358024691359222658e-01,4.027777777777055146e-01,6.490740740742223513e-01,6.351851851851111341e-01
9.691358024707222296e-02,1.785493827160722080e-01,2.805555555556055181e-01,4.111111111109888583e-01,5.237654320984999057e-01,5.274691358026666332e-01,4.711419753087778828e-01,3.856481481482666451e-01,3.449074074074278129e-01,4.098765432097223327e-01,5.280864197529999693e-01,5.075617283952721381e-01
6.342592592594445411e-02,1.400462962963333335e-01,2.120370370370944502e-01,2.358796296296500339e-01,3.270833333333333370e-01,3.652777777777777568e-01,2.627314814814999955e-01,1.780092592593333356e-01,2.719907407406499944e-01,4.354166666665555407e-01,4.134259259258889485e-01,4.168981481481666140e-01
2.166666666666666741e-01,2.930555555553683300e-01,5.472222222224444321e-01,6.888888888886666173e-01,7.254629629626666576e-01,7.268518518516109417e-01,6.333333333333889259e-01,5.134259259259443819e-01,5.328703703705388595e-01,7.337962962965000058e-01,8.643518518513333415e-01,9.671296296292221095e-01
7.759259259253332985e-02,1.420370370371255297e-01,3.712962962963166635e-01,4.374074074075000040e-01,5.216666666666666119e-01,4.381481481480721807e-01,3.166666666666649865e-01,3.300000000001277467e-01,3.075925925926111248e-01,3.566666666667611119e-01,5.333333333332777038e-01,6.562962962964999925e-01
1.072222222221849985e-01,3.138888888888888840e-01,4.659259259259443953e-01,4.517592592592222234e-01,4.870370370370000757e-01,4.373148148148333636e-01,3.982407407406666766e-01,3.764814814814443911e-01,3.426851851852055764e-01,4.477777777777778301e-01,5.324074074074442997e-01,6.284259259258889729e-01
1.850308641976611268e-01,2.560185185184722934e-01,3.807098765432389009e-01,5.351851851851665565e-01,6.483024691359998704e-01,6.825617283948333114e-01,6.845679012344998426e-01,6.870370370370556534e-01,5.989197530866112729e-01,7.725308641979445889e-01,9.412037037037221943e-01,9.578703703708887351e-01
2.657407407406111588e-01,3.615079365078278650e-01,4.198412698411944644e-01,5.670634920635000409e-01,5.981481481483332807e-01,6.218253968254998654e-01,5.568783068782221513e-01,5.458994708997222389e-01,4.912698412698888739e-01,4.711640211638888354e-01,6.129629629631665466e-01,5.951058201058887498e-01
4.303240740740555403e-01,5.802083333332221926e-01,7.554398148152222658e-01,8.733796296297778872e-01,9.459490740741109960e-01,9.238425925917775894e-01,8.420138888884998174e-01,8.149305555554999803e-01,7.413194444443887976e-01,6.438657407406109812e-01,7.318287037038889720e-01,6.728009259258334041e-01
3.335185185185555734e-01,4.840740740742222603e-01,6.057407407406665278e-01,6.574074074073499308e-01,8.187037037038333853e-01,7.548148148146111014e-01,6.444444444441111974e-01,6.062962962962777924e-01,8.048148148146666570e-01,8.557407407411111722e-01,7.896296296296667627e-01,5.990740740743333292e-01
3.236111111109277738e-01,5.162037037035555054e-01,7.217592592595944989e-01,8.004629629625555909e-01,7.638888888887221951e-01,8.953703703699442684e-01,7.402777777778334345e-01,5.185185185184626455e-01,6.111111111108166183e-01,6.953703703706111128e-01,8.194444444446665754e-01,7.532407407409444922e-01
6.560846560845055853e-02,1.126984126984111184e-01,1.802248677248722286e-01,2.246693121692277528e-01,2.393518518517278038e-01,2.642857142856167019e-01,2.699735449735943815e-01,2.362433862433833409e-01,2.048941798941611436e-01,2.308201058201099776e-01,3.061507936510610706e-01,3.607142857145599901e-01
7.273662551428888845e-02,2.141975308639055831e-01,3.860082304524999341e-01,4.491769547325554779e-01,4.317901234566389190e-01,3.979423868310555390e-01,3.589506172837777509e-01,3.388888888887222062e-01,3.098765432097111416e-01,3.145061728394555889e-01,3.838477366253221779e-01,4.293209876542777859e-01
2.678240740740944204e-01,4.377314814813888511e-01,6.479166666667777186e-01,7.775462962963333169e-01,8.099537037043335053e-01,8.018518518519444083e-01,5.388888888889442619e-01,6.944444444450000161e-04,0.000000000000000000e+00,0.000000000000000000e+00,4.942129629630389043e-01,8.368055555559444914e-01
1.626543209877777951e-01,2.970679012345666670e-01,3.875000000000000666e-01,4.581790123454889119e-01,5.322530864201111545e-01,5.359567901237777265e-01,5.299382716051109776e-01,5.580246913578500445e-01,5.566358024691666628e-01,6.797839506175554769e-01,7.413580246918889394e-01,8.856481481487222807e-01
2.248148148147777747e-01,4.170370370370555246e-01,4.544444444442222730e-01,5.011111111111111738e-01,5.724074074074444463e-01,6.407407407406666700e-01,5.709259259257054575e-01,3.737037037036110565e-01,0.000000000000000000e+00,0.000000000000000000e+00,1.355555555555555680e-01,3.153703703704261452e-01
1.085185185184833340e-01,2.583333333333889259e-01,3.961111111111666472e-01,4.527777777776667012e-01,5.866666666665555363e-01,6.409259259261276265e-01,6.440740740743888804e-01,6.129629629633334131e-01,5.540740740741111336e-01,5.353703703705554595e-01,6.438888888888889550e-01,6.020370370367778001e-01
3.004629629628944865e-01,6.378086419752223568e-01,8.601851851850556008e-01,9.046296296303333317e-01,8.297839506170556767e-01,8.615740740745555515e-01,8.995370370372222091e-01,8.026234567901111561e-01,7.949074074071111884e-01,6.436728395062222274e-01,6.203703703707222905e-01,6.040123456795556400e-01
3.133101851852611586e-01,8.078703703703333794e-01,9.853009259250001817e-01,1.000925925926333449e+00,1.047569444444666598e+00,9.430555555552222469e-01,9.655092592596109524e-01,9.343750000001667111e-01,7.549768518518888971e-01,6.589120370368334312e-01,6.915509259259445818e-01,7.195601851851111119e-01
2.587037037038333320e-01,3.823148148147222924e-01,5.444444444444442865e-01,6.650000000000001465e-01,7.384259259259442487e-01,7.721296296296666917e-01,7.569444444442778863e-01,6.994444444443888020e-01,6.215740740742776715e-01,5.667592592593332368e-01,6.896296296296665629e-01,6.667592592591666811e-01
3.150462962962777835e-01,4.709490740740000514e-01,6.760416666665554075e-01,7.731481481484999696e-01,8.915509259262779374e-01,8.670138888888889728e-01,7.061342592592221301e-01,6.681712962964443392e-01,6.447916666668334074e-01,6.567129629633333687e-01,7.486111111108889604e-01,7.434027777777222346e-01
2.171957671956444569e-01,3.972222222221333254e-01,4.587301587301111372e-01,5.140211640211665989e-01,6.302910052913889283e-01,5.903439153440556142e-01,5.395502645509444584e-01,5.945767195768333346e-01,5.728835978836666065e-01,6.574074074072222551e-01,8.678571428572221524e-01,8.194444444451111087e-01
1.810185185185499701e-01,4.247685185185000045e-01,6.094907407407222921e-01,6.212962962963889391e-01,6.466435185182777268e-01,6.307870370370555202e-01,6.872685185187221713e-01,6.290509259259999819e-01,6.914351851852220676e-01,7.611111111109444272e-01,8.199074074071664997e-01,7.425925925923887450e-01
2.829629629629999976e-01,4.793518518518334326e-01,5.215740740741110493e-01,6.000000000001111111e-01,6.541666666667221852e-01,6.417592592593333034e-01,6.835185185184999845e-01,6.657407407407777145e-01,5.256481481482777607e-01,5.565740740739444359e-01,6.810185185185000378e-01,7.394444444445000819e-01
4.206349206343333591e-02,1.468253968253083463e-01,2.566137566135638370e-01,3.482804232802554356e-01,4.349206349204444155e-01,4.308201058202777434e-01,3.248677248675223006e-01,0.000000000000000000e+00,0.000000000000000000e+00,0.000000000000000000e+00,4.085978835978277823e-01,8.588624338617777410e-01
2.449074074074999718e-01,3.211419753087610962e-01,4.949074074073888663e-01,7.016975308643332854e-01,7.168209876544999748e-01,7.618827160498332640e-01,6.753086419752221126e-01,7.410493827162221159e-01,5.996913580246111541e-01,5.358024691357777813e-01,7.091049382718890293e-01,7.518518518525000305e-01
6.399176954728888478e-02,1.295267489710278108e-01,2.303497942385361319e-01,2.997942386829499650e-01,2.741769547324555689e-01,1.910493827159499836e-01,1.077160493825611159e-01,0.000000000000000000e+00,0.000000000000000000e+00,0.000000000000000000e+00,9.094650205750832994e-02,2.774691358022611243e-01
2.318865740741666293e-01,4.572916666666665408e-01,5.880208333333887261e-01,6.380787037037776166e-01,6.588541666667778740e-01,6.154513888888333284e-01,6.320601851852223341e-01,6.008101851851666009e-01,5.098958333334444593e-01,3.526620370369999979e-01,3.109374999999833245e-01,2.643518518518128135e-01
9.722222222220000543e-02,2.689814814815389421e-01,5.574074074073332996e-01,7.020833333332777704e-01,8.182870370374444313e-01,6.567129629630000798e-01,3.840277777777055812e-01,0.000000000000000000e+00,0.000000000000000000e+00,0.000000000000000000e+00,3.090277777777777901e-02,8.518518518522222305e-02
0.000000000000000000e+00,2.333333333332944237e-01,5.706790123452775143e-01,7.191358024687055650e-01,7.163580246913333616e-01,7.024691358019999887e-01,4.777777777774999679e-01,0.000000000000000000e+00,0.000000000000000000e+00,0.000000000000000000e+00,3.021604938270555651e-01,6.694444444438611974e-01
4.361111111111666272e-01,5.143518518518334082e-01,5.957407407408333855e-01,6.470370370370555069e-01,6.682407407408333944e-01,7.262037037035555809e-01,6.813888888887222883e-01,7.098148148148333281e-01,7.028703703703889083e-01,7.072222222223888410e-01,8.027777777776111678e-01,8.514814814813889132e-01
1.469696969695278022e-01,2.064814814814444344e-01,3.515993265992334305e-01,4.233164983165555451e-01,4.126262626260556732e-01,3.896464646463889681e-01,3.393939393937221993e-01,3.069023569022444331e-01,2.771043771041111214e-01,3.319023569023167308e-01,5.026094276094443813e-01,5.801346801347222470e-01
3.796296296296666761e-01,5.486111111114999606e-01,6.436728395062221164e-01,6.899691358025554777e-01,7.441358024690553075e-01,6.770061728395168066e-01,6.177469135801110234e-01,4.895061728393332867e-01,4.427469135802777345e-01,4.864197530863333396e-01,7.445987654324444094e-01,9.165123456796112622e-01
1.325925925925738880e-01,3.555555555555556246e-01,4.412962962962778124e-01,4.050000000000000266e-01,5.062962962960555480e-01,4.188888888889444329e-01,4.488888888888500350e-01,4.298148148148112080e-01,3.312962962961667479e-01,4.124074074073333929e-01,5.705555555553333269e-01,7.294444444445554732e-01
2.096153846152221667e-01,3.757834757835166739e-01,5.330484330483834521e-01,6.804843304844999663e-01,7.064102564105000370e-01,5.992877492878888601e-01,4.938034188033889604e-01,4.335470085469443347e-01,3.757122507121666288e-01,5.437321937321666354e-01,7.340455840456665548e-01,7.702991452989444987e-01
4.550925925926111448e-01,4.879629629629999577e-01,5.072530864197222211e-01,5.086419753085555939e-01,6.469135802473334751e-01,6.820987654321667426e-01,6.445987654322222760e-01,4.955246913581111134e-01,4.560185185184444379e-01,5.297839506174000235e-01,7.128086419749999347e-01,7.595679012342778647e-01
2.967592592591500322e-01,4.624999999999445111e-01,5.246296296296111272e-01,5.421296296296111983e-01,5.437037037037778520e-01,4.958333333332777260e-01,4.549999999999443934e-01,5.240740740741499648e-01,5.798148148147224124e-01,6.168518518518332217e-01,7.370370370371666091e-01,7.905555555556665892e-01
1.255798728019666688e-01,3.636831275717222756e-01,5.682566404788889081e-01,6.246258885148888718e-01,6.642162364386665629e-01,5.851197156752777628e-01,5.062570145903334540e-01,4.578282828283333217e-01,4.624392068836111758e-01,5.553030303032222559e-01,7.397586980922778999e-01,8.151234567901667338e-01
1.264660493828427823e-01,2.667438271604555267e-01,4.934413580247778430e-01,6.010802469136111714e-01,6.032407407410556033e-01,5.573302469137222381e-01,5.235339506172776991e-01,4.223765432100000106e-01,3.769290123456222052e-01,4.586419753086111162e-01,6.499999999998333777e-01,8.435185185182221268e-01
1.547619047618083721e-01,1.612433862432277598e-01,3.025132275130000825e-01,5.062169312170001767e-01,5.871693121697222351e-01,5.420634920635000187e-01,5.113756613757222125e-01,4.932539682541278170e-01,5.558201058201666100e-01,5.644179894176666323e-01,6.537037037037778386e-01,7.272486772487222195e-01
2.140211640210833155e-01,2.424603174600833411e-01,2.601851851850000563e-01,3.285714285712221794e-01,3.779100529098611272e-01,4.224867724867611418e-01,4.126984126983443413e-01,3.789682539682777129e-01,3.625661375661055619e-01,4.936507936508332528e-01,5.798941798943889614e-01,5.960317460316000293e-01
5.251382876383888787e-01,8.632034632035555655e-01,9.183080808081667268e-01,9.077080327081665789e-01,1.003884078884333508e+00,1.000925925926722027e+00,9.915704665702222975e-01,9.872534872537221950e-01,9.437590187606667014e-01,8.404942279945000205e-01,8.443001442996665995e-01,7.336940836942221766e-01
3.210317460318627969e-01,4.471560846560555524e-01,4.318783068782221513e-01,4.251322751321111038e-01,5.335978835979999779e-01,5.312169312168889546e-01,5.079365079364444036e-01,5.239417989415555699e-01,4.869708994709444072e-01,4.471560846560556635e-01,4.441137566135556769e-01,4.172619047617777133e-01
1.818930041150889076e-01,4.498971193414778025e-01,7.872427983543333063e-01,8.916666666666110963e-01,9.531893004115001844e-01,8.517489711938889263e-01,7.703703703704999350e-01,7.663580246911665395e-01,7.189300411525555434e-01,6.932098765432220810e-01,6.632716049383333701e-01,5.827160493827222565e-01
7.843915343907222060e-02,3.665343915342944570e-01,5.287037037036721454e-01,6.539682539683444595e-01,7.055555555558332692e-01,6.607142857147221271e-01,6.215608465610000799e-01,5.564814814816667621e-01,4.837301587302221817e-01,4.724867724869055152e-01,4.981481481480555806e-01,4.469576719576944246e-01
5.172839506169776835e-02,9.574074074069499618e-02,1.903703703703333305e-01,2.553703703703721906e-01,3.519753086419666332e-01,3.803086419753889391e-01,4.154938271604999844e-01,4.625308641976667023e-01,4.837037037036668319e-01,5.779629629631666266e-01,7.043209876542222414e-01,6.896296296299445627e-01
1.309259259259055730e-01,2.590740740740333781e-01,5.298148148148332792e-01,6.481481481482220808e-01,7.266666666669443497e-01,8.301851851844445074e-01,6.829629629627776977e-01,6.235185185185555534e-01,8.844444444448333886e-01,1.093518518518777904e+00,1.191111111110722431e+00,1.093888888888333577e+00
2.059027777777944490e-01,4.526620370370555424e-01,6.696759259262221597e-01,7.855324074073888330e-01,8.194444444440001085e-01,7.990740740740944759e-01,7.975694444439442865e-01,6.762731481481666362e-01,7.233796296294998651e-01,8.263888888896667728e-01,9.368055555555555580e-01,1.024074074074500018e+00
1.203703703703722372e-01,2.869212962962944258e-01,5.025462962962777835e-01,5.725694444444278108e-01,6.015046296297055228e-01,5.377314814815554733e-01,4.348379629629445242e-01,5.083333333333333037e-01,4.585648148148167014e-01,4.251157407406666588e-01,5.299768518518334082e-01,6.340277777778889901e-01
7.814814814811112120e-02,1.287037037037205289e-01,2.229629629629444887e-01,2.753703703703888617e-01,3.435185185185555268e-01,4.003703703704444283e-01,4.088888888889277706e-01,3.744444444444277598e-01,3.253703703702778283e-01,3.248148148147944614e-01,4.044444444444221798e-01,4.172222222223332944e-01
0.000000000000000000e+00,0.000000000000000000e+00,0.000000000000000000e+00,0.000000000000000000e+00,0.000000000000000000e+00,0.000000000000000000e+00,0.000000000000000000e+00,0.000000000000000000e+00,0.000000000000000000e+00,0.000000000000000000e+00,0.000000000000000000e+00,0.000000000000000000e+00
4.691798941797777900e-01,5.432539682540554749e-01,5.882275132276110208e-01,6.599206349209443268e-01,7.152116402118886551e-01,7.718253968252223318e-01,6.957671957673333685e-01,7.205026455030555388e-01,6.784391534387776979e-01,7.466931216932777282e-01,8.272486772488887308e-01,7.697089947089446049e-01
3.274074074073333174e-01,5.199999999997778621e-01,5.838888888889444129e-01,6.648148148151500347e-01,8.398148148150554881e-01,8.231481481480555917e-01,6.566666666667777541e-01,6.327777777778890167e-01,6.481481481480165785e-01,6.774074074076666951e-01,8.957407407409443412e-01,9.457407407412777856e-01
9.331275720152776287e-02,1.898148148147138781e-01,3.064814814812555910e-01,4.933127572017611540e-01,6.541152263372222997e-01,6.463991769548333988e-01,5.796296296294999317e-01,5.224279835391665294e-01,4.701646090534443712e-01,4.394032921809833403e-01,5.406378600823332770e-01,5.282921810699999776e-01
1.582175925925500271e-01,2.958333333332778259e-01,3.826388888887777284e-01,4.655092592592777745e-01,6.420138888887221285e-01,6.549768518519445415e-01,6.035879629630001020e-01,6.263888888887222395e-01,5.296296296296111317e-01,4.943287037035555276e-01,4.663194444445001308e-01,4.276620370371110869e-01
5.989417989420000588e-01,6.958994708997777723e-01,6.981481481482222362e-01,7.358465608467220642e-01,8.465608465611110800e-01,7.886243386245553877e-01,7.390211640214443545e-01,6.951058201060000830e-01,5.332010582011500466e-01,5.257936507936110671e-01,6.202380952384778379e-01,5.358465608469999975e-01
4.402777777777777679e-01,5.941358024691110185e-01,7.146604938274998542e-01,7.203703703705556238e-01,8.430555555560000913e-01,7.796296296302221984e-01,7.276234567911665785e-01,7.239197530868333175e-01,5.581790123456890074e-01,5.677469135804500411e-01,7.483024691365556258e-01,8.168209876542777970e-01
1.146090534977666775e-01,2.277777777775388812e-01,5.037037037036111720e-01,6.364197530862777397e-01,7.394032921813888937e-01,7.180041152260554504e-01,6.252057613169998973e-01,6.548353909465002287e-01,5.200617283949443559e-01,5.183127572016665852e-01,6.326131687243332635e-01,6.953703703703334460e-01
5.280864197531666415e-02,8.219135802474999974e-02,1.692283950617277655e-01,3.299999999999443934e-01,4.116975308643000542e-01,4.364660493827222099e-01,4.404783950617222055e-01,2.974537037037666698e-01,1.526851851852777942e-01,1.039506172840555381e-01,1.384413580247944309e-01,1.846141975307944716e-01
3.388734567900555383e-01,4.791358024691667050e-01,5.526388888888889017e-01,5.770987654320555160e-01,6.410956790122778193e-01,6.689506172840553599e-01,6.681481481482223206e-01,6.356944444443333175e-01,6.266049382716666338e-01,7.156944444444444109e-01,7.986882716046665998e-01,8.578395061729443549e-01
1.520061728395944445e-01,2.698302469135167025e-01,5.022376543209721156e-01,6.166666666668167984e-01,6.216820987656667130e-01,5.417438271604999578e-01,3.766975308642221965e-01,2.447530864198111389e-01,2.354938271606111244e-01,3.003086419753594472e-01,3.527777777776489043e-01,5.676697530867778063e-01
2.949074074074444773e-01,3.826388888888333506e-01,4.650462962965555835e-01,5.435185185187221268e-01,6.134259259259444708e-01,5.796296296294444206e-01,4.331018518518333082e-01,4.685185185185555268e-01,5.122685185185554824e-01,6.620370370370554092e-01,7.613425925929443450e-01,8.134259259261110708e-01
5.820370370369999380e-01,7.205555555556110159e-01,4.657407407406666811e-01,4.312962962964221325e-01,7.203703703703332462e-01,7.696296296297222561e-01,6.820370370370554269e-01,5.288888888888334527e-01,5.457407407406666966e-01,5.129629629627222576e-01,4.937037037036833831e-01,4.866666666666110697e-01
5.124999999999999556e-01,6.530092592592777745e-01,6.076388888888889506e-01,6.087962962964443836e-01,6.921296296297222428e-01,7.134259259261667152e-01,6.585648148146110437e-01,5.819444444448333975e-01,4.817129629629999243e-01,5.055555555556500158e-01,5.152777777777610702e-01,4.668981481481666029e-01
1.248148148147944364e-01,3.259259259260555153e-01,4.955555555555555269e-01,5.592592592592222633e-01,6.800000000000555600e-01,7.320370370370555824e-01,7.281481481477778406e-01,6.987037037036666343e-01,6.225925925930000382e-01,6.329629629630001419e-01,6.087037037035000209e-01,5.631481481482221163e-01
1.297839506172333013e-01,4.322530864196000300e-01,6.705246913579999690e-01,7.720679012340556646e-01,7.848765432099998884e-01,7.135802469137222381e-01,6.834876543212777822e-01,6.609567901238333487e-01,7.279320987658888242e-01,7.297839506178332991e-01,8.129629629629999688e-01,7.628086419758333125e-01
2.891534391532721848e-01,4.964285714286055251e-01,6.248677248678333740e-01,7.187830687829444010e-01,8.288359788361111535e-01,8.560846560848889286e-01,9.037037037038889720e-01,9.367724867733888683e-01,9.972222222223892096e-01,1.116005291005166766e+00,1.146693121693666662e+00,1.124867724866666752e+00
2.703703703701110794e-01,5.105820105820556565e-01,5.828042328042778442e-01,6.153439153442776810e-01,6.875661375661110686e-01,6.773809523815557121e-01,6.071428571429999810e-01,5.727513227514500205e-01,6.457671957675000796e-01,6.981481481483888807e-01,7.855820105817775678e-01,8.685185185186665713e-01
4.211805555556111247e-01,6.258101851851110009e-01,8.215277777776109902e-01,8.902777777778331236e-01,9.799768518521667637e-01,8.909722222224445431e-01,8.328703703700556238e-01,8.077546296295554651e-01,6.614583333335000148e-01,7.543981481483331697e-01,9.590277777784999014e-01,9.954861111105556271e-01
1.425925925925499993e-01,3.448148148147778813e-01,4.027777777777777901e-01,4.353703703704279171e-01,5.292592592593889922e-01,4.198148148148332925e-01,4.348148148147776837e-01,3.672222222222611965e-01,3.035185185185388934e-01,3.016666666666500962e-01,3.731481481481278006e-01,3.774074074075556284e-01
4.138888888888332396e-01,6.734567901221111264e-01,6.820987654317220983e-01,6.858024691352777591e-01,6.274691358020555443e-01,7.324074074066666551e-01,7.996913580248332654e-01,8.354938271603331579e-01,9.145061728398891088e-01,9.499999999996668887e-01,8.527777777777778567e-01,9.848765432085557769e-01
2.916666666664445295e-01,4.653292181068889311e-01,5.716049382716111849e-01,5.967078189300556446e-01,6.365226337449999550e-01,6.291152263375554554e-01,7.058641975309444261e-01,7.344650205760000494e-01,6.977366255144443752e-01,7.880658436213332507e-01,7.624485596711667590e-01,7.622427983538888618e-01
1.401851851852388975e-01,4.264814814814445465e-01,6.620370370371665425e-01,7.853703703703891481e-01,8.748148148144443415e-01,8.266666666667777941e-01,8.264814814809444687e-01,7.798148148142777236e-01,6.966666666668888119e-01,6.859259259261110131e-01,7.179629629626110843e-01,6.498148148146110081e-01
2.252314814815389032e-01,3.765046296297222539e-01,4.539351851852222453e-01,4.725694444445001086e-01,5.059027777777223012e-01,5.241898148148333991e-01,3.991898148148333436e-01,3.130787037036444342e-01,0.000000000000000000e+00,0.000000000000000000e+00,2.031249999999777955e-01,2.631944444444277442e-01
2.857407407406833411e-01,4.388888888889443951e-01,6.338888888887779238e-01,7.759259259259445596e-01,8.022222222219999033e-01,7.981481481478890361e-01,7.703703703703888017e-01,7.127777777777778434e-01,7.205555555557778824e-01,7.379629629628333687e-01,7.383333333330556192e-01,6.268518518518887417e-01
0.000000000000000000e+00,2.465277777778167034e-01,6.158564814813888288e-01,7.755787037038888165e-01,8.103009259258887598e-01,7.321759259261665376e-01,5.309027777777778345e-01,8.101851851838889982e-04,0.000000000000000000e+00,0.000000000000000000e+00,0.000000000000000000e+00,5.225694444445166953e-01
5.441358024691109740e-01,6.799382716051111109e-01,6.898148148142222436e-01,8.317901234562777857e-01,8.654320987649445351e-01,7.972222222216666099e-01,8.462962962966110725e-01,6.521604938269333074e-01,7.799382716048888220e-01,1.060185185184944423e+00,1.079320987653777708e+00,1.061728395061333430e+00
4.013888888888888506e-01,7.187499999997221112e-01,8.726080246916111394e-01,9.175925925924445226e-01,1.019058641975833179e+00,1.035802469136222204e+00,1.022916666666666696e+00,1.047685185185611267e+00,9.891203703709445794e-01,9.607253086415555865e-01,9.554012345678333240e-01,1.049768518518722216e+00
1.282407407408888700e-01,3.428240740741111403e-01,6.513117283950555780e-01,7.127314814812221178e-01,8.114969135801666233e-01,7.611111111108331828e-01,7.278549382714444294e-01,7.692901234565000523e-01,6.658179012345000203e-01,6.115740740740556181e-01,6.455246913580000578e-01,7.214506172838333065e-01
2.182098765429472120e-01,3.302469135801389122e-01,5.628600823045556423e-01,6.524691358024443666e-01,7.932098765435000587e-01,7.354938271607222022e-01,6.525720164606111373e-01,6.440329218107778697e-01,6.248971193414999403e-01,6.824074074076665886e-01,6.867283950616110966e-01,6.824074074075000551e-01
2.086419753086111162e-01,3.362654320987611412e-01,6.041666666665557184e-01,6.779320987653333352e-01,6.930555555556667802e-01,6.234567901233889486e-01,5.757716049384444812e-01,5.981481481480001028e-01,4.952160493826109899e-01,4.368827160492221306e-01,5.577160493828166032e-01,5.506172839507055272e-01
2.037037037037222123e-02,6.250000000002223222e-02,1.467592592592611433e-01,2.157407407407222200e-01,2.590277777776849866e-01,2.039351851852222175e-01,1.444444444443499787e-01,0.000000000000000000e+00,0.000000000000000000e+00,0.000000000000000000e+00,4.953703703703888489e-02,1.694444444444444531e-01
4.453703703701999972e-02,1.647222222221999544e-01,4.038888888889833328e-01,5.284259259259443953e-01,6.191666666666665320e-01,6.598148148146667502e-01,6.246296296297222383e-01,6.181481481481666540e-01,4.696296296296110784e-01,4.318518518518888460e-01,3.918518518518666616e-01,3.782407407407777922e-01
5.439814814820388700e-02,9.930555555555389824e-02,2.832175925926500581e-01,4.343749999999444444e-01,5.650462962963332947e-01,5.504629629630000132e-01,3.832175925925555560e-01,0.000000000000000000e+00,0.000000000000000000e+00,0.000000000000000000e+00,1.238425925926277676e-01,2.751157407407222588e-01
2.580246913578389534e-01,3.442386831274444337e-01,4.976337448560000376e-01,6.047325102881111469e-01,6.765432098765555846e-01,5.966049382716667182e-01,5.605967078191110842e-01,5.783950617284445705e-01,6.631687242799444437e-01,8.891975308639997744e-01,9.360082304528888342e-01,9.423868312756665810e-01
2.523456790123555504e-01,6.227777777776668522e-01,8.564814814812222732e-01,8.165432098764999758e-01,6.578395061727777549e-01,7.015432098763333402e-01,7.438888888888889328e-01,7.575308641978333313e-01,5.232098765428332410e-01,4.034567901235555643e-01,5.499999999997222666e-01,6.679012345681667462e-01
2.775925925926094329e-01,5.850000000001277511e-01,8.187037037042222964e-01,8.587037037036666653e-01,7.822222222221665300e-01,7.666666666665553631e-01,8.031481481484443741e-01,6.842592592592777745e-01,7.138888888890554396e-01,8.088888888883332129e-01,9.007407407410554789e-01,8.048148148146110348e-01
2.578282828280055727e-01,3.551346801345111603e-01,4.635521885521777796e-01,5.137205387205110441e-01,5.526936026936111190e-01,5.539562289564444741e-01,4.505892255891111309e-01,5.422558922559443939e-01,5.893939393939444660e-01,6.795454545456111051e-01,8.425084175088888294e-01,8.961279461286668635e-01
0.000000000000000000e+00,0.000000000000000000e+00,0.000000000000000000e+00,0.000000000000000000e+00,0.000000000000000000e+00,0.000000000000000000e+00,0.000000000000000000e+00,0.000000000000000000e+00,0.000000000000000000e+00,0.000000000000000000e+00,0.000000000000000000e+00,0.000000000000000000e+00
9.845679012339166036e-02,1.710905349792777863e-01,2.709876543207666577e-01,3.566872427982221705e-01,4.615226337447776994e-01,5.338477366254998913e-01,4.789094650205555914e-01,4.573045267489999621e-01,4.633744855966805409e-01,7.728395061721667902e-01,1.020781893003444463e+00,1.039609053497166702e+00
1.208333333334444398e-01,3.208333333332277770e-01,4.487654320986666501e-01,6.066358024696277829e-01,7.888888888888888618e-01,7.418209876541111969e-01,5.790123456790555734e-01,1.064814814818888788e-02,0.000000000000000000e+00,6.327160493833332809e-03,7.709876543212220712e-01,1.037345679012444233e+00
1.740740740740777670e-01,3.076388888888333395e-01,4.553240740740556181e-01,6.041666666667777630e-01,6.912037037032777720e-01,6.459490740739999293e-01,6.260416666664999630e-01,6.649305555553334246e-01,7.254629629631110799e-01,7.962962962964443836e-01,1.005902777777333501e+00,1.019560185185389045e+00
6.620370370372222202e-02,1.203703703704794570e-01,1.891203703704111005e-01,2.655092592593166767e-01,2.652777777777000079e-01,2.641203703704277372e-01,2.909722222221444721e-01,3.074074074073332996e-01,1.375000000000222433e-01,8.379629629633889021e-02,1.657407407407222033e-01,3.000000000000166422e-01
1.950617283950433767e-01,3.669753086420721733e-01,4.975308641975387802e-01,4.895061728393528266e-01,5.058641975309999816e-01,4.737654320987832457e-01,4.427469135802055700e-01,4.131172839505555250e-01,3.540123456789443512e-01,3.270061728394944023e-01,4.057098765430933174e-01,4.365740740740999271e-01
1.579629629630388832e-01,2.207407407408722155e-01,3.844444444445000442e-01,4.401851851851666386e-01,4.438888888888332662e-01,4.630555555556110647e-01,4.468518518517222704e-01,3.462962962963333502e-01,3.458333333332778148e-01,3.614814814814445443e-01,5.028703703703333305e-01,4.366666666666665919e-01
1.895833333332944404e-01,3.707175925926111115e-01,5.444444444444997977e-01,6.916666666665000074e-01,7.878472222222777654e-01,7.652777777778333457e-01,7.284722222223889432e-01,6.826388888885556172e-01,6.256944444443888198e-01,5.468750000000000000e-01,6.254629629627221910e-01,6.409722222221111432e-01
5.030864197522222359e-02,1.194444444444166809e-01,1.592592592591611234e-01,2.487654320986666390e-01,2.003086419752388714e-01,1.981481481479333284e-01,2.410493827158083358e-01,2.583333333332111792e-01,1.987654320987916612e-01,1.407407407406888744e-01,2.518518518517777749e-01,4.916666666668889074e-01
2.379629629629221865e-01,4.143518518518499727e-01,5.361111111111667160e-01,6.054629629628888177e-01,6.715740740741110715e-01,6.789814814815000599e-01,5.938888888888889106e-01,5.399074074073333396e-01,5.544444444444833753e-01,6.657407407407778255e-01,7.889814814814444244e-01,8.052777777775556034e-01
3.327160493828888455e-01,5.084876543209999600e-01,6.382716049384443702e-01,7.194444444444999531e-01,8.554012345679443685e-01,7.583333333334999482e-01,5.850308641976111890e-01,4.919753086420000088e-01,5.830246913579998358e-01,7.344135802469444751e-01,8.000000000001667999e-01,8.820987654320554539e-01
2.795524691357277880e-01,3.857253086419444310e-01,4.161265432097445705e-01,4.579475308643333187e-01,5.127314814815000510e-01,4.918981481480554363e-01,4.842592592593888412e-01,3.923611111111110494e-01,3.622685185185556267e-01,4.763888888888334061e-01,5.960648148146666658e-01,7.766203703701668459e-01
1.791666666666111019e-01,3.699074074074055751e-01,6.796296296293888872e-01,5.851851851855000008e-01,5.888888888888889062e-01,5.671296296296111095e-01,5.865740740740000847e-01,5.282407407403888477e-01,6.208333333333500015e-01,6.523148148144444214e-01,8.435185185187056289e-01,1.028703703703500061e+00
1.537037037038055387e-01,2.979938271604666844e-01,6.322530864196668210e-01,7.720679012346668424e-01,8.904320987657778907e-01,9.594135802476111419e-01,7.956790123458333808e-01,4.830246913580944490e-01,3.456790123458056141e-01,2.104938271605444333e-01,2.828703703703944750e-01,3.763888888889500572e-01
5.782921810700556442e-01,7.756172839507777805e-01,8.324074074073888330e-01,8.054526748970000094e-01,8.209876543211110933e-01,8.281893004112779177e-01,7.777777777778889234e-01,7.409465020577221672e-01,6.365226337452222216e-01,6.439300411523890544e-01,7.759259259261110930e-01,7.967078189296111779e-01
2.689043209877944873e-01,4.517746913579444579e-01,6.720679012346667536e-01,7.020061728394443312e-01,7.095679012345555980e-01,7.360339506171666990e-01,6.068672839505000471e-01,4.414351851852777453e-01,4.195216049383332924e-01,4.829475308641109077e-01,5.785493827159999825e-01,6.619598765431109477e-01
2.466666666667444441e-01,3.587037037038333098e-01,4.531481481480556517e-01,4.900925925926112869e-01,4.575000000000556399e-01,4.598148148148888392e-01,4.840740740741111825e-01,4.712962962963333502e-01,4.232407407406667543e-01,4.481481481481111029e-01,5.156481481482039220e-01,6.209259259257777774e-01
9.722222222222222376e-03,1.134259259259277897e-02,2.656249999998721786e-02,5.196759259256833463e-02,6.556712962958888280e-02,8.252314814820554956e-02,1.030092592592611045e-01,1.170138888889277751e-01,1.041087962962516517e-01,1.172453703703705691e-01,1.775462962963333391e-01,2.045717592592944389e-01
1.551587301587166734e-01,2.945767195764723012e-01,3.707671957669498863e-01,4.899470899470832475e-01,6.404761904763890401e-01,6.288359788361667091e-01,6.001322751325555149e-01,5.264550264550000858e-01,4.608465608465001084e-01,4.669312169314444039e-01,7.048941798944725612e-01,7.058201058196664768e-01
1.167824074073722240e-01,2.550925925926461613e-01,4.425925925926277871e-01,5.293981481481666584e-01,6.802083333328887704e-01,6.812500000003334222e-01,6.968750000001667777e-01,6.795138888886665951e-01,6.821759259255555374e-01,7.158564814817779398e-01,8.975694444450557086e-01,9.375000000003334000e-01
2.154558404557055662e-01,4.976163342827777947e-01,5.810921177589443154e-01,6.794729344731665899e-01,6.600997150997776064e-01,6.331718898388888350e-01,7.245204178538332540e-01,6.876163342830555747e-01,6.379487179487778326e-01,6.801044634376112175e-01,8.255175688521111388e-01,8.634805318133333962e-01
7.029629629628888488e-01,7.350000000001110090e-01,7.262962962965555658e-01,6.564814814816666289e-01,8.283333333331666104e-01,9.064814814815002064e-01,9.070370370372778934e-01,8.761111111117221295e-01,8.898148148149999104e-01,9.470370370374444624e-01,9.996296296296109940e-01,1.019074074074222125e+00
3.184027777778333235e-01,3.885416666666111074e-01,4.888888888889999507e-01,5.947916666666667185e-01,7.153935185186665047e-01,7.320601851851666897e-01,7.052083333332777038e-01,6.621527777777777013e-01,7.813657407405555366e-01,8.920138888888889950e-01,9.704861111113333161e-01,1.017939814814777799e+00
3.331018518518722438e-01,7.011574074071110774e-01,7.645833333333333925e-01,7.849537037031667497e-01,8.666666666668333407e-01,8.726851851854997566e-01,8.490740740738331738e-01,7.555555555558334246e-01,5.583333333333333481e-01,2.805555555556111802e-01,2.018518518518333249e-01,2.136574074073888940e-01
8.124999999994000910e-02,1.779166666666600061e-01,3.270833333332000548e-01,3.279166666665999652e-01,3.499999999999999778e-01,3.487500000000000044e-01,3.687500000000000222e-01,3.754166666666000074e-01,3.887500000000000400e-01,2.774999999999999689e-01,1.712499999999400058e-01,2.033333333333999793e-01
4.907407407405555561e-02,1.620370370370389224e-01,5.115740740736667291e-01,6.638888888890553952e-01,6.402777777776499368e-01,5.425925925922777671e-01,6.199074074073888108e-01,5.277777777783165813e-01,6.143518518522221861e-01,6.462962962966667391e-01,7.546296296298334871e-01,7.666666666664998520e-01
1.794238683126166689e-01,2.918724279833944668e-01,4.751028806584445263e-01,5.453703703703890460e-01,5.203703703703888017e-01,4.775720164607777374e-01,3.507201646088333735e-01,1.296296296295277872e-01,1.273662551438666801e-01,1.520576131685388854e-01,3.383744855966110965e-01,5.502057613168889194e-01
1.386574074073333440e-01,1.533564814814850352e-01,1.910879629629999854e-01,2.885416666665944208e-01,3.827546296295555872e-01,3.464120370370388780e-01,3.702546296296110317e-01,3.159722222222611232e-01,2.459490740741110681e-01,3.096064814814832311e-01,3.881944444445000197e-01,4.285879629627222243e-01
5.850694444442778447e-02,1.415509259259222219e-01,3.140624999999833133e-01,5.018518518518889637e-01,5.506944444445002196e-01,5.114004629628889909e-01,4.811921296295554318e-01,4.708333333333334370e-01,4.435763888888333284e-01,6.710069444445556641e-01,7.995370370368333202e-01,8.139467592595556189e-01
1.404320987654833486e-01,2.141975308642433129e-01,3.939814814814777688e-01,5.067901234568333857e-01,5.638888888886499640e-01,4.651234567902500228e-01,3.814814814815666866e-01,4.040123456791444023e-01,3.554012345679444795e-01,3.453703703703888683e-01,6.384259259255943286e-01,9.197530864197221989e-01
2.056878306876944729e-01,2.931216931215112065e-01,4.056878306878666240e-01,4.822751322752223402e-01,5.984126984127222659e-01,4.653439153438889142e-01,4.158730158730555848e-01,3.334656084654166741e-01,4.074074074073333329e-01,4.718253968254443320e-01,6.305555555555554248e-01,7.591269841271112151e-01
1.165343915342666459e-01,2.093915343914555527e-01,2.985449735447167074e-01,3.362433862431666309e-01,3.116402116401222888e-01,3.050264550263444563e-01,3.496031746032055576e-01,3.157407407406499500e-01,2.585978835977055246e-01,2.320105820104444994e-01,3.625661375659444685e-01,4.489417989417167076e-01
1.481481481480722284e-01,1.608024691357722025e-01,2.719135802469500041e-01,3.672839506172000390e-01,4.003086419753111858e-01,4.080246913582222246e-01,2.904320987652778685e-01,0.000000000000000000e+00,0.000000000000000000e+00,0.000000000000000000e+00,7.561728395056110941e-02,2.228395061727777848e-01
2.047619047617889043e-01,3.759259259257221597e-01,4.370370370369445201e-01,5.148148148147777547e-01,5.526455026456666975e-01,5.583333333333887483e-01,5.260582010582778301e-01,4.821428571429444698e-01,4.070105820104999994e-01,4.235449735448000297e-01,5.611111111111222183e-01,6.183862433863333008e-01
1.128600823043055534e-01,2.133744855964944676e-01,2.751028806583055708e-01,2.949588477365139294e-01,2.783950617282777706e-01,3.093621399175972564e-01,3.376543209875166873e-01,3.539094650204944181e-01,3.794238683126666123e-01,3.159465020574444005e-01,3.163580246912055527e-01,3.491769547323944067e-01
2.178104575164555579e-01,4.034858387799443724e-01,5.552832244010554863e-01,5.917211328974445461e-01,5.953703703702220018e-01,5.775054466230554739e-01,5.436274509803333821e-01,5.369281045752776205e-01,4.963507625272777779e-01,4.557189542482777966e-01,5.626906318082778302e-01,5.971132897602222656e-01
8.346560846553334467e-02,1.578042328042027764e-01,2.373015873015333066e-01,2.908730158730055693e-01,2.945767195763722146e-01,2.802910052908778038e-01,3.291005291003333277e-01,3.194444444441388864e-01,2.845238095238444842e-01,3.208994708994832856e-01,3.828042328042221554e-01,4.473544973541112024e-01
1.973544973544377745e-01,3.517857142856278263e-01,5.130291005290000816e-01,6.374338624338888870e-01,6.233465608465554864e-01,6.444444444444444864e-01,6.071428571429444698e-01,5.789021164021667110e-01,5.666666666667776742e-01,5.959656084659443742e-01,7.087962962963612057e-01,6.933862433863331454e-01
2.423868312755277921e-01,3.410493827159277735e-01,4.364197530864500352e-01,3.800411522632776706e-01,4.099794238682222258e-01,4.612139917696055913e-01,4.424897119341111296e-01,4.242798353908166509e-01,4.034979423867721682e-01,3.541152263373888442e-01,4.672839506173332991e-01,4.664609053496666657e-01
3.135802469134722492e-01,4.822530864197777656e-01,5.856481481480000362e-01,6.589506172836111508e-01,7.552469135804444900e-01,8.228395061727221682e-01,7.373456790122222548e-01,7.691358024699442852e-01,7.432098765438888144e-01,7.683641975312778261e-01,8.282407407407222921e-01,8.157407407408334699e-01
3.451851851852388853e-01,5.255555555555555536e-01,5.814814814814445176e-01,6.276851851849999386e-01,7.524074074074444951e-01,8.101851851853332231e-01,7.331481481480556228e-01,6.146296296296667183e-01,4.207407407407944833e-01,3.675925925925555005e-01,3.710185185185555512e-01,3.700925925925556137e-01
1.574074074071694640e-01,4.349206349206110600e-01,6.402116402117222771e-01,7.657407407407776923e-01,8.334656084661110631e-01,8.503968253977222114e-01,8.417989417990556777e-01,8.064814814817222732e-01,6.353174603176110491e-01,5.645502645502777916e-01,5.179894179892221562e-01,4.281746031748889236e-01
3.723251028806222607e-01,6.309670781894444191e-01,7.135802469139443938e-01,7.492798353909999598e-01,8.361111111109443828e-01,8.492798353911666931e-01,7.105967078186110619e-01,6.534979423869999859e-01,6.132716049380001477e-01,5.367283950617222077e-01,7.050411522633888151e-01,7.123456790119280235e-01
8.652263374475278879e-02,1.508230452673333388e-01,1.627572016459444826e-01,1.663580246912111094e-01,2.169753086417721688e-01,2.291152263372110698e-01,2.042181069957083317e-01,1.895061728392166966e-01,2.249999999999110767e-01,2.940329218105666165e-01,4.074074074072778218e-01,4.424897119340555629e-01
1.611111111109388705e-01,3.155349794237222172e-01,3.918724279833887825e-01,4.209876543208889155e-01,5.345679012346666870e-01,4.996913580245556097e-01,4.388888888888888840e-01,4.141975308640555853e-01,4.605967078188888397e-01,5.825102880659444038e-01,6.276748971194444637e-01,6.877572016461666049e-01
0.000000000000000000e+00,2.847222222222055565e-01,6.865740740742221071e-01,7.388888888887776840e-01,9.206018518515555193e-01,9.817129629632225241e-01,6.754629629627220133e-01,0.000000000000000000e+00,0.000000000000000000e+00,0.000000000000000000e+00,5.122685185185221757e-01,1.107870370370555468e+00
4.042824074075000440e-01,5.868055555557778469e-01,6.815972222221667876e-01,7.543981481482222584e-01,7.635416666665555407e-01,7.254629629626665466e-01,5.459490740741110848e-01,0.000000000000000000e+00,0.000000000000000000e+00,0.000000000000000000e+00,0.000000000000000000e+00,5.440972222221112098e-01
1.672839506171666657e-01,2.259259259257444252e-01,3.506172839505721783e-01,4.370370370369999757e-01,6.086419753086721451e-01,7.709876543212776934e-01,6.651234567897221783e-01,5.444444444443333753e-01,5.854938271593888022e-01,6.595679012343111935e-01,6.537037037037167764e-01,5.981481481482777696e-01
3.703703703699999517e-02,5.895061728386666311e-02,1.299382716048610997e-01,2.376543209875000284e-01,3.132716049381110701e-01,3.725308641974999779e-01,3.929012345678499774e-01,3.450617283948777536e-01,2.898148148146111325e-01,2.419753086421277677e-01,2.521604938271166940e-01,3.555555555553777669e-01
0.000000000000000000e+00,0.000000000000000000e+00,3.870370370370555535e-01,6.531250000000000666e-01,7.480324074076666330e-01,8.372685185186666823e-01,7.170138888887778172e-01,6.378472222220555876e-01,6.135416666666667629e-01,5.641203703705555128e-01,5.284722222222222321e-01,5.184027777777777679e-01
4.991582491582222114e-01,7.517676767680555594e-01,8.424242424248333805e-01,8.230639730644999652e-01,8.246632996636109603e-01,8.142255892258334349e-01,7.537037037039998610e-01,7.038720538723333142e-01,5.779461279462778656e-01,5.322390572391667574e-01,6.273569023570000347e-01,5.434343434344444113e-01
2.588624338623444765e-01,4.092592592590167389e-01,6.071428571430556032e-01,7.797619047617777577e-01,8.123015873019444610e-01,8.212962962968888281e-01,8.046296296300554651e-01,7.681216931216111599e-01,7.522486772483889528e-01,7.960317460319443761e-01,7.698412698412778754e-01,7.182539682540000081e-01
2.516975308641666298e-01,4.794753086420999177e-01,7.311728395062501162e-01,9.067901234581721148e-01,9.964506172846834264e-01,9.658950617292665353e-01,9.379629629640555688e-01,8.979938271603890021e-01,7.918209876548333304e-01,8.220679012343334868e-01,8.675925925938611227e-01,8.325617283951110004e-01
3.147119341562776840e-01,4.475308641974277135e-01,5.386831275719443646e-01,6.258230452674999889e-01,6.739711934157222029e-01,6.593621399175000342e-01,7.020576131685554166e-01,7.246913580246666653e-01,6.778806584361111165e-01,7.254115226339443723e-01,8.794238683124998568e-01,9.694444444443333087e-01
0.000000000000000000e+00,4.331481481483351326e-01,6.679629629627387155e-01,8.177777777781112256e-01,9.124074074077778151e-01,8.761111111110556626e-01,7.788888888888888529e-01,6.801851851853889519e-01,4.750000000000554889e-01,3.542592592592944678e-01,5.150000000002222800e-01,4.825925925926277671e-01
1.788888888889666740e-01,3.038888888888333084e-01,3.566666666666666874e-01,3.874074074073332596e-01,3.853703703703889039e-01,3.805555555555000247e-01,4.029629629629999932e-01,4.348148148148888170e-01,3.818518518518333460e-01,3.418518518518500193e-01,3.668518518518333327e-01,3.212962962962055968e-01
3.061111111111111116e-01,5.312962962962778368e-01,6.464814814813889532e-01,6.731481481480555695e-01,5.462962962962777391e-01,5.707407407409056388e-01,4.274074074074094565e-01,0.000000000000000000e+00,0.000000000000000000e+00,0.000000000000000000e+00,2.818518518517778015e-01,4.844444444442779218e-01
1.372807017543889174e-01,2.671052631578777481e-01,3.844054580897777740e-01,5.095029239766666329e-01,6.677387914231110999e-01,6.726120857703333789e-01,6.116959064326665807e-01,4.643274853800000157e-01,2.813840155945761534e-01,1.967348927875111064e-01,2.631091617933555837e-01,3.958089668615554779e-01
1.978395061729555371e-01,4.657407407406110589e-01,5.811728395065556274e-01,7.283950617285556151e-01,9.512345679011665611e-01,7.473765432098889994e-01,6.919753086426111421e-01,5.728395061729444349e-01,3.896604938270333829e-01,3.408950617283332818e-01,4.513888888889721618e-01,5.799382716049998887e-01
1.916666666667705410e-01,3.966049382716000382e-01,5.421296296297778428e-01,6.339506172840000398e-01,6.182098765434999033e-01,6.631172839505000693e-01,5.779320987655433006e-01,4.736111111110500316e-01,3.077160493827278409e-01,1.947530864198166456e-01,3.699074074078110841e-01,5.438271604940945192e-01
