0.000000000000000000e+00,4.610082304526110786e-01,8.597736625511666064e-01,9.969135802459445639e-01,1.098251028805722562e+00,1.088991769545610833e+00,9.599794238680002811e-01,0.000000000000000000e+00,0.000000000000000000e+00,0.000000000000000000e+00,4.993827160493888306e-01,8.737654320984999945e-01
0.000000000000000000e+00,4.131172839505555250e-01,7.908179012343887759e-01,9.405092592597221746e-01,9.764660493821111231e-01,9.689043209874443896e-01,9.006944444446111087e-01,0.000000000000000000e+00,0.000000000000000000e+00,0.000000000000000000e+00,6.840277777776666568e-01,9.273919753083890161e-01
5.225000000000000755e-01,5.728703703702777705e-01,5.883333333333334858e-01,7.622222222218331122e-01,8.183333333335002235e-01,7.442592592591668055e-01,6.954629629631665644e-01,6.242592592592778322e-01,5.730555555554999181e-01,6.812962962962778590e-01,8.059259259260554975e-01,8.769444444440558373e-01
3.566137566136556303e-01,4.533068783068889829e-01,5.541005291007222722e-01,6.591269841269442598e-01,6.841269841272221708e-01,7.018518518516666527e-01,6.210317460321111982e-01,6.272486772488889972e-01,5.965608465610332534e-01,6.333333333333334147e-01,7.634920634924444727e-01,7.911375661380557478e-01
2.086419753085833051e-01,4.070987654319444538e-01,6.780864197526834669e-01,8.382716049380554146e-01,9.132716049378889478e-01,9.358024691350556035e-01,1.005555555554833447e+00,8.864197530853333840e-01,9.586419753081109052e-01,1.075617283949111158e+00,1.145679012344833270e+00,1.103703703703277750e+00
2.115740740740166548e-01,4.679398148147221881e-01,7.343750000002223777e-01,8.050925925921668114e-01,9.497685185192222823e-01,8.678240740744445070e-01,7.918981481478335471e-01,7.817129629628332133e-01,8.660879629628333021e-01,1.030208333332889081e+00,1.144560185184833490e+00,1.209722222222999743e+00
9.756944444440555919e-02,1.920138888887944484e-01,3.541666666666444252e-01,4.750000000000722533e-01,6.004629629630000576e-01,5.960648148147776881e-01,4.357638888888333839e-01,3.388888888889444173e-01,3.835648148148166903e-01,4.229166666668333074e-01,5.469907407407222921e-01,5.361111111110556937e-01
1.344907407407722466e-01,3.228009259260167241e-01,5.732638888889445283e-01,6.026620370372222091e-01,6.516203703703888905e-01,5.733796296297778428e-01,4.290509259258887820e-01,3.616898148148333103e-01,2.732638888889444284e-01,2.792824074074110596e-01,5.553240740740554848e-01,6.096064814817777622e-01
0.000000000000000000e+00,9.370370370377946456e-02,3.862962962962778191e-01,4.278703703703889971e-01,5.598148148148331948e-01,5.725925925925000604e-01,4.866666666666666363e-01,4.968518518518332816e-01,5.427777777777221813e-01,5.562962962962779701e-01,4.086111111109999583e-01,3.835185185184444290e-01
0.000000000000000000e+00,5.687830687829166509e-02,1.665343915344166537e-01,2.933862433862110541e-01,3.051587301587221912e-01,3.347883597881777806e-01,2.604497354496777550e-01,0.000000000000000000e+00,0.000000000000000000e+00,0.000000000000000000e+00,0.000000000000000000e+00,2.910052910050000066e-02
4.321759259259444486e-01,7.281250000000555334e-01,7.983796296294443096e-01,7.989583333328333925e-01,6.670138888886111284e-01,6.804398148148889103e-01,7.303240740741667736e-01,7.418981481481109475e-01,8.094907407407778699e-01,8.605324074073332774e-01,9.606481481480000362e-01,9.486111111108888050e-01
1.870370370371111091e-01,4.875925925926483662e-01,6.388888888890555950e-01,7.609259259259444352e-01,7.944444444443888864e-01,7.818518518524998351e-01,7.287037037040000609e-01,7.492592592592222100e-01,8.422222222220555610e-01,9.527777777781667456e-01,1.089629629629611074e+00,1.088888888888944306e+00
7.711640211627779351e-02,1.604497354495000028e-01,2.747354497351221503e-01,3.939153439153000313e-01,3.999999999998889444e-01,4.322751322751111624e-01,3.421957671956666336e-01,9.880952380954720338e-02,8.941798941788889343e-02,6.984126984121113990e-02,1.705026455027055521e-01,2.711640211641666576e-01
1.399074074075777885e-01,1.511111111110572391e-01,2.275925925925555426e-01,2.725925925925055671e-01,3.029629629629833065e-01,3.012962962962777436e-01,2.791666666666666741e-01,3.080555555554444491e-01,3.378703703704277195e-01,3.574074074075000440e-01,3.835185185185166490e-01,3.427777777778722168e-01
2.075925925925944382e-01,3.652777777777778123e-01,5.126851851851110808e-01,6.232407407406108657e-01,6.286111111111112315e-01,6.411111111110000538e-01,5.714814814816110422e-01,5.478703703703888817e-01,4.995370370370555979e-01,5.570370370372779156e-01,6.551851851852220632e-01,7.296296296293888206e-01
9.224537037033334053e-02,1.362268518518888749e-01,1.951388888889110940e-01,2.325231481481277729e-01,2.788194444443499731e-01,2.752314814815000066e-01,2.399305555555722724e-01,2.208333333333722670e-01,1.745370370370755708e-01,2.258101851851666841e-01,3.393518518518722216e-01,4.009259259258889374e-01
6.064814814816833766e-02,1.782407407407405886e-01,5.643518518517778304e-01,6.606481481483500451e-01,6.347222222221666765e-01,5.800925925921500692e-01,5.819444444445556197e-01,3.726851851850166986e-01,3.319444444446111309e-01,3.625000000000349609e-01,6.648148148148331771e-01,9.134259259259276398e-01
9.629629629616388853e-02,3.095679012345582959e-01,4.249999999997999822e-01,5.135802469135444248e-01,5.148148148148833370e-01,5.169753086417165910e-01,4.944444444444278108e-01,3.845679012345890047e-01,3.098765432097833061e-01,3.240740740739445069e-01,5.351851851845028651e-01,6.447530864193333766e-01
4.679629629629445398e-01,6.310185185184443712e-01,6.978703703705555483e-01,6.181481481481667650e-01,6.924074074073889307e-01,7.110185185187777313e-01,7.148148148148333325e-01,6.785185185184999801e-01,4.627777777778333546e-01,4.152777777777776902e-01,6.125925925925556070e-01,6.243518518518889060e-01
2.411522633742888833e-01,4.540123456789999512e-01,4.582304526746667217e-01,4.804526748971111871e-01,5.047325102881110581e-01,4.977366255144444196e-01,5.427983539093889087e-01,4.297325102880555914e-01,3.473251028805555141e-01,2.605967078186611219e-01,3.959876543207221933e-01,4.113168724278888910e-01
1.379629629629277598e-01,1.633101851851500030e-01,2.553240740740888581e-01,3.609953703703888683e-01,4.854166666667222851e-01,5.267361111112223160e-01,4.626157407406666922e-01,3.814814814815388755e-01,3.019675925926499915e-01,3.341435185185333556e-01,4.092592592591667300e-01,4.067129629628888909e-01
3.194444444443889086e-02,6.990740740742779069e-02,1.484953703703333350e-01,3.275462962963333058e-01,4.026620370371500335e-01,4.337962962962778057e-01,3.969907407407222144e-01,3.587962962963722191e-01,2.182870370370721957e-01,1.696759259259833230e-01,2.571759259259999708e-01,2.645833333332611170e-01
4.468749999999999667e-01,5.883101851852221564e-01,6.912037037036666831e-01,7.578703703705554906e-01,6.945601851851110897e-01,7.381944444443886422e-01,6.565972222221666543e-01,5.694444444443890196e-01,5.068287037038333720e-01,3.907407407407222366e-01,4.932870370367776758e-01,4.519675925927222337e-01
1.336805555555722058e-01,2.427083333334110749e-01,3.858796296296500006e-01,5.031250000000000444e-01,5.520833333333333703e-01,5.431712962961666724e-01,5.184027777777222568e-01,3.968750000000166311e-01,4.315972222222778099e-01,4.334490740739055936e-01,4.212962962963333613e-01,3.887731481482778473e-01
1.788720538718611142e-01,2.180976430975611058e-01,3.400673400670555790e-01,4.592592592591667189e-01,5.295454545453888162e-01,4.463804713802221324e-01,4.019360269358333015e-01,4.063973063971666466e-01,4.339225589224333657e-01,4.623737373735556933e-01,5.956228956232778593e-01,6.085016835017222903e-01
2.334757834755777639e-01,2.792022792020055211e-01,3.532051282050143737e-01,3.935185185185555712e-01,3.876780626781111128e-01,3.521367521365555420e-01,3.530626780625889527e-01,3.633190883188943676e-01,3.302706552704722243e-01,3.001424501422666480e-01,4.041310541311001203e-01,4.924501424501834257e-01
2.537037037036833365e-01,3.180555555554999692e-01,5.346296296296666473e-01,6.625925925925556514e-01,6.557407407409444611e-01,6.142592592592222012e-01,5.454629629629443865e-01,5.047222222222776944e-01,5.624074074074999485e-01,6.329629629628890086e-01,6.676851851852221298e-01,7.729629629628887999e-01
2.752645502645167386e-01,4.369047619046583786e-01,4.806878306878334395e-01,5.149470899471109142e-01,6.041005291004499789e-01,5.263227513228111443e-01,4.960317460317777982e-01,4.335978835979444335e-01,3.206349206348333425e-01,4.403439153439111520e-01,5.690476190478332974e-01,6.115079365078333051e-01
2.188657407407166577e-01,3.444444444445555753e-01,5.962962962963889169e-01,6.030092592593332412e-01,6.893518518520558302e-01,5.724537037037777942e-01,4.358796296295944228e-01,4.060185185184445045e-01,4.216435185185555268e-01,4.590277777777054813e-01,5.506944444443333531e-01,4.957175925925554338e-01
1.080246913577777995e-02,2.006172839505555860e-02,1.055555555553888691e-01,9.629629629617221520e-02,6.481481481472221862e-02,7.932098765427778031e-02,8.209876543210554989e-02,6.604938271599999910e-02,4.320987654316110760e-02,5.401234567893332950e-02,1.882716049382222867e-02,6.141975308627777019e-02
2.079365079363500179e-01,3.194444444444277664e-01,4.798941798942779613e-01,6.000000000000110800e-01,6.333333333331889747e-01,6.092592592593332190e-01,6.037037037038334164e-01,5.968253968254444430e-01,5.208994708995000611e-01,6.284391534393888312e-01,6.415343915346111148e-01,5.854497354496666084e-01
2.581481481482055806e-01,3.537037037037389364e-01,5.570370370370554269e-01,7.077777777776109724e-01,7.509259259256667596e-01,7.461111111113888361e-01,6.796296296294443984e-01,7.775925925922223536e-01,8.779629629627222487e-01,9.714814814813332866e-01,1.164259259259777801e+00,9.918518518516667992e-01
4.504629629629999243e-01,6.164351851851667119e-01,6.944444444445000419e-01,6.976851851850556230e-01,6.569444444442222864e-01,7.057870370369999646e-01,6.738425925923889892e-01,6.923611111110556937e-01,4.226851851852388986e-01,4.046296296297056672e-01,4.449074074074444995e-01,4.490740740740000181e-01
5.797619047618055577e-01,8.302910052911109950e-01,9.582010582019447886e-01,9.369047619051110720e-01,8.853174603178888269e-01,9.429894179902221785e-01,8.728835978837222731e-01,7.806878306879445617e-01,5.492063492061111107e-01,5.937830687828333787e-01,7.443121693128332828e-01,6.727513227511110472e-01
3.480324074073333218e-01,7.510416666666667185e-01,9.024305555554997804e-01,9.070601851856109343e-01,8.122685185186110379e-01,7.982638888887777506e-01,8.025462962960000501e-01,7.175925925922223003e-01,6.087962962963334723e-01,4.010416666666666297e-01,3.671296296295555872e-01,4.616898148148500525e-01
2.479166666666483276e-01,6.449074074075000773e-01,8.796296296296112205e-01,9.435185185185555046e-01,9.219907407407776923e-01,7.233796296298332651e-01,7.016203703701665573e-01,6.590277777779445234e-01,5.064814814815555843e-01,4.094907407407222255e-01,3.756944444444443865e-01,4.368055555555556135e-01
2.431216931215055554e-01,4.572751322751666403e-01,5.708994708998887946e-01,6.082010582009997890e-01,6.526455026454999198e-01,6.408730158734444737e-01,7.173280423283889817e-01,7.380952380950555058e-01,5.686507936508333749e-01,4.149470899469916430e-01,3.637566137565111379e-01,2.726190476189166989e-01
3.756613756608889049e-02,5.687830687826112008e-02,1.342592592591055622e-01,1.779100529098778527e-01,1.599206349205166688e-01,1.566137566136444337e-01,1.547619047617333488e-01,1.494708994707555361e-01,1.173280423279222245e-01,4.947089947090278078e-02,3.584656084655000324e-02,1.865079365077777773e-02
1.200617283952166853e-01,3.149691358025722421e-01,5.333333333332221926e-01,6.242283950619444965e-01,7.040123456793888623e-01,6.112654320990222878e-01,5.527777777775000345e-01,4.637345679013333277e-01,4.243827160494444417e-01,5.032407407406667144e-01,7.212962962961666502e-01,7.765432098767225400e-01
7.425925925921667003e-02,1.811111111111111116e-01,3.416666666666666741e-01,4.862962962964666458e-01,6.068518518521666127e-01,6.361111111111111827e-01,5.068518518518499993e-01,3.566666666667039354e-01,3.111111111111667382e-01,4.431481481480554763e-01,7.968518518518888927e-01,9.144444444447776821e-01
4.398148148144444790e-03,3.356481481479444556e-02,1.856481481481166429e-01,4.458333333334611459e-01,4.023148148148500414e-01,4.289351851851794795e-01,4.525462962963888169e-01,2.719907407407611277e-01,1.395833333333111048e-01,1.175925925926277482e-01,1.143518518518888694e-01,6.759259259255555319e-02
1.259259259257905494e-01,2.844907407407222255e-01,5.442129629630000354e-01,6.984953703703333794e-01,7.366319444444999753e-01,7.618055555555000025e-01,7.002893518518890081e-01,6.188657407406668032e-01,6.353009259259445596e-01,7.192708333332222814e-01,8.524305555558332470e-01,8.998263888887776396e-01
6.597222222220555654e-02,1.983796296296277961e-01,4.652777777776110901e-01,5.965277777777610035e-01,5.532407407405001143e-01,5.905092592591110190e-01,4.016203703702945216e-01,2.314814814816666720e-04,0.000000000000000000e+00,0.000000000000000000e+00,4.074074074074444662e-01,6.752314814813332733e-01
2.079861111111166727e-01,3.168981481482389118e-01,4.184027777777610257e-01,4.241898148148333103e-01,4.461805555555000136e-01,4.439814814815555843e-01,4.137731481482778140e-01,3.567129629630555465e-01,3.584490740740000070e-01,3.490740740740556070e-01,5.670138888888890394e-01,5.901620370369445867e-01
3.509259259258945551e-01,5.503086419748888236e-01,5.996913580249443321e-01,4.500000000000056177e-01,4.629629629628888576e-01,5.274691358022445264e-01,4.765432098763333069e-01,4.314814814815555177e-01,4.046296296295555650e-01,4.339506172839389664e-01,7.385802469137222603e-01,8.135802469137778381e-01
2.990740740741111292e-01,5.539351851850554675e-01,7.967592592591110634e-01,9.340277777780000568e-01,9.499999999996110445e-01,8.965277777776111678e-01,7.719907407406666477e-01,6.986111111112223160e-01,5.814814814814999178e-01,5.222222222224223165e-01,5.888888888892778173e-01,6.226851851853332231e-01
2.355967078188444530e-01,4.818930041151667232e-01,6.549382716051109776e-01,7.407407407408889144e-01,7.211934156379998795e-01,6.843621399180555009e-01,6.398148148150001324e-01,6.220164609054444904e-01,5.468106995885000376e-01,4.430041152262221837e-01,4.254115226335721811e-01,4.049382716048334219e-01
2.837448559667777315e-01,4.047325102880556802e-01,5.282921810698888443e-01,5.781893004116666068e-01,5.699588477366110961e-01,5.794238683128333234e-01,5.618312757198888896e-01,5.992798353908888043e-01,5.849794238686556458e-01,6.155349794239444172e-01,6.864197530866111840e-01,6.934156378601109560e-01
3.003703703704444505e-01,3.822222222222221855e-01,4.722222222222222099e-01,5.292592592593500234e-01,5.246296296295555051e-01,5.168518518518332439e-01,4.333333333332777815e-01,4.620370370371111313e-01,5.596296296295723005e-01,6.979629629631667331e-01,7.714814814815552646e-01,7.314814814814445398e-01
2.197530864199333800e-01,3.211419753086888762e-01,5.362654320990000167e-01,6.078703703704443351e-01,6.029320987654277486e-01,7.168209876542775971e-01,6.060185185184500112e-01,5.462962962964277303e-01,5.310185185192445312e-01,4.450617283948100633e-01,4.890432098766665514e-01,4.733024691359500880e-01
2.445156695155166759e-01,3.958689458688888774e-01,5.843304843301111440e-01,6.371082621082779784e-01,6.665242165242221128e-01,6.624643874644999819e-01,5.518518518518888971e-01,4.905270655270554392e-01,3.807692307691110667e-01,3.326923076922277955e-01,4.570512820513666363e-01,4.442307692308332112e-01
4.650793650794445289e-01,6.246031746031667220e-01,6.817460317462776809e-01,6.370370370372778757e-01,6.477513227517777139e-01,6.708994708998333723e-01,6.525132275136668047e-01,5.757936507937778670e-01,4.289682539683306040e-01,3.818783068782777845e-01,4.925925925926110671e-01,4.329365079364166924e-01
6.140046296296499673e-01,7.712962962962778279e-01,9.381944444451667531e-01,8.278935185189443269e-01,8.799768518520001415e-01,9.315972222222220767e-01,8.760416666665000740e-01,7.708333333335555260e-01,6.027777777777223456e-01,6.276620370369998536e-01,6.972222222221666765e-01,6.930555555557776914e-01
7.624074074077222818e-01,1.026111111111111196e+00,1.165555555555777723e+00,1.166111111111444387e+00,1.097592592592611105e+00,1.090555555556888656e+00,1.042592592592444412e+00,9.399999999996112576e-01,6.412962962963888458e-01,5.311111111111110894e-01,5.525925925926666871e-01,5.464814814817221533e-01
2.899470899469278051e-01,6.788359788362221536e-01,8.740740740744444848e-01,8.869047619048889830e-01,8.326719576717777072e-01,7.876984126988889612e-01,7.259259259260555375e-01,7.518518518518889637e-01,6.013227513229444376e-01,5.956349206352222758e-01,6.862433862435000087e-01,6.171957671957777336e-01
3.811342592593332523e-01,5.126157407408332700e-01,5.246527777777777457e-01,5.454861111111667382e-01,6.002314814814999622e-01,5.863425925926111226e-01,5.753472222222778543e-01,5.418981481481666140e-01,4.538194444444444975e-01,4.245370370369999646e-01,4.283564814816111510e-01,3.535879629630000465e-01
1.310846560845861097e-01,4.937830687831110676e-01,7.830687830688334294e-01,8.398148148150554881e-01,8.490740740741111736e-01,7.316137566138332105e-01,6.837301587301666261e-01,7.703703703707222017e-01,6.734126984129445992e-01,5.927248677249443709e-01,5.814814814813833443e-01,5.085978835978556267e-01
2.384259259257833774e-01,3.132716049383333368e-01,4.115740740741667403e-01,4.214506172839333487e-01,4.070987654321112093e-01,4.432098765431666809e-01,4.560185185183888712e-01,4.825617283950554559e-01,5.331790123456667807e-01,6.615740740741277159e-01,7.334876543209999378e-01,7.609567901239443488e-01
1.826388888888888784e-01,2.531250000000944689e-01,2.937499999999055311e-01,3.622685185185554602e-01,3.884259259258888708e-01,3.809027777778721258e-01,3.688657407407611166e-01,3.903935185184999601e-01,4.020833333332777260e-01,5.277777777777777901e-01,6.667824074076110774e-01,7.534722222217222765e-01
1.965608465607388555e-01,5.010582010584443413e-01,7.365079365081445006e-01,8.743386243388888701e-01,9.289682539690554686e-01,9.043650793651666353e-01,8.071428571430554477e-01,7.548941798942777615e-01,7.189153439154445380e-01,6.259259259262778263e-01,6.186507936508888195e-01,5.261904761904999672e-01
6.550925925922222726e-02,1.460648148148166736e-01,8.634259259258889041e-02,2.189814814815166932e-01,2.798611111111111160e-01,2.842592592592777523e-01,4.081018518518499949e-01,4.039351851853722475e-01,4.310185185188000201e-01,3.513888888888316853e-01,3.282407407408500233e-01,2.571759259258722397e-01
2.587962962963211155e-01,2.899691358023983589e-01,3.478395061728944415e-01,4.108024691357222702e-01,4.398148148147222325e-01,4.416666666666666519e-01,3.868827160493721884e-01,3.586419753085444140e-01,3.439814814813333399e-01,3.103395061728444482e-01,2.929012345678888574e-01,3.297839506172221546e-01
0.000000000000000000e+00,7.175925925944444048e-03,8.101851851833333229e-03,0.000000000000000000e+00,0.000000000000000000e+00,2.083333333333333304e-03,2.314814814816666720e-04,8.101851851833333229e-03,1.388888888888888812e-02,1.481481481479444279e-02,1.296296296294444442e-02,0.000000000000000000e+00
3.904761904762221736e-01,4.662698412698333406e-01,5.505291005291110817e-01,7.182539682544444304e-01,7.825396825399444367e-01,7.617724867726111126e-01,7.773809523805000898e-01,8.667989417988889445e-01,8.841269841276111485e-01,8.873015873024444611e-01,8.646825396818889065e-01,7.906084656081664441e-01
2.363425925925333182e-01,3.881944444443889419e-01,5.193287037038333276e-01,5.443287037037222165e-01,6.077546296295556205e-01,5.734953703704444017e-01,5.631944444445166065e-01,5.445601851850390140e-01,6.302083333334443926e-01,6.799768518516110527e-01,7.618055555561109582e-01,7.900462962961665170e-01
0.000000000000000000e+00,1.555555555555110936e-01,4.117283950616666410e-01,4.712962962961888547e-01,6.731481481482221030e-01,5.151234567902222006e-01,3.827160493826555210e-01,1.864197530864277752e-01,3.086419753083332967e-04,0.000000000000000000e+00,0.000000000000000000e+00,0.000000000000000000e+00
2.298353909462888256e-01,2.797325102878833736e-01,3.144032921809389314e-01,3.593621399176055720e-01,4.006172839504722472e-01,4.040123456790611911e-01,4.038065843619998985e-01,4.343621399177222120e-01,3.881687242797222104e-01,4.267489711932777596e-01,5.918724279836111712e-01,6.696502057614028836e-01
2.208847736623166247e-01,5.959876543208055821e-01,7.347736625513333619e-01,8.255144032922222541e-01,8.969135802463887863e-01,9.113168724273332799e-01,8.530864197526666359e-01,8.386831275718887868e-01,8.508230452672222999e-01,9.694444444434444641e-01,1.085596707817888751e+00,1.040637860081722099e+00
1.145833333332961085e-01,3.570601851850944142e-01,5.478009259258889152e-01,6.785879629628889242e-01,7.589120370371664759e-01,7.432870370370000535e-01,6.968749999999445111e-01,7.057870370370555868e-01,8.590277777782220348e-01,9.251157407410555145e-01,9.629629629626111909e-01,9.285879629633890797e-01
0.000000000000000000e+00,2.591563786007944348e-01,5.489711934157778250e-01,6.638888888888333506e-01,7.122427983541665952e-01,6.097736625508889396e-01,4.258230452675000888e-01,1.440329218105555276e-03,0.000000000000000000e+00,0.000000000000000000e+00,0.000000000000000000e+00,2.490740740737999170e-01
2.037037037038889106e-03,9.305555555559444011e-03,1.384259259259055554e-02,1.583333333333144383e-02,2.060185185185555226e-02,1.736111111111666647e-02,2.587962962963333280e-02,2.717592592592405626e-02,3.708333333329627557e-02,3.078703703704444711e-02,2.055555555555555955e-02,1.444444444444627738e-02
5.092592592596111023e-02,1.706018518518333249e-01,4.364583333333722504e-01,5.440972222221112098e-01,6.096064814813888511e-01,5.371527777777778123e-01,4.998842592590554967e-01,4.413194444444444309e-01,4.108796296296110540e-01,4.266203703703889127e-01,4.633101851852777786e-01,4.454861111111111382e-01
3.261574074073332885e-01,6.965277777778888790e-01,9.506944444443331532e-01,1.090509259259277774e+00,1.084953703703555483e+00,9.138888888891667506e-01,6.673611111110555605e-01,0.000000000000000000e+00,0.000000000000000000e+00,0.000000000000000000e+00,7.013888888889278916e-02,1.171296296296277795e-01
1.396011396010666816e-01,2.677350427348722528e-01,3.841168091166667908e-01,3.910256410256111037e-01,4.522079772078333448e-01,4.226495726494999272e-01,4.226495726493888494e-01,3.562678062676666313e-01,3.858262108261666934e-01,5.148860398860000132e-01,5.653846153846665556e-01,6.337606837608333876e-01
5.512820512817777352e-02,1.223646723645944318e-01,2.433048433046111070e-01,3.483618233615555781e-01,4.890313390313889008e-01,4.710826210824999860e-01,3.730056980054999860e-01,3.603988603986388317e-01,3.662393162393333679e-01,4.979344729346666387e-01,6.236467236468331565e-01,7.450142450143889539e-01
4.113425925926222360e-01,7.179783950617222299e-01,9.097222222219443211e-01,1.068595679011889121e+00,1.119367283950833292e+00,1.147762345678888796e+00,1.183024691357722258e+00,1.131944444444388909e+00,1.315509259258833108e+00,1.416435185185555445e+00,1.467515432099999906e+00,1.395910493827555721e+00
2.016203703703833561e-01,3.992283950619444632e-01,5.880401234568889413e-01,7.359567901234446152e-01,7.967592592591109524e-01,7.799382716049998443e-01,7.250771604938335280e-01,6.895061728394999978e-01,7.278549382715555627e-01,7.623456790122221660e-01,7.976851851849444675e-01,7.495370370370554314e-01
7.981481481479998918e-02,2.190740740740555192e-01,3.392592592593722811e-01,3.612962962962961710e-01,3.844444444443333442e-01,4.322222222223333632e-01,4.138888888888500039e-01,4.833333333331665260e-01,5.372222222224445343e-01,5.274074074074444063e-01,7.179629629628333509e-01,1.118703703703555430e+00
9.953703703710556350e-02,3.180555555555832914e-01,5.473765432101110884e-01,7.657407407410000699e-01,7.626543209879442786e-01,7.958333333336111703e-01,7.841049382721111405e-01,8.723765432098889994e-01,9.453703703703332240e-01,9.288580246916110505e-01,9.905864197528890802e-01,1.001851851851722319e+00
0.000000000000000000e+00,2.893518518520000332e-02,1.340277777778927926e-01,2.645833333332944792e-01,5.380787037036667275e-01,3.254629629629610665e-01,2.866898148147999370e-01,2.803240740740555181e-01,2.586805555555166114e-01,2.376157407408333311e-01,2.443287037037056020e-01,1.758101851851444630e-01
0.000000000000000000e+00,7.638888888886666284e-02,1.576388888888149986e-01,2.351851851851666786e-01,3.340277777778721813e-01,3.439814814814277644e-01,2.715277777777054813e-01,0.000000000000000000e+00,0.000000000000000000e+00,0.000000000000000000e+00,0.000000000000000000e+00,2.199074074072222135e-02
0.000000000000000000e+00,3.601851851851777808e-01,7.914021164025556443e-01,8.677248677256111931e-01,9.298941798939446279e-01,9.007936507936111781e-01,6.816137566136666326e-01,0.000000000000000000e+00,0.000000000000000000e+00,0.000000000000000000e+00,0.000000000000000000e+00,2.874338624338778625e-01
1.605387205386221983e-01,2.398400673399555538e-01,3.632996632996666198e-01,4.104713804713333580e-01,4.808585858586111872e-01,4.943181818179999687e-01,4.651683501683889777e-01,4.877861952861667350e-01,4.536531986531111560e-01,4.639393939394444999e-01,4.776515151514444946e-01,4.878282828282777261e-01
1.935185185184277457e-01,3.567901234567611990e-01,5.984567901232220599e-01,6.879629629626666798e-01,8.104938271600554689e-01,7.549382716041113106e-01,6.425925925922777449e-01,5.817901234566499324e-01,6.484567901233889708e-01,9.388888888878889061e-01,1.122222222221666676e+00,1.177777777777611057e+00
1.600823045266221989e-01,3.843621399174445008e-01,4.743827160492222195e-01,5.393004115226667228e-01,7.046296296298332207e-01,6.823045267488333510e-01,6.555555555553332914e-01,6.000000000001111111e-01,6.765432098765555846e-01,9.043209876542223080e-01,9.498971193412779623e-01,1.010082304526166652e+00
2.341049382716110794e-01,5.030864197531109694e-01,7.927469135799445343e-01,8.758487654322222316e-01,9.172067901230001041e-01,9.081790123456665587e-01,9.376543209875555229e-01,9.129629629636111243e-01,8.984567901229999487e-01,9.573302469137777715e-01,1.029320987654388952e+00,9.709876543211110045e-01
3.309764309763333356e-01,7.435185185187221935e-01,9.006734006734998799e-01,9.121212121221111691e-01,9.312289562302223933e-01,9.275252525253334657e-01,9.404882154892777457e-01,9.287878787885553988e-01,9.277777777784445012e-01,9.788720538727222475e-01,1.045538720539444411e+00,1.065572390573166661e+00
1.501322751321610971e-01,2.201058201058222474e-01,2.472222222221610866e-01,2.583333333332111237e-01,2.480158730158721903e-01,1.875661375661222263e-01,1.544973544972750024e-01,3.439153439149999700e-03,0.000000000000000000e+00,0.000000000000000000e+00,1.322751322749999843e-04,6.600529100524445136e-02
2.178571428570055812e-01,3.251322751321665816e-01,4.505291005289444595e-01,4.425925925925111581e-01,5.607142857143333492e-01,4.621693121692777573e-01,4.699735449734999126e-01,4.732804232802778066e-01,4.366402116402222644e-01,4.945767195766667679e-01,6.660052910055556108e-01,6.156084656086110440e-01
3.957818930040722383e-01,4.437242798352777906e-01,5.421810699589445504e-01,5.688271604936666614e-01,6.246913580246665765e-01,5.797325102881666359e-01,5.877572016461666271e-01,6.349794238683889036e-01,6.974279835391666849e-01,7.870370370372222757e-01,9.574074074072220775e-01,1.013168724278388888e+00
1.694444444444444253e-01,3.175925925927778337e-01,4.814814814816833488e-01,4.675925925927055804e-01,5.675925925924444337e-01,4.407407407404611011e-01,3.416666666664611163e-01,4.379629629629999688e-01,4.148148148147610681e-01,1.296296296296111095e-01,1.481481481482222196e-01,3.037037037036833254e-01
3.042592592592406331e-01,6.427777777779445367e-01,9.427777777774443146e-01,9.475925925923331938e-01,9.887037037027780473e-01,9.561111111112778893e-01,8.675925925930555449e-01,8.700000000003890177e-01,7.657407407409445588e-01,7.062962962963890146e-01,8.316666666661112206e-01,7.907407407403332922e-01
3.719907407407221367e-01,7.609953703703888905e-01,8.603009259259445374e-01,8.837962962962777613e-01,8.937500000003887335e-01,7.619212962961112723e-01,7.420138888891112394e-01,8.143518518520000971e-01,7.968749999994998445e-01,7.638888888888888395e-01,8.774305555551111802e-01,8.394675925926111670e-01
2.025132275131000248e-01,5.407407407407779365e-01,7.623015873016666388e-01,8.055555555559998915e-01,8.617724867726666016e-01,8.126984126985556944e-01,7.421957671962778891e-01,6.457671957675555907e-01,5.468253968252776431e-01,5.022486772488333751e-01,5.878306878307777428e-01,6.509259259261667152e-01
2.518518518516111304e-01,4.605967078189999175e-01,7.169753086418333421e-01,7.830246913575554801e-01,8.447530864187222654e-01,7.893004115233890339e-01,8.184156378596667558e-01,7.728395061730002347e-01,7.018518518520001637e-01,5.825102880660000260e-01,5.380658436215001172e-01,5.123456790123888105e-01
2.277777777778333124e-01,3.540123456790833512e-01,6.259259259260555597e-01,7.479938271605555133e-01,8.609567901237777932e-01,7.416666666663890295e-01,6.135802469139445270e-01,5.790123456790555734e-01,6.114197530866666286e-01,6.310185185184999934e-01,7.347222222220556320e-01,6.506172839503889804e-01
3.203703703701887839e-01,4.864197530864444730e-01,6.984567901233333931e-01,7.722222222222222543e-01,9.382716049382777701e-01,7.743827160489443751e-01,8.231481481479998585e-01,6.737654320988889500e-01,6.969135802463334306e-01,7.404320987651111796e-01,8.209876543201111154e-01,8.706790123451111363e-01
2.384259259259833286e-01,6.412037037036665277e-01,8.296296296299999762e-01,8.171296296290555539e-01,8.278935185186111489e-01,7.841435185184999490e-01,7.494212962963333613e-01,6.680555555555556246e-01,4.505787037037222165e-01,3.293981481481666473e-01,4.510416666666666741e-01,4.969907407407221367e-01
4.236111111111110494e-01,7.292592592591667922e-01,7.485185185183886869e-01,7.260185185183886114e-01,8.425925925928334781e-01,8.559259259254999863e-01,8.318518518519444349e-01,8.052777777777778700e-01,6.728703703704445038e-01,5.073148148148334258e-01,5.904629629628889154e-01,5.012962962962778102e-01
0.000000000000000000e+00,0.000000000000000000e+00,9.259259259277777786e-04,5.050505050505555739e-03,4.124579124577777527e-03,0.000000000000000000e+00,0.000000000000000000e+00,0.000000000000000000e+00,0.000000000000000000e+00,0.000000000000000000e+00,0.000000000000000000e+00,0.000000000000000000e+00
0.000000000000000000e+00,0.000000000000000000e+00,0.000000000000000000e+00,0.000000000000000000e+00,0.000000000000000000e+00,0.000000000000000000e+00,0.000000000000000000e+00,0.000000000000000000e+00,0.000000000000000000e+00,0.000000000000000000e+00,0.000000000000000000e+00,0.000000000000000000e+00
1.332716049383444457e-01,2.087654320986444267e-01,2.733950617283611439e-01,4.201234567900000716e-01,5.604320987654000108e-01,5.382716049381666146e-01,5.370987654320554805e-01,5.255555555554445313e-01,4.936419753086112028e-01,5.558024691357776881e-01,6.185185185188334378e-01,6.308641975307778260e-01
2.904320987652889152e-01,3.792181069957665795e-01,3.934156378599111270e-01,5.446502057612776504e-01,6.812757201644999983e-01,6.394032921810555159e-01,5.297325102881667025e-01,4.302469135802110545e-01,4.029835390945555318e-01,4.344650205761222406e-01,5.795267489707778275e-01,6.814814814811666066e-01
3.956790123456110919e-01,4.006172839504722472e-01,4.466049382718833560e-01,6.385802469137777937e-01,6.753086419755889303e-01,6.080246913577221912e-01,5.376543209876110119e-01,4.274691358023889332e-01,4.061728395061110497e-01,4.783950617284166706e-01,6.250000000000000000e-01,6.790123456789998180e-01
1.204429920116944497e-01,2.127814088599333520e-01,4.103086419752221548e-01,6.544008714596666332e-01,8.678431372548889300e-01,8.934313725485556468e-01,8.603631082057222601e-01,8.491067538124444924e-01,8.539651416118889671e-01,8.852832244003334683e-01,8.880755265067779014e-01,7.811946259985554919e-01
1.523148148148516789e-01,3.417824074075555552e-01,6.289351851853886011e-01,9.045138888891111062e-01,1.094907407407222255e+00,1.046296296296277850e+00,9.604166666666666963e-01,9.540509259262778263e-01,9.609953703706666239e-01,1.063078703703166816e+00,1.158796296295721895e+00,1.179745370370722135e+00
3.462962962962221614e-01,4.061111111111666006e-01,4.127777777777944523e-01,3.403703703703538919e-01,3.464814814814444199e-01,3.629629629629444465e-01,1.699999999999816935e-01,1.027777777778166590e-01,2.481481481481666307e-02,2.037037037038888672e-03,2.962962962962777634e-03,3.568518518519444016e-01
3.932098765432222587e-01,4.669753086420167509e-01,4.608024691358555414e-01,4.706790123457444963e-01,5.577160493830000121e-01,5.833333333327778147e-01,4.771604938268889096e-01,3.993827160493556017e-01,2.493827160493388984e-01,2.842592592593083389e-01,3.444444444440944442e-01,5.179012345675000351e-01
1.475308641975983381e-01,2.870370370369499935e-01,4.563271604938666237e-01,5.043209876544444414e-01,5.546296296295555317e-01,4.339506172839777687e-01,3.891975308642111053e-01,3.964506172838333509e-01,3.918209876543888859e-01,4.131172839506889183e-01,4.214506172838611286e-01,5.268518518517777416e-01
1.580246913581666857e-01,2.064814814815610911e-01,3.490740740741277159e-01,4.239197530864444730e-01,4.415123456789999956e-01,4.587962962963333946e-01,4.254629629629999577e-01,3.989197530863333174e-01,2.697530864197722478e-01,2.620370370371194468e-01,3.915123456788722756e-01,3.955246913580000023e-01
5.393518518514999610e-02,6.874999999999999167e-02,1.715277777778000112e-01,2.280092592592222189e-01,2.673611111111833250e-01,2.162037037036666498e-01,1.560185185185205547e-01,1.157407407406849942e-01,2.155092592592777745e-01,2.951388888889445172e-01,3.363425925928333893e-01,3.067129629630166998e-01
9.629629629629997412e-02,3.393518518518166549e-01,5.226851851853167030e-01,5.990740740741666848e-01,5.342592592594445078e-01,6.574074074073333884e-01,7.337962962959628799e-01,3.944444444443888642e-01,4.375000000001111333e-01,6.657407407411111144e-01,9.481481481483334806e-01,9.865740740735555736e-01
5.851851851857777648e-02,1.940740740740944381e-01,4.103703703703333039e-01,5.340740740741111159e-01,4.642592592592388878e-01,4.296296296296111539e-01,3.572222222221833055e-01,3.020370370370721869e-01,2.392592592592778233e-01,3.166666666667222740e-01,5.470370370370554181e-01,6.414814814815554822e-01
1.300925925925722204e-01,2.008333333332944504e-01,2.804629629628888066e-01,4.261111111111111072e-01,4.387962962963334324e-01,4.411111111112056005e-01,4.223148148149056258e-01,3.604629629628888776e-01,3.594444444444055420e-01,3.707407407407222744e-01,5.062962962962221924e-01,5.099999999999443867e-01
1.679012345678777551e-01,2.564814814814649901e-01,4.251543209876667007e-01,4.720679012346667425e-01,5.498456790125554328e-01,6.240740740741110848e-01,6.550925925929999005e-01,6.503086419753277836e-01,7.492283950621110300e-01,7.742283950616666299e-01,8.754629629633332577e-01,9.095679012353331538e-01
2.302910052909611094e-01,3.246031746029888754e-01,4.313492063491111139e-01,5.957671957672222574e-01,6.231481481483888141e-01,5.460317460319444871e-01,5.376984126984445389e-01,4.386243386242778541e-01,3.748677248676111073e-01,3.411375661374944079e-01,4.759259259260000263e-01,4.783068783067222496e-01
3.193287037037055853e-01,5.160879629630000798e-01,7.292824074073332996e-01,8.944444444446667530e-01,9.592592592590557521e-01,8.148148148148331993e-01,7.996527777772223233e-01,7.472222222223888766e-01,6.923611111112778493e-01,5.983796296296111095e-01,7.116898148148887993e-01,7.168981481481666584e-01
3.125925925925722160e-01,5.964814814814444199e-01,6.974074074072776908e-01,8.066666666667778873e-01,8.666666666669444741e-01,7.333333333331109039e-01,7.100000000001667200e-01,6.496296296294444828e-01,6.057407407405556166e-01,6.442592592590555833e-01,6.961111111111110139e-01,6.349999999998332534e-01
2.129629629630183096e-01,5.333333333333889481e-01,6.208333333329778547e-01,6.814814814815000066e-01,7.745370370368332980e-01,7.537037037039445719e-01,7.171296296298331763e-01,6.421296296296112871e-01,7.833333333335389392e-01,6.893518518520556082e-01,8.652777777776111678e-01,9.097222222219111254e-01
1.249338624338944548e-01,1.557539682540722559e-01,1.934523809523111537e-01,2.051587301587444734e-01,2.261904761905111638e-01,2.601851851850777164e-01,2.298941798939666548e-01,1.603835978835110865e-01,1.099867724867672342e-01,1.687169312168838586e-01,1.833333333333277970e-01,1.943121693122611127e-01
1.796296296293833361e-01,3.163580246913333394e-01,3.667695473250555116e-01,4.201646090533888711e-01,4.212962962962221725e-01,3.474279835390000071e-01,3.158436213990445385e-01,2.532921810698222087e-01,2.183127572015333417e-01,2.512345679011444566e-01,2.985596707812722128e-01,3.075102880655666837e-01
1.928240740740538861e-01,3.215277777777222346e-01,5.071759259259445152e-01,7.773148148148334435e-01,8.064814814810555843e-01,7.034722222224444321e-01,4.699074074073721907e-01,9.259259259261111430e-04,0.000000000000000000e+00,0.000000000000000000e+00,4.826388888889277529e-01,7.831018518514443194e-01
1.748456790123888438e-01,2.706790123456444541e-01,4.307098765433489129e-01,4.250000000000500044e-01,4.529320987655000574e-01,4.978395061729111171e-01,4.712962962963332392e-01,4.646604938271723384e-01,6.032407407408888478e-01,6.677469135803333344e-01,6.751543209879444785e-01,7.790123456790554179e-01
2.235185185185761536e-01,4.011111111111110294e-01,4.237037037037223453e-01,4.844444444443889441e-01,5.216666666666111007e-01,5.785185185184443801e-01,4.368518518519444171e-01,2.557407407407777389e-01,0.000000000000000000e+00,0.000000000000000000e+00,7.907407407409056121e-02,2.096296296296666084e-01
1.725925925926111715e-01,4.324074074074444329e-01,6.800000000001666933e-01,7.055555555553889580e-01,6.838888888887946216e-01,7.416666666665554519e-01,7.579629629629445198e-01,7.129629629625554577e-01,6.329629629632779197e-01,6.038888888890002749e-01,5.724074074073889351e-01,4.931481481481667095e-01
2.736111111111555472e-01,6.029320987655001352e-01,8.921296296305000206e-01,8.516975308647777299e-01,8.535493827158888713e-01,9.273148148151667547e-01,8.259259259260557373e-01,7.705246913586665247e-01,6.370370370372777646e-01,4.793209876544444747e-01,5.098765432098888439e-01,5.483024691358888703e-01
2.844907407407943900e-01,8.168981481477222140e-01,1.004629629629721910e+00,1.075462962963110947e+00,1.039236111110999783e+00,9.817129629626111242e-01,9.744212962966667391e-01,9.150462962961110058e-01,7.473379629630555465e-01,5.699074074074998997e-01,5.471064814814445842e-01,6.385416666665000296e-01
2.960185185185000289e-01,5.675000000000555156e-01,6.466666666667220120e-01,7.193518518517776350e-01,7.058333333332779125e-01,6.883333333331110859e-01,7.362962962963890412e-01,6.450000000001110401e-01,5.601851851851666897e-01,5.269444444443889264e-01,5.850925925926110382e-01,6.015740740740554982e-01
3.505787037036666165e-01,5.615740740740556847e-01,7.125000000001112666e-01,8.105324074072778329e-01,7.673611111113334271e-01,7.605324074075000551e-01,6.677083333332777260e-01,6.233796296297221540e-01,6.091435185185000156e-01,5.999999999999442446e-01,7.249999999997222000e-01,7.826388888892222839e-01
2.838624338623888521e-01,6.354497354497777861e-01,8.396825396827722887e-01,8.810846560849999731e-01,8.465608465610000577e-01,7.887566137567220137e-01,8.130952380953332392e-01,7.671957671956667335e-01,6.907407407407222255e-01,7.268518518521110972e-01,8.444444444443889308e-01,8.161375661375555035e-01
2.249999999999666711e-01,4.549768518518888527e-01,6.071759259260000041e-01,6.782407407406111366e-01,7.050925925926666560e-01,5.796296296296665762e-01,5.862268518517221860e-01,6.225694444443888864e-01,6.574074074075002549e-01,7.489583333331111259e-01,8.314814814817224065e-01,7.740740740740555959e-01
3.126851851851499831e-01,4.313888888889999551e-01,5.425000000000557154e-01,6.637037037037777365e-01,7.022222222222221921e-01,7.441666666666111318e-01,7.574999999999445510e-01,6.423148148147777015e-01,5.846296296296666917e-01,5.373148148148332304e-01,5.895370370370001112e-01,6.251851851852777697e-01
8.068783068775833844e-02,2.300264550262944296e-01,3.998677248675944207e-01,4.473544973545554582e-01,5.607142857142777270e-01,5.328042328041665554e-01,3.985449735447221808e-01,0.000000000000000000e+00,0.000000000000000000e+00,0.000000000000000000e+00,2.349206349205722189e-01,6.089947089947223002e-01
3.001543209877221563e-01,3.530864197531111137e-01,6.115740740741111292e-01,7.412037037036111053e-01,7.572530864192221767e-01,8.345679012348332648e-01,7.302469135806667344e-01,8.262345679016667166e-01,7.115740740745000181e-01,6.140432098766112068e-01,6.114197530864444730e-01,5.902777777777221679e-01
6.728395061722222681e-02,1.338477366254888778e-01,3.213991769547221988e-01,4.265432098765555846e-01,3.454732510286888658e-01,2.972222222219610965e-01,1.202674897118222314e-01,0.000000000000000000e+00,0.000000000000000000e+00,0.000000000000000000e+00,6.358024691356110869e-02,1.600823045264555544e-01
2.708912037036277920e-01,4.906828703703333683e-01,6.547453703703889349e-01,6.788194444444441977e-01,6.915509259258334485e-01,6.831018518519442750e-01,6.652777777777777457e-01,6.671296296296110873e-01,5.621527777777223234e-01,3.611111111111111049e-01,2.581018518518500837e-01,1.793402777778499990e-01
1.172453703704072203e-01,3.054398148148555481e-01,5.438657407407222477e-01,7.187500000001665335e-01,7.935185185186666157e-01,6.568287037037222609e-01,4.534722222220000654e-01,0.000000000000000000e+00,0.000000000000000000e+00,0.000000000000000000e+00,1.296296296296111338e-02,6.886574074070556106e-02
0.000000000000000000e+00,1.145061728394972528e-01,4.654320987650555352e-01,6.061728395058501029e-01,7.716049382714442739e-01,6.996913580248333986e-01,5.478395061728332793e-01,0.000000000000000000e+00,0.000000000000000000e+00,0.000000000000000000e+00,1.975308641974444501e-01,3.910493827157222047e-01
5.193518518518889238e-01,5.387962962962777880e-01,6.784259259256667507e-01,8.001851851851111697e-01,7.674999999997776934e-01,8.093518518519998706e-01,8.345370370367221069e-01,8.699999999996110844e-01,8.107407407403889321e-01,7.404629629628334264e-01,8.512962962963332991e-01,9.150925925923889537e-01
1.377104377103527677e-01,2.591750841748888812e-01,3.406565656562777766e-01,3.796296296293333317e-01,3.818181818181222709e-01,3.654040404039167189e-01,3.022727272724278214e-01,3.220538720536111343e-01,3.010101010097778196e-01,3.299663299661110827e-01,4.453703703703888461e-01,4.924242424242777361e-01
3.956790123457222808e-01,6.794753086421667643e-01,8.223765432098888439e-01,7.282407407405555588e-01,7.499999999998889777e-01,7.104938271607221800e-01,6.987654320989999945e-01,6.368827160496111084e-01,5.447530864201109990e-01,5.359567901236665932e-01,7.918209876545000414e-01,8.078703703701667349e-01
1.159259259259111385e-01,2.531481481481500095e-01,4.727777777778333079e-01,5.046296296296666206e-01,4.759259259259443486e-01,4.292592592592166523e-01,3.616666666666499830e-01,3.070370370370166246e-01,2.596296296295722006e-01,2.838888888889055107e-01,5.366666666666667362e-01,5.312962962962778368e-01
2.189458689456833251e-01,4.551994301993333991e-01,6.299145299147776988e-01,7.258547008549999235e-01,7.246438746441667966e-01,6.306267806270554610e-01,5.125356125356109738e-01,4.229344729343889053e-01,4.412393162392222457e-01,5.571225071223887548e-01,7.702279202284443294e-01,8.522792022792777811e-01
4.302469135803333455e-01,5.481481481480554585e-01,6.013888888888888618e-01,5.220679012346667314e-01,6.128086419752221126e-01,6.793209876548335080e-01,6.307098765432779253e-01,4.712962962963888058e-01,3.964506172839722398e-01,5.035493827161111602e-01,6.541666666667222962e-01,7.112654320989999501e-01
2.797222222221444898e-01,3.825000000000000067e-01,4.359259259258889130e-01,4.941666666668333430e-01,5.477777777777222967e-01,4.771296296296667072e-01,5.044444444445556064e-01,5.391666666667220831e-01,5.094444444443888553e-01,6.302777777777778256e-01,7.614814814814443444e-01,7.647222222221666810e-01
1.667695473250083160e-01,4.481294425738333587e-01,5.858866442200000302e-01,6.723905723908889520e-01,6.849700710815000981e-01,6.457818930042777961e-01,5.668911335576111155e-01,4.781612420501666350e-01,4.515899738121110785e-01,5.225402169844444167e-01,7.287411148521666382e-01,8.275533108871666599e-01
1.435956790122350224e-01,3.023919753087389584e-01,4.832561728395555201e-01,6.560956790121666993e-01,6.603395061727223014e-01,5.827160493826111232e-01,4.862654320987666590e-01,3.768518518517777749e-01,3.078703703704833150e-01,3.060185185183888490e-01,6.303240740740556625e-01,8.029320987653332242e-01
1.878306878304500105e-01,3.554232804231055587e-01,4.332010582009445110e-01,5.239417989418332366e-01,6.187830687831111787e-01,5.410052910051665886e-01,4.732804232803889399e-01,4.998677248678054519e-01,4.906084656084999107e-01,5.841269841269444152e-01,6.472222222223888988e-01,6.787037037040001275e-01
2.883597883597277534e-01,3.661375661375333990e-01,3.222222222221832744e-01,3.731481481481722651e-01,4.167989417989166334e-01,4.351851851851777919e-01,4.329365079364999591e-01,4.481481481480555917e-01,3.821428571426722653e-01,3.607142857142222048e-01,4.457671957672277308e-01,4.533068783067777385e-01
5.415223665222776983e-01,8.262265512266666612e-01,9.095959595972780143e-01,9.260762385761667215e-01,9.476190476191665990e-01,9.744107744121109915e-01,9.800384800394442708e-01,9.785473785482220466e-01,8.215848965852777797e-01,6.710437710438889036e-01,6.200577200576111725e-01,5.357263107262224544e-01
3.291666666668333630e-01,5.057539682540554971e-01,4.969576719577222246e-01,5.101190476190554657e-01,6.083333333332221482e-01,5.917989417989443224e-01,5.391534391533333581e-01,4.898809523809444233e-01,4.277777777777778123e-01,3.446428571427221921e-01,3.182539682539056169e-01,3.216931216930555282e-01
1.600823045266611122e-01,4.116255144031667479e-01,7.966049382717776961e-01,8.994855967076110792e-01,9.377572016459999604e-01,9.327160493826666121e-01,7.837448559671111870e-01,6.304526748971110983e-01,5.888888888888890172e-01,5.057613168723334995e-01,5.449588477367223183e-01,5.109053497942221966e-01
9.232804232800556621e-02,2.292328042325777748e-01,4.525132275132222048e-01,6.457671957673334351e-01,6.846560846561667857e-01,6.812169312172220437e-01,5.931216931219445154e-01,4.808201058201110878e-01,3.977513227511499938e-01,3.195767195765499835e-01,3.588624338623611632e-01,3.248677248674111118e-01
5.012345679016110694e-02,7.456790123454999641e-02,1.299382716049027886e-01,1.529629629629722098e-01,2.018518518517772309e-01,2.769753086418444421e-01,2.885802469135783088e-01,3.234567901233333376e-01,3.864814814814444555e-01,3.932098765432055498e-01,4.636419753087777096e-01,4.652469135802221323e-01
7.425925925925554172e-02,2.503703703703721861e-01,5.688888888889445106e-01,7.842592592592221301e-01,9.468518518514442706e-01,8.442592592593889389e-01,6.981481481483334806e-01,6.375925925926111404e-01,6.925925925928334559e-01,8.972222222223334986e-01,9.896296296299998962e-01,9.140740740737223202e-01
2.149305555556278169e-01,3.719907407407778144e-01,5.733796296294999539e-01,7.231481481481666362e-01,7.559027777781111013e-01,7.773148148150000880e-01,7.460648148147779324e-01,5.645833333331277126e-01,5.680555555556666691e-01,6.894675925921667226e-01,8.569444444446667752e-01,9.687500000000000000e-01
1.093749999998888944e-01,3.005787037037221943e-01,4.825231481479611562e-01,5.755787037036667053e-01,5.363425925923889226e-01,5.357638888888888173e-01,4.633101851851666453e-01,4.218749999999611422e-01,4.079861111112222938e-01,3.503472222221277188e-01,4.707175925925944360e-01,5.101851851851499919e-01
9.740740740748334014e-02,9.074074074070000162e-02,2.753703703704444283e-01,3.274074074073666796e-01,3.714814814814832999e-01,4.501851851852388675e-01,4.166666666666833940e-01,3.172222222222610966e-01,3.029629629630000154e-01,2.803703703703333550e-01,3.637037037038333143e-01,3.470370370369443846e-01
0.000000000000000000e+00,0.000000000000000000e+00,0.000000000000000000e+00,0.000000000000000000e+00,0.000000000000000000e+00,0.000000000000000000e+00,0.000000000000000000e+00,0.000000000000000000e+00,0.000000000000000000e+00,0.000000000000000000e+00,0.000000000000000000e+00,0.000000000000000000e+00
4.014550264550000302e-01,4.921957671958334113e-01,5.395502645503890138e-01,7.242063492062222885e-01,8.054232804235553767e-01,7.739417989412777921e-01,6.767195767190555822e-01,6.285714285714999461e-01,5.966931216932775950e-01,5.796296296297220874e-01,7.095238095240000709e-01,7.554232804237775989e-01
3.874074074075000151e-01,5.661111111110553873e-01,6.746296296296111494e-01,7.427777777777778700e-01,7.824074074075556551e-01,7.512962962966109881e-01,6.516666666666667274e-01,5.662962962962779789e-01,5.338888888888333462e-01,6.712962962967222724e-01,7.846296296296667583e-01,8.329629629632224752e-01
1.237654320987027767e-01,2.013374485594888741e-01,3.352880658435666850e-01,4.731481481479444806e-01,6.822016460904999358e-01,6.519547325103888236e-01,5.312757201647779759e-01,4.827160493826110899e-01,4.556584362140000954e-01,4.565843621398889551e-01,4.872427983538889507e-01,4.891975308642777520e-01
1.615740740740166936e-01,2.960648148150000214e-01,3.611111111111111049e-01,4.321759259259443930e-01,5.974537037036667941e-01,5.796296296296666872e-01,5.696759259258887820e-01,5.218750000000554889e-01,4.400462962962777280e-01,4.193287037037222720e-01,4.715277777777222568e-01,4.212962962961667168e-01
4.534391534389999312e-01,5.834656084657834363e-01,6.332010582009055533e-01,6.961640211641111353e-01,8.640211640222220657e-01,7.914021164028333111e-01,6.994708994711665850e-01,5.777777777778332347e-01,5.162698412695555517e-01,4.791005291005000499e-01,5.202380952383331980e-01,4.189153439152222269e-01
5.242283950617667720e-01,7.341049382719443406e-01,8.720679012352778869e-01,8.856481481493332364e-01,9.288580246916110505e-01,9.324074074076111884e-01,8.483024691356666480e-01,8.074074074070555218e-01,6.833333333333333481e-01,5.972222222220888721e-01,5.950617283951111780e-01,4.595679012344444647e-01
1.171810699587500088e-01,2.467078189299666824e-01,5.148148148148333769e-01,6.882716049383889034e-01,6.770576131690000388e-01,6.047325102882221692e-01,5.707818930043333516e-01,5.157407407408889366e-01,4.450617283949445113e-01,3.740740740739222914e-01,4.351851851850555564e-01,4.831275720166667842e-01
5.470679012347166859e-02,1.402777777778166646e-01,2.617129629630944865e-01,3.582407407406666966e-01,3.768981481481110674e-01,3.218209876541833214e-01,2.580401234568332480e-01,2.253240740741111192e-01,1.730709876543500281e-01,1.325925925926888793e-01,1.295524691357777813e-01,1.501697530865222230e-01
3.313888888888889550e-01,5.132870370369999602e-01,5.724537037036667719e-01,5.996296296296667050e-01,6.576080246913335037e-01,6.512962962962220992e-01,6.016203703705441663e-01,6.112191358023888466e-01,6.128703703703888284e-01,5.990277777776665813e-01,7.105864197529445647e-01,7.078240740738890313e-01
7.770061728405000534e-02,2.446759259258610986e-01,3.837191358024001353e-01,4.287037037036388609e-01,5.686728395065554498e-01,5.293981481481943030e-01,3.787808641976222468e-01,2.691358024690332917e-01,2.374999999998388678e-01,2.175925925926111004e-01,2.910493827160778313e-01,4.814814814816666955e-01
2.497685185185722079e-01,4.180555555556499936e-01,5.175925925928889226e-01,5.497685185186500512e-01,5.849537037034999720e-01,6.546296296297778872e-01,6.064814814815167043e-01,5.118055555556110248e-01,6.085648148148888881e-01,7.266203703703334460e-01,7.606481481480555917e-01,8.300925925928889226e-01
5.733333333333333615e-01,7.351851851852221342e-01,4.751851851851111586e-01,4.524074074072778062e-01,6.827777777777387369e-01,7.538888888888888307e-01,7.003703703706111172e-01,5.633333333333889748e-01,5.337037037036111986e-01,4.566666666666872043e-01,4.301851851851666297e-01,3.342592592592999456e-01
5.921296296295001094e-01,7.731481481481112805e-01,6.439814814814444066e-01,4.928240740742222403e-01,7.509259259259445374e-01,8.298611111107221383e-01,7.407407407410555589e-01,6.594907407410000033e-01,5.673611111112406569e-01,5.513888888887944484e-01,5.104166666666112295e-01,3.770833333333149517e-01
9.833333333333889315e-02,3.237037037037055476e-01,5.812962962965000369e-01,6.322222222221112187e-01,6.470370370369999957e-01,6.983333333332777393e-01,6.287037037037221943e-01,6.168518518520554883e-01,6.337037037037775988e-01,5.211111111111278449e-01,5.383333333334445747e-01,5.609259259259999908e-01
2.021604938272833218e-01,4.964506172840556508e-01,7.762345679008333388e-01,8.115740740746112403e-01,7.833333333333889481e-01,7.657407407413333589e-01,6.904320987655000463e-01,7.120370370365555202e-01,7.445987654325555427e-01,7.587962962965554281e-01,7.813271604942776394e-01,7.384259259259998709e-01
3.462962962961666502e-01,5.878306878305000760e-01,8.082010582013889888e-01,9.096560846565557856e-01,9.021164021168890379e-01,1.000264550264110985e+00,9.650793650792223177e-01,1.038227513227499843e+00,1.128703703702833128e+00,1.147751322751277669e+00,1.145767195767666946e+00,1.113095238094666595e+00
1.748677248676666629e-01,3.697089947088888495e-01,5.421957671958890224e-01,6.250000000000555112e-01,6.440476190476112084e-01,6.392857142861112507e-01,6.164021164022223109e-01,5.988095238095555439e-01,6.866402116401666422e-01,7.898148148153333326e-01,8.488095238097778106e-01,8.212962962970000724e-01
3.071759259258166619e-01,6.181712962958333391e-01,8.600694444445555753e-01,9.414351851853890452e-01,1.003009259258944574e+00,8.796296296301666651e-01,8.531250000005555778e-01,8.612268518517222082e-01,7.581018518516666749e-01,7.562499999998332223e-01,9.704861111103887383e-01,1.002546296296277895e+00
1.794444444444055764e-01,4.340740740740388626e-01,5.233333333333333171e-01,5.392592592591667344e-01,5.649999999999999467e-01,4.940740740740000025e-01,4.501851851851667585e-01,4.350000000000555644e-01,3.090740740740000048e-01,2.657407407406833233e-01,3.685185185184611800e-01,4.281481481481111961e-01
4.577160493827221455e-01,7.077160493831110566e-01,6.620370370364999646e-01,7.493827160492776418e-01,6.672839506173888768e-01,6.820987654322221427e-01,7.327160493828333010e-01,8.188271604935000170e-01,9.876543209877222118e-01,9.160493827163332936e-01,9.521604938263332762e-01,9.898148148144445546e-01
3.370370370368889201e-01,4.351851851850111474e-01,3.818930041150556121e-01,4.733539094651110779e-01,5.139917695472221437e-01,5.147119341562776951e-01,5.493827160494999529e-01,5.982510288067777182e-01,6.138888888890554618e-01,7.175925925926111004e-01,6.941358024687221961e-01,7.271604938268887430e-01
3.342592592593333634e-01,8.255555555556112202e-01,9.705555555557224823e-01,1.018333333333333535e+00,8.681481481481668760e-01,8.487037037033889897e-01,7.907407407405000477e-01,7.433333333330555126e-01,6.849999999998889200e-01,6.907407407402222921e-01,7.462962962958888946e-01,6.137037037038888254e-01
2.262731481481333740e-01,3.582175925926666116e-01,4.656250000000000666e-01,5.504629629629445020e-01,5.592592592593335077e-01,5.659722222221111876e-01,4.679398148149444547e-01,3.688657407406667477e-01,0.000000000000000000e+00,0.000000000000000000e+00,2.082175925925738857e-01,3.789351851853888786e-01
1.837037037036277631e-01,5.120370370369444757e-01,7.353703703705554151e-01,8.974074074074445129e-01,8.761111111111108407e-01,8.953703703703889127e-01,8.294444444448334508e-01,6.550000000000000266e-01,6.696296296296109229e-01,7.505555555559442205e-01,8.257407407407775235e-01,7.681481481483334317e-01
0.000000000000000000e+00,1.843749999999610700e-01,6.156249999999444666e-01,9.177083333331665926e-01,8.983796296300555762e-01,7.168981481480556361e-01,4.898148148148332437e-01,1.388888888888333180e-03,0.000000000000000000e+00,0.000000000000000000e+00,0.000000000000000000e+00,6.747685185186113044e-01
4.561728395059944652e-01,6.271604938268888763e-01,7.148148148144444214e-01,7.351851851850000896e-01,9.586419753073334160e-01,9.126543209873889673e-01,8.040123456787220402e-01,7.660493827154445379e-01,7.253086419753889125e-01,9.197530864184998434e-01,1.103086419751222236e+00,9.734567901241112375e-01
3.783179012346111203e-01,5.702932098766111402e-01,8.234567901236111709e-01,9.012345679015000277e-01,8.580246913585555246e-01,8.081790123450943719e-01,8.748456790129445215e-01,9.793209876540002190e-01,8.718364197527779247e-01,8.259259259264445374e-01,8.265432098767946378e-01,7.977623456794443735e-01
1.150462962963322427e-01,2.753086419753294489e-01,6.270833333333333259e-01,7.618827160492221973e-01,8.217592592589999523e-01,7.560956790124445659e-01,6.693672839505000471e-01,6.316358024689443518e-01,5.412037037036667719e-01,4.279320987654278152e-01,4.320987654321666871e-01,4.790123456791666734e-01
7.849794238671944924e-02,2.687242798352777462e-01,5.126543209878333673e-01,6.037037037037777942e-01,6.388888888889998618e-01,5.689300411521666101e-01,5.538065843621500228e-01,5.051440329219999414e-01,5.017489711933331709e-01,4.556584362140111422e-01,4.932098765432222365e-01,4.784979423868888637e-01
1.449074074074666596e-01,2.347222222223000199e-01,4.828703703703889349e-01,5.989197530863332730e-01,6.529320987654443353e-01,6.175925925925001003e-01,5.606481481481666584e-01,4.805555555553334135e-01,5.421296296297222206e-01,4.518518518518333527e-01,6.288580246917222505e-01,6.572530864199445100e-01
1.828703703703888836e-02,4.652777777773889345e-02,1.583333333333333259e-01,2.224537037037222498e-01,2.324074074074499452e-01,1.689814814814833421e-01,1.280092592592944611e-01,0.000000000000000000e+00,0.000000000000000000e+00,0.000000000000000000e+00,1.648148148147944303e-01,2.650462962963333613e-01
3.722222222220000071e-02,1.939814814815222499e-01,4.237962962960944435e-01,5.592592592591110190e-01,6.906481481482944496e-01,7.123148148148332748e-01,7.068518518518333016e-01,6.961111111110555028e-01,5.492592592591667433e-01,4.212037037037779097e-01,4.425925925926499915e-01,3.572222222222222188e-01
8.055555555550002189e-02,1.520833333333722615e-01,2.944444444444610509e-01,4.104166666666499985e-01,5.063657407406834121e-01,5.159722222222777877e-01,3.687500000000000222e-01,0.000000000000000000e+00,0.000000000000000000e+00,0.000000000000000000e+00,5.648148148150000658e-02,1.995370370369128066e-01
2.290123456788944467e-01,2.944444444441944309e-01,5.188271604938332615e-01,5.972222222222778321e-01,5.101851851851111341e-01,4.575102880657777593e-01,4.444444444444999864e-01,4.760288065842777083e-01,7.038065843624999873e-01,8.360082304524443231e-01,8.890946502060000922e-01,8.867283950609442522e-01
1.532098765432038656e-01,5.630246913582221957e-01,8.076543209877776741e-01,7.395061728393333977e-01,7.133950617287222462e-01,6.497530864197778033e-01,5.435185185183165624e-01,5.572222222218332632e-01,4.282098765432944543e-01,3.135185185187389090e-01,3.380246913579833534e-01,3.963580246914944483e-01
1.483333333333166637e-01,5.564814814814444954e-01,9.148148148150000436e-01,9.970370370376667735e-01,9.292592592598334367e-01,8.642592592588332900e-01,7.029629629630556042e-01,6.625925925925721938e-01,6.374074074072222373e-01,6.370370370367778312e-01,6.614814814814443666e-01,6.155555555556666558e-01
1.798821548820500049e-01,3.219696969695555744e-01,4.011784511782222618e-01,4.675925925926112114e-01,4.723063973062777143e-01,4.530303030302277323e-01,4.322390572390277241e-01,4.712962962962999880e-01,5.058922558923334423e-01,6.010942760943888130e-01,7.191919191921112287e-01,8.539562289564445186e-01
0.000000000000000000e+00,0.000000000000000000e+00,0.000000000000000000e+00,0.000000000000000000e+00,0.000000000000000000e+00,0.000000000000000000e+00,0.000000000000000000e+00,0.000000000000000000e+00,0.000000000000000000e+00,0.000000000000000000e+00,0.000000000000000000e+00,0.000000000000000000e+00
1.295267489711721953e-01,1.894032921808805614e-01,2.972222222219833565e-01,3.680041152263333615e-01,4.280864197530001025e-01,4.524691358025554333e-01,4.359053497942222410e-01,4.416666666666666519e-01,5.088477366254444689e-01,7.559670781886027591e-01,9.707818930037777072e-01,1.138477366253555667e+00
1.058641975309333322e-01,2.316358024691388962e-01,4.739197530865055796e-01,6.308641975311002348e-01,6.927469135804442679e-01,6.643518518517779192e-01,4.777777777776111567e-01,2.160493827161111616e-03,0.000000000000000000e+00,1.003086419754722208e-02,7.967592592593333300e-01,1.005092592591833256e+00
1.217592592592222356e-01,2.331018518518166993e-01,4.900462962963332836e-01,7.347222222222776766e-01,7.822916666666110963e-01,7.133101851850001118e-01,6.465277777779444568e-01,6.766203703703888017e-01,7.263888888888889728e-01,8.791666666667777852e-01,1.004050925925555449e+00,9.636574074072777885e-01
4.444444444444444614e-02,1.097222222221944377e-01,1.215277777777427626e-01,2.067129629629666787e-01,1.599537037037460918e-01,1.722222222223000199e-01,1.592592592592555478e-01,1.326388888889239448e-01,1.159722222222055454e-01,9.560185185179444212e-02,1.122685185184833234e-01,1.333333333333499848e-01
1.953703703703778272e-01,3.145061728395611156e-01,4.404320987653888575e-01,4.486111111110555050e-01,4.516975308645000409e-01,3.760802469134444381e-01,3.342592592593889300e-01,3.472222222222111077e-01,3.404320987655555242e-01,3.268518518519444860e-01,2.688271604939611592e-01,2.544753086420332711e-01
2.436111111110389194e-01,3.034259259259055042e-01,2.976851851852221897e-01,3.618518518518333282e-01,3.873148148147611547e-01,3.897222222222611054e-01,3.810185185184999934e-01,3.782407407406112032e-01,3.707407407407778410e-01,3.630555555555555758e-01,4.081481481481111229e-01,3.786111111110722627e-01
1.906249999999388711e-01,3.164351851852038600e-01,4.594907407408332367e-01,6.037037037035556386e-01,6.306712962962777169e-01,7.021990740739999515e-01,5.592592592593889078e-01,5.127314814813332955e-01,4.656249999999444444e-01,4.866898148147778547e-01,6.199074074073332996e-01,5.561342592592222189e-01
1.913580246912222060e-02,7.716049382709999627e-02,2.342592592590555800e-01,2.533950617283583506e-01,2.385802469134222503e-01,2.237654320985444090e-01,2.666666666666749896e-01,2.555555555554500091e-01,2.410493827159833347e-01,1.574074074072916718e-01,2.765432098764666891e-01,4.694444444441110420e-01
2.671296296296500339e-01,3.973148148148333281e-01,5.053703703703888994e-01,6.098148148147779501e-01,6.533333333330555437e-01,6.417592592592220591e-01,5.841666666667222341e-01,5.745370370371111202e-01,6.078703703702222905e-01,6.573148148147223147e-01,7.681481481485000762e-01,7.583333333331665482e-01
3.461419753087221496e-01,4.862654320988166745e-01,6.844135802467776752e-01,6.986111111113334493e-01,7.095679012346112202e-01,6.972222222226110988e-01,6.733024691357775149e-01,6.333333333333334147e-01,5.990740740741110626e-01,6.683641975305554261e-01,7.641975308646666853e-01,7.628086419752222458e-01
2.398148148149443770e-01,3.831790123456666475e-01,4.389660493826666454e-01,4.590277777777777568e-01,4.727623456790556178e-01,4.853395061730000348e-01,5.150462962963333613e-01,4.723765432098333550e-01,4.003086419753333347e-01,4.896604938272222096e-01,5.948302469134999493e-01,7.393518518519999194e-01
2.569444444444277664e-01,5.175925925928112070e-01,7.763888888888332840e-01,7.777777777778349666e-01,9.782407407407222033e-01,9.314814814810943311e-01,7.995370370379999425e-01,6.754629629630000132e-01,5.999999999997943645e-01,6.393518518520000526e-01,8.523148148150000436e-01,1.061574074074277618e+00
1.229938271605722222e-01,2.328703703705611305e-01,5.379629629632778354e-01,6.895061728400555534e-01,9.177469135809442902e-01,8.381172839506666472e-01,6.989197530860555840e-01,5.959876543211667377e-01,3.800925925926055271e-01,2.200617283950444536e-01,1.922839506172266677e-01,1.983024691358333536e-01
5.482510288066667625e-01,8.002057613171111861e-01,8.832304526749443774e-01,8.255144032922778763e-01,7.724279835392223736e-01,7.732510288065554960e-01,7.653292181072220979e-01,7.982510288063889847e-01,6.688271604936667503e-01,5.699588477362222960e-01,7.393004115226111672e-01,8.343621399172223008e-01
1.839506172840833231e-01,3.469135802470333374e-01,5.884259259258333152e-01,6.811728395061666941e-01,6.824074074073889218e-01,6.709104938272223428e-01,6.415895061730556570e-01,5.603395061728888571e-01,5.182870370370555868e-01,5.307870370371111646e-01,5.505401234567776081e-01,5.220679012346111092e-01
2.129629629628538856e-01,3.169444444444777798e-01,4.249999999999832245e-01,4.750925925926665627e-01,4.985185185184443646e-01,4.441666666667222763e-01,4.003703703704445394e-01,4.439814814813889399e-01,4.077777777777222279e-01,3.727777777777777635e-01,5.075000000000555733e-01,5.555555555555555802e-01
2.488425925927777432e-03,5.671296296294443991e-03,1.261574074074444350e-02,2.343749999997777819e-02,4.305555555554999719e-02,5.434027777773333540e-02,5.532407407411667200e-02,6.348379629630000742e-02,7.077546296292221151e-02,7.575231481479055562e-02,8.964120370366500390e-02,1.033564814815555732e-01
1.275132275131055648e-01,2.220899470898055617e-01,3.742063492062333019e-01,5.600529100531111970e-01,5.849206349207833888e-01,5.107142857144499892e-01,4.660052910052777664e-01,4.550264550263611318e-01,3.564814814812056198e-01,3.714285714284444317e-01,4.379629629632221799e-01,4.640211640213331989e-01
1.519675925926666782e-01,2.239583333332999804e-01,3.555555555554444358e-01,4.511574074074444218e-01,5.504629629628888798e-01,5.728009259257221819e-01,5.818287037034443054e-01,5.104166666666665186e-01,4.652777777777779011e-01,5.207175925927223226e-01,7.133101851850554009e-01,6.969907407407778255e-01
1.662867996201166654e-01,4.047483380816110921e-01,5.269040835706665371e-01,6.114102564103888193e-01,6.614577397912222434e-01,6.236752136752777842e-01,6.032146248815000167e-01,5.688129154796667253e-01,5.771082621082777031e-01,5.977397910731111486e-01,6.312773029441667294e-01,6.327872744534445149e-01
6.870370370370000312e-01,7.618518518518333504e-01,6.816666666664998875e-01,5.737037037035001008e-01,8.662962962957222457e-01,9.205555555556110825e-01,9.142592592590556011e-01,8.174074074073331975e-01,8.218518518518888039e-01,9.281481481472222406e-01,9.225925925929444604e-01,8.970370370366668178e-01
3.211805555555555802e-01,3.747685185184443935e-01,4.162037037036667164e-01,5.401620370370554536e-01,6.505787037038333054e-01,7.149305555555000025e-01,7.407407407408335143e-01,6.378472222219999654e-01,6.793981481480000362e-01,9.040509259262221597e-01,9.899305555549999802e-01,9.817129629626111242e-01
2.689814814814833754e-01,5.643518518518333416e-01,6.016203703703332240e-01,7.076388888891665951e-01,7.428240740744445070e-01,7.768518518519444971e-01,8.152777777777776569e-01,8.803240740738889070e-01,6.969907407406666922e-01,4.972222222218500298e-01,3.798611111110722360e-01,1.974537037037405740e-01
1.078125000000000056e-01,2.286458333332500037e-01,3.255208333332499926e-01,2.489583333334999815e-01,3.020833333332499926e-01,2.968750000000000000e-01,3.359375000000000000e-01,2.770833333332500259e-01,2.932291666667500296e-01,1.729166666667499852e-01,5.260416666675000325e-02,5.520833333324999537e-02
1.546296296296111317e-01,2.018518518518166716e-01,4.175925925923333337e-01,7.041666666665000740e-01,6.393518518516849714e-01,5.810185185183517342e-01,5.078703703703681960e-01,5.638888888890555284e-01,5.263888888889278750e-01,6.606481481482389118e-01,7.143518518519998972e-01,6.907407407407221145e-01
2.359053497941944466e-01,3.425925925924999671e-01,4.417695473250862204e-01,5.732510288067221849e-01,5.484567901235000154e-01,5.329218106996334026e-01,4.380658436213333284e-01,2.188271604936389003e-01,1.807613168723499752e-01,2.015432098762722501e-01,3.143004115224500294e-01,3.724279835390000293e-01
1.341435185185555767e-01,2.478009259259610908e-01,2.866898148148332992e-01,3.674768518519443972e-01,4.418981481482221474e-01,3.548611111111111271e-01,2.679398148147833503e-01,2.626157407407777589e-01,2.260416666667238728e-01,2.899305555555000136e-01,4.140046296295555317e-01,4.851851851851665676e-01
4.525462962961332436e-02,1.531828703703722316e-01,3.818287037037777498e-01,4.923032407407222921e-01,4.314814814815555732e-01,4.106481481481834006e-01,3.872685185185556489e-01,3.749421296294999095e-01,3.931712962962777835e-01,5.274305555555556246e-01,6.836226851852779118e-01,7.241898148148334657e-01
1.513888888889000084e-01,2.219135802469711372e-01,4.361111111112777050e-01,4.740740740741111736e-01,4.566358024691667405e-01,4.586419753085000384e-01,4.345679012345222691e-01,3.918209876543999881e-01,3.248456790124111815e-01,3.223765432099083839e-01,5.378086419753667080e-01,8.367283950625833411e-01
1.551587301585111156e-01,2.912698412697777295e-01,4.363756613756110680e-01,4.613756613756110903e-01,4.703703703704444905e-01,5.026455026454721420e-01,4.085978835976666890e-01,3.571428571427333054e-01,3.452380952377222534e-01,4.269841269841083697e-01,6.292328042329444759e-01,7.473544973547778802e-01
1.661375661375611157e-01,2.186507936506499883e-01,2.884920634920000171e-01,3.440476190476110530e-01,3.874338624337221315e-01,3.690476190475222018e-01,3.013227513226944265e-01,2.543650793649000486e-01,2.197089947088916861e-01,2.101851851850055353e-01,2.162698412696944239e-01,3.006613756611666854e-01
2.009259259258888985e-01,2.842592592591499656e-01,3.410493827159611357e-01,4.456790123456721986e-01,5.308641975306112037e-01,4.296296296296056028e-01,1.839506172838833165e-01,0.000000000000000000e+00,0.000000000000000000e+00,0.000000000000000000e+00,1.268518518518889082e-01,1.626543209877222285e-01
1.013227513226222232e-01,2.480158730158333047e-01,4.056878306879444507e-01,5.263227513227777266e-01,5.205026455025555387e-01,5.365079365079998830e-01,4.402116402117222660e-01,4.236772486771666624e-01,3.380952380951778302e-01,3.051587301587500023e-01,3.850529100529221926e-01,3.720899470896000261e-01
9.886831275711664702e-02,1.600823045265722111e-01,2.696502057611110392e-01,3.567901234566666080e-01,3.666666666665389651e-01,3.963991769544999433e-01,3.590534979421666217e-01,2.893004115223999362e-01,2.277777777775666090e-01,1.837448559669666581e-01,1.888888888886944561e-01,1.452674897117833541e-01
2.143246187364166722e-01,3.470588235295000157e-01,4.641612200435000779e-01,5.423202614379443176e-01,5.836056644879444866e-01,6.189542483659999927e-01,5.856209150326111557e-01,5.697167755992778027e-01,4.983660130720000137e-01,4.797385620914444981e-01,4.979847494553332199e-01,4.586056644880554534e-01
1.296296296297777886e-02,3.941798941797777789e-02,1.062169312168472213e-01,1.701058201057777663e-01,1.533068783067555729e-01,1.755291005289777717e-01,1.530423280422888999e-01,1.718253968252694552e-01,2.137566137564833602e-01,2.378306878306889194e-01,2.992063492064027663e-01,3.170634920634111675e-01
1.048280423280027879e-01,3.269841269840889075e-01,5.410714285715001459e-01,5.656746031746111569e-01,5.472222222220555210e-01,5.296957671958333336e-01,5.187169312168888879e-01,5.150793650793890066e-01,5.475529100528888637e-01,5.417328042326665649e-01,6.000661375662222907e-01,5.644841269839999676e-01
2.430041152262082671e-01,3.741769547324944600e-01,5.193415637856666489e-01,5.391975308641666631e-01,5.309670781893333080e-01,5.437242798354443574e-01,4.903292181069444644e-01,4.850823045267221856e-01,4.377572016461667159e-01,3.907407407406110478e-01,4.123456790121666216e-01,3.436213991765888487e-01
3.368827160493778061e-01,4.325617283951556091e-01,5.087962962964444058e-01,6.108024691361499947e-01,6.878086419755553571e-01,7.478395061726109683e-01,6.916666666668334074e-01,6.564814814816112287e-01,6.030864197531667914e-01,6.216049382716110072e-01,7.243827160495555084e-01,5.658950617284999041e-01
4.436111111111666894e-01,7.450925925925555582e-01,7.837962962963890279e-01,7.700000000000000178e-01,8.307407407401667943e-01,8.924999999996665601e-01,8.563888888891112439e-01,8.089814814815000643e-01,6.768518518515553861e-01,6.203703703702222461e-01,5.673148148148334791e-01,4.958333333333332926e-01
3.969576719577276869e-01,7.689153439149998270e-01,9.134920634925555172e-01,9.982804232805556621e-01,1.038756613756666836e+00,9.966931216932777282e-01,8.814814814816110955e-01,8.722222222223334764e-01,7.718253968257222652e-01,7.731481481485555918e-01,6.821428571428334031e-01,5.566137566141110549e-01
4.228395061726666904e-01,6.777777777779443458e-01,6.467078189302222224e-01,6.631687242800000659e-01,7.316872427986667038e-01,7.668724279836111046e-01,7.379629629630555243e-01,7.179012345682778129e-01,6.548353909466666511e-01,5.147119341562778061e-01,5.704732510285555058e-01,4.947530864196665878e-01
8.724279835376665126e-02,1.625514403290611309e-01,2.157407407405166622e-01,1.823045267487721777e-01,1.985596707817111062e-01,2.115226337446221849e-01,2.047325102878944647e-01,2.448559670781166597e-01,2.502057613166278061e-01,2.529835390945389118e-01,3.388888888886944506e-01,4.006172839504444361e-01
1.368312757200638996e-01,2.650205761315666542e-01,3.284979423867777637e-01,3.539094650203333803e-01,4.695473251027776906e-01,4.831275720165000842e-01,3.971193415636111168e-01,3.411522633743111488e-01,3.970164609051666238e-01,4.175925925925944027e-01,5.309670781895389213e-01,5.590534979424445217e-01
0.000000000000000000e+00,2.692129629629278487e-01,7.807870370373888314e-01,8.342592592592779077e-01,8.726851851846111341e-01,7.537037037037221943e-01,6.166666666666109631e-01,0.000000000000000000e+00,0.000000000000000000e+00,0.000000000000000000e+00,3.196759259259222552e-01,8.377314814816112509e-01
3.993055555555555802e-01,5.159722222222222765e-01,5.939814814814443622e-01,6.766203703704999350e-01,7.513888888887222395e-01,6.908564814814444066e-01,5.173611111111666716e-01,0.000000000000000000e+00,0.000000000000000000e+00,0.000000000000000000e+00,0.000000000000000000e+00,3.923611111111277583e-01
6.635802469135000659e-02,1.527777777776944401e-01,3.089506172838721865e-01,4.820987654319888738e-01,7.006172839509110517e-01,7.891975308637776410e-01,7.354938271601666466e-01,6.614197530869333486e-01,6.018518518520554750e-01,5.126543209876166518e-01,4.966049382712777738e-01,4.891975308641972053e-01
3.240740740739444375e-02,6.234567901227777015e-02,1.280864197529611170e-01,3.141975308641388742e-01,4.317901234567333990e-01,4.824074074071111884e-01,3.867283950614333055e-01,3.472222222218887544e-01,2.317901234566666913e-01,1.805555555554333447e-01,1.922839506172389079e-01,1.604938271603889022e-01
0.000000000000000000e+00,0.000000000000000000e+00,2.726851851852055697e-01,5.152777777776668122e-01,7.049768518515556748e-01,8.271990740738889292e-01,8.350694444448333309e-01,6.667824074077778329e-01,5.437500000000555778e-01,4.216435185184999601e-01,4.785879629629999910e-01,4.673611111111111160e-01
4.784511784512222032e-01,8.489057239059999427e-01,1.018013468015833256e+00,9.584175084178334636e-01,9.301346801353331806e-01,9.362794612800000582e-01,8.465488215491666635e-01,8.085016835021665571e-01,5.951178451178331663e-01,4.628787878786665977e-01,4.702020202021110484e-01,5.184343434343331447e-01
1.776455026452611330e-01,3.822751322750056469e-01,7.089947089941390779e-01,8.411375661375001256e-01,8.252645502649443854e-01,7.337301587301667816e-01,7.109788359787777567e-01,7.112433862438888310e-01,6.656084656086111995e-01,6.982804232804443734e-01,6.862433862432221199e-01,6.113756613755000346e-01
2.689814814814944222e-01,4.884259259260249619e-01,8.623456790117223214e-01,9.459876543216666489e-01,1.026697530865055663e+00,9.651234567905555561e-01,9.081790123457778030e-01,8.268518518519445415e-01,7.209876543206110711e-01,7.807098765426109255e-01,6.759259259256666930e-01,6.635802469133889048e-01
3.395061728393888312e-01,5.520576131687222610e-01,6.703703703706110906e-01,7.574074074072777440e-01,7.906378600823332770e-01,7.904320987655001352e-01,7.466049382719446292e-01,6.432098765431667475e-01,6.195473251028333905e-01,7.138888888890000395e-01,8.599794238676109481e-01,8.906378600821669433e-01
0.000000000000000000e+00,3.733333333333722082e-01,6.031481481481668627e-01,6.577777777775000168e-01,6.788888888894444307e-01,7.724074074071112239e-01,7.487037037037778120e-01,6.599999999998555911e-01,4.787037037037222831e-01,3.590740740740167580e-01,5.177777777778889146e-01,4.357407407407943301e-01
2.111111111111333427e-01,3.225925925926277915e-01,3.590740740741277248e-01,3.412962962962777791e-01,3.633333333333334525e-01,3.788888888888500284e-01,4.337037037037054787e-01,4.390740740741111980e-01,3.611111111110555383e-01,3.564814814814261101e-01,3.611111111111833250e-01,2.785185185186110357e-01
3.244444444444056219e-01,4.955555555557776826e-01,6.203703703701666239e-01,5.868518518520554617e-01,5.177777777777221591e-01,5.081481481482222895e-01,3.535185185184999690e-01,0.000000000000000000e+00,0.000000000000000000e+00,0.000000000000000000e+00,2.537037037037555565e-01,3.533333333334444104e-01
7.261208577003777642e-02,1.457602339181999773e-01,2.397660818713350794e-01,4.010233918128333630e-01,4.719298245614333975e-01,5.125243664717610281e-01,5.368908382065554763e-01,3.902534113060555088e-01,2.337719298245444777e-01,1.127680311890476156e-01,1.088206627680144423e-01,1.634990253409833449e-01
2.141975308642416476e-01,3.033950617284721929e-01,4.194444444444500597e-01,5.506172839504444028e-01,6.833333333332222148e-01,7.450617283953333558e-01,6.947530864197221101e-01,5.077160493827389542e-01,2.873456790122956295e-01,3.138888888889443951e-01,2.901234567901277983e-01,4.040123456790556400e-01
1.324074074074389207e-01,3.308641975308472261e-01,6.016975308642221743e-01,7.046296296296667983e-01,6.072530864196111766e-01,5.410493827161111380e-01,5.435185185187222379e-01,4.986111111111944938e-01,2.887345679012889299e-01,2.223765432099999717e-01,2.796296296296111872e-01,3.273148148148166681e-01
